jest-haste-map: Haste module naming collision: hooshyaros
  The following files share their name; please adjust your hasteImpl:
    * <rootDir>\package.json
    * <rootDir>\dist\productization\windows\payload\package.json

node : PASS Backend/HBOS/test/PredictionInterval.07-D.B.test.ts (17.569 s)
At line:4 char:1
+ node ./node_modules/jest/bin/jest.js 2>&1 | Out-File -Encoding utf8 " ...
+ ~~~~~~~~~~~~~~~~~~~~~~~~~~~~~~~~~~~~~~~~~
    + CategoryInfo          : NotSpecified: (PASS Backend/HB...t.ts (17.569 s):String) [], RemoteException
    + FullyQualifiedErrorId : NativeCommandError
 
PASS Backend/HBOS/test/IntelligenceEngine.06-E.test.ts (26.779 s)
  ● Console

    console.log
      Decision Engine Ready.

      at DecisionEngine.initialize (Backend/HBOS/Decision/DecisionEngine.ts:139:17)

    console.log
      Decision Engine Ready.

      at DecisionEngine.initialize (Backend/HBOS/Decision/DecisionEngine.ts:139:17)

    console.log
      Decision Engine Ready.

      at DecisionEngine.initialize (Backend/HBOS/Decision/DecisionEngine.ts:139:17)

    console.log
      Decision Engine Ready.

      at DecisionEngine.initialize (Backend/HBOS/Decision/DecisionEngine.ts:139:17)

PASS Backend/HBOS/test/Phase05C-D4.test.ts (46.399 s)
PASS Backend/HBOS/test/TemporalData.07-A.test.ts
PASS Backend/HBOS/test/Calibration.07-D.C.test.ts
PASS Backend/HBOS/test/GovernanceEngine.06-F.test.ts
  ● Console

    console.log
      Governance Engine Started

      at GovernanceEngine.initialize (Backend/HBOS/Engines/GovernanceEngine.ts:140:17)

    console.log
      Governance Engine Started

      at GovernanceEngine.initialize (Backend/HBOS/Engines/GovernanceEngine.ts:140:17)

    console.log
      Governance Engine Started

      at GovernanceEngine.initialize (Backend/HBOS/Engines/GovernanceEngine.ts:140:17)

    console.log
      Governance Engine Started

      at GovernanceEngine.initialize (Backend/HBOS/Engines/GovernanceEngine.ts:140:17)

    console.log
      Governance Engine Started

      at GovernanceEngine.initialize (Backend/HBOS/Engines/GovernanceEngine.ts:140:17)

    console.log
      Governance Engine Started

      at GovernanceEngine.initialize (Backend/HBOS/Engines/GovernanceEngine.ts:140:17)

    console.log
      Governance Engine Started

      at GovernanceEngine.initialize (Backend/HBOS/Engines/GovernanceEngine.ts:140:17)

    console.log
      Governance Engine Started

      at GovernanceEngine.initialize (Backend/HBOS/Engines/GovernanceEngine.ts:140:17)

    console.log
      Governance Engine Started

      at GovernanceEngine.initialize (Backend/HBOS/Engines/GovernanceEngine.ts:140:17)

    console.log
      Governance Engine Started

      at GovernanceEngine.initialize (Backend/HBOS/Engines/GovernanceEngine.ts:140:17)

    console.log
      Governance Engine Started

      at GovernanceEngine.initialize (Backend/HBOS/Engines/GovernanceEngine.ts:140:17)

    console.log
      Governance Engine Started

      at GovernanceEngine.initialize (Backend/HBOS/Engines/GovernanceEngine.ts:140:17)

    console.log
      Governance Engine Started

      at GovernanceEngine.initialize (Backend/HBOS/Engines/GovernanceEngine.ts:140:17)

    console.log
      Governance Engine Started

      at GovernanceEngine.initialize (Backend/HBOS/Engines/GovernanceEngine.ts:140:17)

    console.log
      Governance Engine Started

      at GovernanceEngine.initialize (Backend/HBOS/Engines/GovernanceEngine.ts:140:17)

    console.log
      Governance Engine Started

      at GovernanceEngine.initialize (Backend/HBOS/Engines/GovernanceEngine.ts:140:17)

    console.log
      Governance Engine Started

      at GovernanceEngine.initialize (Backend/HBOS/Engines/GovernanceEngine.ts:140:17)

    console.log
      Governance Engine Started

      at GovernanceEngine.initialize (Backend/HBOS/Engines/GovernanceEngine.ts:140:17)

    console.log
      Governance Engine Started

      at GovernanceEngine.initialize (Backend/HBOS/Engines/GovernanceEngine.ts:140:17)

    console.log
      Governance Engine Started

      at GovernanceEngine.initialize (Backend/HBOS/Engines/GovernanceEngine.ts:140:17)

    console.log
      Governance Engine Started

      at GovernanceEngine.initialize (Backend/HBOS/Engines/GovernanceEngine.ts:140:17)

    console.log
      Governance Engine Started

      at GovernanceEngine.initialize (Backend/HBOS/Engines/GovernanceEngine.ts:140:17)

    console.log
      Governance Engine Started

      at GovernanceEngine.initialize (Backend/HBOS/Engines/GovernanceEngine.ts:140:17)

    console.log
      Governance Engine Started

      at GovernanceEngine.initialize (Backend/HBOS/Engines/GovernanceEngine.ts:140:17)

    console.log
      Governance Engine Started

      at GovernanceEngine.initialize (Backend/HBOS/Engines/GovernanceEngine.ts:140:17)

    console.log
      Governance Engine Started

      at GovernanceEngine.initialize (Backend/HBOS/Engines/GovernanceEngine.ts:140:17)

    console.log
      Governance Engine Started

      at GovernanceEngine.initialize (Backend/HBOS/Engines/GovernanceEngine.ts:140:17)

    console.log
      Governance Engine Started

      at GovernanceEngine.initialize (Backend/HBOS/Engines/GovernanceEngine.ts:140:17)

PASS Backend/HBOS/test/Baselines.07-B.test.ts
PASS Backend/HBOS/test/Forecasting.07-C.A.test.ts
PASS Backend/HBOS/test/Phase05B.test.ts
PASS Backend/HBOS/test/DecisionEngine.06-D.test.ts
  ● Console

    console.log
      Decision Engine Ready.

      at DecisionEngine.initialize (Backend/HBOS/Decision/DecisionEngine.ts:139:17)

    console.log
      Decision Engine Ready.

      at DecisionEngine.initialize (Backend/HBOS/Decision/DecisionEngine.ts:139:17)

    console.log
      Decision Engine Ready.

      at DecisionEngine.initialize (Backend/HBOS/Decision/DecisionEngine.ts:139:17)

    console.log
      Decision Engine Ready.

      at DecisionEngine.initialize (Backend/HBOS/Decision/DecisionEngine.ts:139:17)

    console.log
      Decision Engine Ready.

      at DecisionEngine.initialize (Backend/HBOS/Decision/DecisionEngine.ts:139:17)

    console.log
      Decision Engine Ready.

      at DecisionEngine.initialize (Backend/HBOS/Decision/DecisionEngine.ts:139:17)

    console.log
      Decision Engine Ready.

      at DecisionEngine.initialize (Backend/HBOS/Decision/DecisionEngine.ts:139:17)

    console.log
      Decision Engine Ready.

      at DecisionEngine.initialize (Backend/HBOS/Decision/DecisionEngine.ts:139:17)

    console.log
      Decision Engine Ready.

      at DecisionEngine.initialize (Backend/HBOS/Decision/DecisionEngine.ts:139:17)

    console.log
      Decision Engine Ready.

      at DecisionEngine.initialize (Backend/HBOS/Decision/DecisionEngine.ts:139:17)

    console.log
      Decision Engine Ready.

      at DecisionEngine.initialize (Backend/HBOS/Decision/DecisionEngine.ts:139:17)

    console.log
      Decision Engine Ready.

      at DecisionEngine.initialize (Backend/HBOS/Decision/DecisionEngine.ts:139:17)

    console.log
      Decision Engine Ready.

      at DecisionEngine.initialize (Backend/HBOS/Decision/DecisionEngine.ts:139:17)

    console.log
      Decision Engine Ready.

      at DecisionEngine.initialize (Backend/HBOS/Decision/DecisionEngine.ts:139:17)

    console.log
      Decision Engine Ready.

      at DecisionEngine.initialize (Backend/HBOS/Decision/DecisionEngine.ts:139:17)

    console.log
      Decision Engine Ready.

      at DecisionEngine.initialize (Backend/HBOS/Decision/DecisionEngine.ts:139:17)

    console.log
      Decision Engine Ready.

      at DecisionEngine.initialize (Backend/HBOS/Decision/DecisionEngine.ts:139:17)

    console.log
      Decision Engine Ready.

      at DecisionEngine.initialize (Backend/HBOS/Decision/DecisionEngine.ts:139:17)

    console.log
      Decision Engine Ready.

      at DecisionEngine.initialize (Backend/HBOS/Decision/DecisionEngine.ts:139:17)

    console.log
      Decision Engine Ready.

      at DecisionEngine.initialize (Backend/HBOS/Decision/DecisionEngine.ts:139:17)

    console.log
      Decision Engine Ready.

      at DecisionEngine.initialize (Backend/HBOS/Decision/DecisionEngine.ts:139:17)

    console.log
      Decision Engine Ready.

      at DecisionEngine.initialize (Backend/HBOS/Decision/DecisionEngine.ts:139:17)

    console.log
      Decision Engine Ready.

      at DecisionEngine.initialize (Backend/HBOS/Decision/DecisionEngine.ts:139:17)

PASS Backend/HBOS/test/Phase05C-D2.test.ts
PASS Backend/HBOS/test/ExecutiveIntelligenceEngine.phase-11-1.4.test.ts
  ● Console

    console.log
      Memory Engine Started

      at MemoryEngine.initialize (Backend/HBOS/Engines/MemoryEngine.ts:22:17)

    console.log
      Memory Engine Started

      at MemoryEngine.initialize (Backend/HBOS/Engines/MemoryEngine.ts:22:17)

    console.log
      Knowledge Engine Started

      at KnowledgeEngine.initialize (Backend/HBOS/Engines/KnowledgeEngine.ts:22:17)

    console.log
      Project Pilot Engine Started

      at ProjectPilotEngine.initialize (Backend/HBOS/Engines/ProjectPilotEngine.ts:41:17)

    console.log
      ReasoningEngine Started

      at ReasoningEngine.initialize (Backend/HBOS/Engines/ReasoningEngine.ts:110:17)

    console.log
      OrganizationalIntelligenceEngine Started

      at OrganizationalIntelligenceEngine.initialize (Backend/HBOS/Engines/OrganizationalIntelligenceEngine.ts:132:17)

    console.log
      Governance Engine Started

      at GovernanceEngine.initialize (Backend/HBOS/Engines/GovernanceEngine.ts:140:17)

    console.log
      ExecutiveIntelligenceEngine Started

      at ExecutiveIntelligenceEngine.initialize (Backend/HBOS/Engines/ExecutiveIntelligenceEngine.ts:152:17)

    console.log
      Memory Engine Started

      at MemoryEngine.initialize (Backend/HBOS/Engines/MemoryEngine.ts:22:17)

    console.log
      Memory Engine Started

      at MemoryEngine.initialize (Backend/HBOS/Engines/MemoryEngine.ts:22:17)

    console.log
      Knowledge Engine Started

      at KnowledgeEngine.initialize (Backend/HBOS/Engines/KnowledgeEngine.ts:22:17)

    console.log
      Project Pilot Engine Started

      at ProjectPilotEngine.initialize (Backend/HBOS/Engines/ProjectPilotEngine.ts:41:17)

    console.log
      ReasoningEngine Started

      at ReasoningEngine.initialize (Backend/HBOS/Engines/ReasoningEngine.ts:110:17)

    console.log
      OrganizationalIntelligenceEngine Started

      at OrganizationalIntelligenceEngine.initialize (Backend/HBOS/Engines/OrganizationalIntelligenceEngine.ts:132:17)

    console.log
      Governance Engine Started

      at GovernanceEngine.initialize (Backend/HBOS/Engines/GovernanceEngine.ts:140:17)

    console.log
      ExecutiveIntelligenceEngine Started

      at ExecutiveIntelligenceEngine.initialize (Backend/HBOS/Engines/ExecutiveIntelligenceEngine.ts:152:17)

    console.log
      Memory Engine Started

      at MemoryEngine.initialize (Backend/HBOS/Engines/MemoryEngine.ts:22:17)

    console.log
      Memory Engine Started

      at MemoryEngine.initialize (Backend/HBOS/Engines/MemoryEngine.ts:22:17)

    console.log
      Knowledge Engine Started

      at KnowledgeEngine.initialize (Backend/HBOS/Engines/KnowledgeEngine.ts:22:17)

    console.log
      Project Pilot Engine Started

      at ProjectPilotEngine.initialize (Backend/HBOS/Engines/ProjectPilotEngine.ts:41:17)

    console.log
      ReasoningEngine Started

      at ReasoningEngine.initialize (Backend/HBOS/Engines/ReasoningEngine.ts:110:17)

    console.log
      OrganizationalIntelligenceEngine Started

      at OrganizationalIntelligenceEngine.initialize (Backend/HBOS/Engines/OrganizationalIntelligenceEngine.ts:132:17)

    console.log
      Governance Engine Started

      at GovernanceEngine.initialize (Backend/HBOS/Engines/GovernanceEngine.ts:140:17)

    console.log
      ExecutiveIntelligenceEngine Started

      at ExecutiveIntelligenceEngine.initialize (Backend/HBOS/Engines/ExecutiveIntelligenceEngine.ts:152:17)

    console.log
      Memory Engine Started

      at MemoryEngine.initialize (Backend/HBOS/Engines/MemoryEngine.ts:22:17)

    console.log
      Memory Engine Started

      at MemoryEngine.initialize (Backend/HBOS/Engines/MemoryEngine.ts:22:17)

    console.log
      Knowledge Engine Started

      at KnowledgeEngine.initialize (Backend/HBOS/Engines/KnowledgeEngine.ts:22:17)

    console.log
      Project Pilot Engine Started

      at ProjectPilotEngine.initialize (Backend/HBOS/Engines/ProjectPilotEngine.ts:41:17)

    console.log
      ReasoningEngine Started

      at ReasoningEngine.initialize (Backend/HBOS/Engines/ReasoningEngine.ts:110:17)

    console.log
      OrganizationalIntelligenceEngine Started

      at OrganizationalIntelligenceEngine.initialize (Backend/HBOS/Engines/OrganizationalIntelligenceEngine.ts:132:17)

    console.log
      Governance Engine Started

      at GovernanceEngine.initialize (Backend/HBOS/Engines/GovernanceEngine.ts:140:17)

    console.log
      ExecutiveIntelligenceEngine Started

      at ExecutiveIntelligenceEngine.initialize (Backend/HBOS/Engines/ExecutiveIntelligenceEngine.ts:152:17)

    console.log
      Memory Engine Started

      at MemoryEngine.initialize (Backend/HBOS/Engines/MemoryEngine.ts:22:17)

    console.log
      Memory Engine Started

      at MemoryEngine.initialize (Backend/HBOS/Engines/MemoryEngine.ts:22:17)

    console.log
      Knowledge Engine Started

      at KnowledgeEngine.initialize (Backend/HBOS/Engines/KnowledgeEngine.ts:22:17)

    console.log
      Project Pilot Engine Started

      at ProjectPilotEngine.initialize (Backend/HBOS/Engines/ProjectPilotEngine.ts:41:17)

    console.log
      ReasoningEngine Started

      at ReasoningEngine.initialize (Backend/HBOS/Engines/ReasoningEngine.ts:110:17)

    console.log
      OrganizationalIntelligenceEngine Started

      at OrganizationalIntelligenceEngine.initialize (Backend/HBOS/Engines/OrganizationalIntelligenceEngine.ts:132:17)

    console.log
      Governance Engine Started

      at GovernanceEngine.initialize (Backend/HBOS/Engines/GovernanceEngine.ts:140:17)

    console.log
      ExecutiveIntelligenceEngine Started

      at ExecutiveIntelligenceEngine.initialize (Backend/HBOS/Engines/ExecutiveIntelligenceEngine.ts:152:17)

    console.log
      Memory Engine Started

      at MemoryEngine.initialize (Backend/HBOS/Engines/MemoryEngine.ts:22:17)

    console.log
      Memory Engine Started

      at MemoryEngine.initialize (Backend/HBOS/Engines/MemoryEngine.ts:22:17)

    console.log
      Knowledge Engine Started

      at KnowledgeEngine.initialize (Backend/HBOS/Engines/KnowledgeEngine.ts:22:17)

    console.log
      Project Pilot Engine Started

      at ProjectPilotEngine.initialize (Backend/HBOS/Engines/ProjectPilotEngine.ts:41:17)

    console.log
      ReasoningEngine Started

      at ReasoningEngine.initialize (Backend/HBOS/Engines/ReasoningEngine.ts:110:17)

    console.log
      OrganizationalIntelligenceEngine Started

      at OrganizationalIntelligenceEngine.initialize (Backend/HBOS/Engines/OrganizationalIntelligenceEngine.ts:132:17)

    console.log
      Governance Engine Started

      at GovernanceEngine.initialize (Backend/HBOS/Engines/GovernanceEngine.ts:140:17)

    console.log
      ExecutiveIntelligenceEngine Started

      at ExecutiveIntelligenceEngine.initialize (Backend/HBOS/Engines/ExecutiveIntelligenceEngine.ts:152:17)

    console.log
      Memory Engine Started

      at MemoryEngine.initialize (Backend/HBOS/Engines/MemoryEngine.ts:22:17)

    console.log
      Memory Engine Started

      at MemoryEngine.initialize (Backend/HBOS/Engines/MemoryEngine.ts:22:17)

    console.log
      Knowledge Engine Started

      at KnowledgeEngine.initialize (Backend/HBOS/Engines/KnowledgeEngine.ts:22:17)

    console.log
      Project Pilot Engine Started

      at ProjectPilotEngine.initialize (Backend/HBOS/Engines/ProjectPilotEngine.ts:41:17)

    console.log
      ReasoningEngine Started

      at ReasoningEngine.initialize (Backend/HBOS/Engines/ReasoningEngine.ts:110:17)

    console.log
      OrganizationalIntelligenceEngine Started

      at OrganizationalIntelligenceEngine.initialize (Backend/HBOS/Engines/OrganizationalIntelligenceEngine.ts:132:17)

    console.log
      Governance Engine Started

      at GovernanceEngine.initialize (Backend/HBOS/Engines/GovernanceEngine.ts:140:17)

    console.log
      ExecutiveIntelligenceEngine Started

      at ExecutiveIntelligenceEngine.initialize (Backend/HBOS/Engines/ExecutiveIntelligenceEngine.ts:152:17)

    console.log
      Memory Engine Started

      at MemoryEngine.initialize (Backend/HBOS/Engines/MemoryEngine.ts:22:17)

    console.log
      Memory Engine Started

      at MemoryEngine.initialize (Backend/HBOS/Engines/MemoryEngine.ts:22:17)

    console.log
      Knowledge Engine Started

      at KnowledgeEngine.initialize (Backend/HBOS/Engines/KnowledgeEngine.ts:22:17)

    console.log
      Project Pilot Engine Started

      at ProjectPilotEngine.initialize (Backend/HBOS/Engines/ProjectPilotEngine.ts:41:17)

    console.log
      ReasoningEngine Started

      at ReasoningEngine.initialize (Backend/HBOS/Engines/ReasoningEngine.ts:110:17)

    console.log
      OrganizationalIntelligenceEngine Started

      at OrganizationalIntelligenceEngine.initialize (Backend/HBOS/Engines/OrganizationalIntelligenceEngine.ts:132:17)

    console.log
      Governance Engine Started

      at GovernanceEngine.initialize (Backend/HBOS/Engines/GovernanceEngine.ts:140:17)

    console.log
      ExecutiveIntelligenceEngine Started

      at ExecutiveIntelligenceEngine.initialize (Backend/HBOS/Engines/ExecutiveIntelligenceEngine.ts:152:17)

    console.log
      Memory Engine Started

      at MemoryEngine.initialize (Backend/HBOS/Engines/MemoryEngine.ts:22:17)

    console.log
      Memory Engine Started

      at MemoryEngine.initialize (Backend/HBOS/Engines/MemoryEngine.ts:22:17)

    console.log
      Knowledge Engine Started

      at KnowledgeEngine.initialize (Backend/HBOS/Engines/KnowledgeEngine.ts:22:17)

    console.log
      Project Pilot Engine Started

      at ProjectPilotEngine.initialize (Backend/HBOS/Engines/ProjectPilotEngine.ts:41:17)

    console.log
      ReasoningEngine Started

      at ReasoningEngine.initialize (Backend/HBOS/Engines/ReasoningEngine.ts:110:17)

    console.log
      OrganizationalIntelligenceEngine Started

      at OrganizationalIntelligenceEngine.initialize (Backend/HBOS/Engines/OrganizationalIntelligenceEngine.ts:132:17)

    console.log
      Governance Engine Started

      at GovernanceEngine.initialize (Backend/HBOS/Engines/GovernanceEngine.ts:140:17)

    console.log
      ExecutiveIntelligenceEngine Started

      at ExecutiveIntelligenceEngine.initialize (Backend/HBOS/Engines/ExecutiveIntelligenceEngine.ts:152:17)

    console.log
      Memory Engine Started

      at MemoryEngine.initialize (Backend/HBOS/Engines/MemoryEngine.ts:22:17)

    console.log
      Memory Engine Started

      at MemoryEngine.initialize (Backend/HBOS/Engines/MemoryEngine.ts:22:17)

    console.log
      Knowledge Engine Started

      at KnowledgeEngine.initialize (Backend/HBOS/Engines/KnowledgeEngine.ts:22:17)

    console.log
      Project Pilot Engine Started

      at ProjectPilotEngine.initialize (Backend/HBOS/Engines/ProjectPilotEngine.ts:41:17)

    console.log
      ReasoningEngine Started

      at ReasoningEngine.initialize (Backend/HBOS/Engines/ReasoningEngine.ts:110:17)

    console.log
      OrganizationalIntelligenceEngine Started

      at OrganizationalIntelligenceEngine.initialize (Backend/HBOS/Engines/OrganizationalIntelligenceEngine.ts:132:17)

    console.log
      Governance Engine Started

      at GovernanceEngine.initialize (Backend/HBOS/Engines/GovernanceEngine.ts:140:17)

    console.log
      ExecutiveIntelligenceEngine Started

      at ExecutiveIntelligenceEngine.initialize (Backend/HBOS/Engines/ExecutiveIntelligenceEngine.ts:152:17)

    console.log
      Memory Engine Started

      at MemoryEngine.initialize (Backend/HBOS/Engines/MemoryEngine.ts:22:17)

    console.log
      Memory Engine Started

      at MemoryEngine.initialize (Backend/HBOS/Engines/MemoryEngine.ts:22:17)

    console.log
      Knowledge Engine Started

      at KnowledgeEngine.initialize (Backend/HBOS/Engines/KnowledgeEngine.ts:22:17)

    console.log
      Project Pilot Engine Started

      at ProjectPilotEngine.initialize (Backend/HBOS/Engines/ProjectPilotEngine.ts:41:17)

    console.log
      ReasoningEngine Started

      at ReasoningEngine.initialize (Backend/HBOS/Engines/ReasoningEngine.ts:110:17)

    console.log
      OrganizationalIntelligenceEngine Started

      at OrganizationalIntelligenceEngine.initialize (Backend/HBOS/Engines/OrganizationalIntelligenceEngine.ts:132:17)

    console.log
      Governance Engine Started

      at GovernanceEngine.initialize (Backend/HBOS/Engines/GovernanceEngine.ts:140:17)

    console.log
      ExecutiveIntelligenceEngine Started

      at ExecutiveIntelligenceEngine.initialize (Backend/HBOS/Engines/ExecutiveIntelligenceEngine.ts:152:17)

    console.log
      Memory Engine Started

      at MemoryEngine.initialize (Backend/HBOS/Engines/MemoryEngine.ts:22:17)

    console.log
      Memory Engine Started

      at MemoryEngine.initialize (Backend/HBOS/Engines/MemoryEngine.ts:22:17)

    console.log
      Knowledge Engine Started

      at KnowledgeEngine.initialize (Backend/HBOS/Engines/KnowledgeEngine.ts:22:17)

    console.log
      Project Pilot Engine Started

      at ProjectPilotEngine.initialize (Backend/HBOS/Engines/ProjectPilotEngine.ts:41:17)

    console.log
      ReasoningEngine Started

      at ReasoningEngine.initialize (Backend/HBOS/Engines/ReasoningEngine.ts:110:17)

    console.log
      OrganizationalIntelligenceEngine Started

      at OrganizationalIntelligenceEngine.initialize (Backend/HBOS/Engines/OrganizationalIntelligenceEngine.ts:132:17)

    console.log
      Governance Engine Started

      at GovernanceEngine.initialize (Backend/HBOS/Engines/GovernanceEngine.ts:140:17)

    console.log
      ExecutiveIntelligenceEngine Started

      at ExecutiveIntelligenceEngine.initialize (Backend/HBOS/Engines/ExecutiveIntelligenceEngine.ts:152:17)

    console.log
      Memory Engine Started

      at MemoryEngine.initialize (Backend/HBOS/Engines/MemoryEngine.ts:22:17)

    console.log
      Memory Engine Started

      at MemoryEngine.initialize (Backend/HBOS/Engines/MemoryEngine.ts:22:17)

    console.log
      Knowledge Engine Started

      at KnowledgeEngine.initialize (Backend/HBOS/Engines/KnowledgeEngine.ts:22:17)

    console.log
      Project Pilot Engine Started

      at ProjectPilotEngine.initialize (Backend/HBOS/Engines/ProjectPilotEngine.ts:41:17)

    console.log
      ReasoningEngine Started

      at ReasoningEngine.initialize (Backend/HBOS/Engines/ReasoningEngine.ts:110:17)

    console.log
      OrganizationalIntelligenceEngine Started

      at OrganizationalIntelligenceEngine.initialize (Backend/HBOS/Engines/OrganizationalIntelligenceEngine.ts:132:17)

    console.log
      Governance Engine Started

      at GovernanceEngine.initialize (Backend/HBOS/Engines/GovernanceEngine.ts:140:17)

    console.log
      ExecutiveIntelligenceEngine Started

      at ExecutiveIntelligenceEngine.initialize (Backend/HBOS/Engines/ExecutiveIntelligenceEngine.ts:152:17)

    console.log
      Memory Engine Started

      at MemoryEngine.initialize (Backend/HBOS/Engines/MemoryEngine.ts:22:17)

    console.log
      Memory Engine Started

      at MemoryEngine.initialize (Backend/HBOS/Engines/MemoryEngine.ts:22:17)

    console.log
      Knowledge Engine Started

      at KnowledgeEngine.initialize (Backend/HBOS/Engines/KnowledgeEngine.ts:22:17)

    console.log
      Project Pilot Engine Started

      at ProjectPilotEngine.initialize (Backend/HBOS/Engines/ProjectPilotEngine.ts:41:17)

    console.log
      ReasoningEngine Started

      at ReasoningEngine.initialize (Backend/HBOS/Engines/ReasoningEngine.ts:110:17)

    console.log
      OrganizationalIntelligenceEngine Started

      at OrganizationalIntelligenceEngine.initialize (Backend/HBOS/Engines/OrganizationalIntelligenceEngine.ts:132:17)

    console.log
      Governance Engine Started

      at GovernanceEngine.initialize (Backend/HBOS/Engines/GovernanceEngine.ts:140:17)

    console.log
      ExecutiveIntelligenceEngine Started

      at ExecutiveIntelligenceEngine.initialize (Backend/HBOS/Engines/ExecutiveIntelligenceEngine.ts:152:17)

    console.log
      Memory Engine Started

      at MemoryEngine.initialize (Backend/HBOS/Engines/MemoryEngine.ts:22:17)

    console.log
      Memory Engine Started

      at MemoryEngine.initialize (Backend/HBOS/Engines/MemoryEngine.ts:22:17)

    console.log
      Knowledge Engine Started

      at KnowledgeEngine.initialize (Backend/HBOS/Engines/KnowledgeEngine.ts:22:17)

    console.log
      Project Pilot Engine Started

      at ProjectPilotEngine.initialize (Backend/HBOS/Engines/ProjectPilotEngine.ts:41:17)

    console.log
      ReasoningEngine Started

      at ReasoningEngine.initialize (Backend/HBOS/Engines/ReasoningEngine.ts:110:17)

    console.log
      OrganizationalIntelligenceEngine Started

      at OrganizationalIntelligenceEngine.initialize (Backend/HBOS/Engines/OrganizationalIntelligenceEngine.ts:132:17)

    console.log
      Governance Engine Started

      at GovernanceEngine.initialize (Backend/HBOS/Engines/GovernanceEngine.ts:140:17)

    console.log
      ExecutiveIntelligenceEngine Started

      at ExecutiveIntelligenceEngine.initialize (Backend/HBOS/Engines/ExecutiveIntelligenceEngine.ts:152:17)

    console.log
      Memory Engine Started

      at MemoryEngine.initialize (Backend/HBOS/Engines/MemoryEngine.ts:22:17)

    console.log
      Memory Engine Started

      at MemoryEngine.initialize (Backend/HBOS/Engines/MemoryEngine.ts:22:17)

    console.log
      Knowledge Engine Started

      at KnowledgeEngine.initialize (Backend/HBOS/Engines/KnowledgeEngine.ts:22:17)

    console.log
      Project Pilot Engine Started

      at ProjectPilotEngine.initialize (Backend/HBOS/Engines/ProjectPilotEngine.ts:41:17)

    console.log
      ReasoningEngine Started

      at ReasoningEngine.initialize (Backend/HBOS/Engines/ReasoningEngine.ts:110:17)

    console.log
      OrganizationalIntelligenceEngine Started

      at OrganizationalIntelligenceEngine.initialize (Backend/HBOS/Engines/OrganizationalIntelligenceEngine.ts:132:17)

    console.log
      Governance Engine Started

      at GovernanceEngine.initialize (Backend/HBOS/Engines/GovernanceEngine.ts:140:17)

    console.log
      ExecutiveIntelligenceEngine Started

      at ExecutiveIntelligenceEngine.initialize (Backend/HBOS/Engines/ExecutiveIntelligenceEngine.ts:152:17)

    console.log
      Memory Engine Started

      at MemoryEngine.initialize (Backend/HBOS/Engines/MemoryEngine.ts:22:17)

    console.log
      Memory Engine Started

      at MemoryEngine.initialize (Backend/HBOS/Engines/MemoryEngine.ts:22:17)

    console.log
      Knowledge Engine Started

      at KnowledgeEngine.initialize (Backend/HBOS/Engines/KnowledgeEngine.ts:22:17)

    console.log
      Project Pilot Engine Started

      at ProjectPilotEngine.initialize (Backend/HBOS/Engines/ProjectPilotEngine.ts:41:17)

    console.log
      ReasoningEngine Started

      at ReasoningEngine.initialize (Backend/HBOS/Engines/ReasoningEngine.ts:110:17)

    console.log
      OrganizationalIntelligenceEngine Started

      at OrganizationalIntelligenceEngine.initialize (Backend/HBOS/Engines/OrganizationalIntelligenceEngine.ts:132:17)

    console.log
      Governance Engine Started

      at GovernanceEngine.initialize (Backend/HBOS/Engines/GovernanceEngine.ts:140:17)

    console.log
      ExecutiveIntelligenceEngine Started

      at ExecutiveIntelligenceEngine.initialize (Backend/HBOS/Engines/ExecutiveIntelligenceEngine.ts:152:17)

    console.log
      Memory Engine Started

      at MemoryEngine.initialize (Backend/HBOS/Engines/MemoryEngine.ts:22:17)

    console.log
      Memory Engine Started

      at MemoryEngine.initialize (Backend/HBOS/Engines/MemoryEngine.ts:22:17)

    console.log
      Knowledge Engine Started

      at KnowledgeEngine.initialize (Backend/HBOS/Engines/KnowledgeEngine.ts:22:17)

    console.log
      Project Pilot Engine Started

      at ProjectPilotEngine.initialize (Backend/HBOS/Engines/ProjectPilotEngine.ts:41:17)

    console.log
      ReasoningEngine Started

      at ReasoningEngine.initialize (Backend/HBOS/Engines/ReasoningEngine.ts:110:17)

    console.log
      OrganizationalIntelligenceEngine Started

      at OrganizationalIntelligenceEngine.initialize (Backend/HBOS/Engines/OrganizationalIntelligenceEngine.ts:132:17)

    console.log
      Governance Engine Started

      at GovernanceEngine.initialize (Backend/HBOS/Engines/GovernanceEngine.ts:140:17)

    console.log
      ExecutiveIntelligenceEngine Started

      at ExecutiveIntelligenceEngine.initialize (Backend/HBOS/Engines/ExecutiveIntelligenceEngine.ts:152:17)

    console.log
      Memory Engine Started

      at MemoryEngine.initialize (Backend/HBOS/Engines/MemoryEngine.ts:22:17)

    console.log
      Memory Engine Started

      at MemoryEngine.initialize (Backend/HBOS/Engines/MemoryEngine.ts:22:17)

    console.log
      Knowledge Engine Started

      at KnowledgeEngine.initialize (Backend/HBOS/Engines/KnowledgeEngine.ts:22:17)

    console.log
      Project Pilot Engine Started

      at ProjectPilotEngine.initialize (Backend/HBOS/Engines/ProjectPilotEngine.ts:41:17)

    console.log
      ReasoningEngine Started

      at ReasoningEngine.initialize (Backend/HBOS/Engines/ReasoningEngine.ts:110:17)

    console.log
      OrganizationalIntelligenceEngine Started

      at OrganizationalIntelligenceEngine.initialize (Backend/HBOS/Engines/OrganizationalIntelligenceEngine.ts:132:17)

    console.log
      Governance Engine Started

      at GovernanceEngine.initialize (Backend/HBOS/Engines/GovernanceEngine.ts:140:17)

    console.log
      ExecutiveIntelligenceEngine Started

      at ExecutiveIntelligenceEngine.initialize (Backend/HBOS/Engines/ExecutiveIntelligenceEngine.ts:152:17)

    console.log
      Memory Engine Started

      at MemoryEngine.initialize (Backend/HBOS/Engines/MemoryEngine.ts:22:17)

    console.log
      Memory Engine Started

      at MemoryEngine.initialize (Backend/HBOS/Engines/MemoryEngine.ts:22:17)

    console.log
      Knowledge Engine Started

      at KnowledgeEngine.initialize (Backend/HBOS/Engines/KnowledgeEngine.ts:22:17)

    console.log
      Project Pilot Engine Started

      at ProjectPilotEngine.initialize (Backend/HBOS/Engines/ProjectPilotEngine.ts:41:17)

    console.log
      ReasoningEngine Started

      at ReasoningEngine.initialize (Backend/HBOS/Engines/ReasoningEngine.ts:110:17)

    console.log
      OrganizationalIntelligenceEngine Started

      at OrganizationalIntelligenceEngine.initialize (Backend/HBOS/Engines/OrganizationalIntelligenceEngine.ts:132:17)

    console.log
      Governance Engine Started

      at GovernanceEngine.initialize (Backend/HBOS/Engines/GovernanceEngine.ts:140:17)

    console.log
      ExecutiveIntelligenceEngine Started

      at ExecutiveIntelligenceEngine.initialize (Backend/HBOS/Engines/ExecutiveIntelligenceEngine.ts:152:17)

    console.log
      Memory Engine Started

      at MemoryEngine.initialize (Backend/HBOS/Engines/MemoryEngine.ts:22:17)

    console.log
      Memory Engine Started

      at MemoryEngine.initialize (Backend/HBOS/Engines/MemoryEngine.ts:22:17)

    console.log
      Knowledge Engine Started

      at KnowledgeEngine.initialize (Backend/HBOS/Engines/KnowledgeEngine.ts:22:17)

    console.log
      Project Pilot Engine Started

      at ProjectPilotEngine.initialize (Backend/HBOS/Engines/ProjectPilotEngine.ts:41:17)

    console.log
      ReasoningEngine Started

      at ReasoningEngine.initialize (Backend/HBOS/Engines/ReasoningEngine.ts:110:17)

    console.log
      OrganizationalIntelligenceEngine Started

      at OrganizationalIntelligenceEngine.initialize (Backend/HBOS/Engines/OrganizationalIntelligenceEngine.ts:132:17)

    console.log
      Governance Engine Started

      at GovernanceEngine.initialize (Backend/HBOS/Engines/GovernanceEngine.ts:140:17)

    console.log
      ExecutiveIntelligenceEngine Started

      at ExecutiveIntelligenceEngine.initialize (Backend/HBOS/Engines/ExecutiveIntelligenceEngine.ts:152:17)

    console.log
      Memory Engine Started

      at MemoryEngine.initialize (Backend/HBOS/Engines/MemoryEngine.ts:22:17)

    console.log
      Memory Engine Started

      at MemoryEngine.initialize (Backend/HBOS/Engines/MemoryEngine.ts:22:17)

    console.log
      Knowledge Engine Started

      at KnowledgeEngine.initialize (Backend/HBOS/Engines/KnowledgeEngine.ts:22:17)

    console.log
      Project Pilot Engine Started

      at ProjectPilotEngine.initialize (Backend/HBOS/Engines/ProjectPilotEngine.ts:41:17)

    console.log
      ReasoningEngine Started

      at ReasoningEngine.initialize (Backend/HBOS/Engines/ReasoningEngine.ts:110:17)

    console.log
      OrganizationalIntelligenceEngine Started

      at OrganizationalIntelligenceEngine.initialize (Backend/HBOS/Engines/OrganizationalIntelligenceEngine.ts:132:17)

    console.log
      Governance Engine Started

      at GovernanceEngine.initialize (Backend/HBOS/Engines/GovernanceEngine.ts:140:17)

    console.log
      ExecutiveIntelligenceEngine Started

      at ExecutiveIntelligenceEngine.initialize (Backend/HBOS/Engines/ExecutiveIntelligenceEngine.ts:152:17)

    console.log
      Memory Engine Started

      at MemoryEngine.initialize (Backend/HBOS/Engines/MemoryEngine.ts:22:17)

    console.log
      Memory Engine Started

      at MemoryEngine.initialize (Backend/HBOS/Engines/MemoryEngine.ts:22:17)

    console.log
      Knowledge Engine Started

      at KnowledgeEngine.initialize (Backend/HBOS/Engines/KnowledgeEngine.ts:22:17)

    console.log
      Project Pilot Engine Started

      at ProjectPilotEngine.initialize (Backend/HBOS/Engines/ProjectPilotEngine.ts:41:17)

    console.log
      ReasoningEngine Started

      at ReasoningEngine.initialize (Backend/HBOS/Engines/ReasoningEngine.ts:110:17)

    console.log
      OrganizationalIntelligenceEngine Started

      at OrganizationalIntelligenceEngine.initialize (Backend/HBOS/Engines/OrganizationalIntelligenceEngine.ts:132:17)

    console.log
      Governance Engine Started

      at GovernanceEngine.initialize (Backend/HBOS/Engines/GovernanceEngine.ts:140:17)

    console.log
      ExecutiveIntelligenceEngine Started

      at ExecutiveIntelligenceEngine.initialize (Backend/HBOS/Engines/ExecutiveIntelligenceEngine.ts:152:17)

    console.log
      Memory Engine Started

      at MemoryEngine.initialize (Backend/HBOS/Engines/MemoryEngine.ts:22:17)

    console.log
      Memory Engine Started

      at MemoryEngine.initialize (Backend/HBOS/Engines/MemoryEngine.ts:22:17)

    console.log
      Knowledge Engine Started

      at KnowledgeEngine.initialize (Backend/HBOS/Engines/KnowledgeEngine.ts:22:17)

    console.log
      Project Pilot Engine Started

      at ProjectPilotEngine.initialize (Backend/HBOS/Engines/ProjectPilotEngine.ts:41:17)

    console.log
      ReasoningEngine Started

      at ReasoningEngine.initialize (Backend/HBOS/Engines/ReasoningEngine.ts:110:17)

    console.log
      OrganizationalIntelligenceEngine Started

      at OrganizationalIntelligenceEngine.initialize (Backend/HBOS/Engines/OrganizationalIntelligenceEngine.ts:132:17)

    console.log
      Governance Engine Started

      at GovernanceEngine.initialize (Backend/HBOS/Engines/GovernanceEngine.ts:140:17)

    console.log
      ExecutiveIntelligenceEngine Started

      at ExecutiveIntelligenceEngine.initialize (Backend/HBOS/Engines/ExecutiveIntelligenceEngine.ts:152:17)

    console.log
      Memory Engine Started

      at MemoryEngine.initialize (Backend/HBOS/Engines/MemoryEngine.ts:22:17)

    console.log
      Memory Engine Started

      at MemoryEngine.initialize (Backend/HBOS/Engines/MemoryEngine.ts:22:17)

    console.log
      Knowledge Engine Started

      at KnowledgeEngine.initialize (Backend/HBOS/Engines/KnowledgeEngine.ts:22:17)

    console.log
      Project Pilot Engine Started

      at ProjectPilotEngine.initialize (Backend/HBOS/Engines/ProjectPilotEngine.ts:41:17)

    console.log
      ReasoningEngine Started

      at ReasoningEngine.initialize (Backend/HBOS/Engines/ReasoningEngine.ts:110:17)

    console.log
      OrganizationalIntelligenceEngine Started

      at OrganizationalIntelligenceEngine.initialize (Backend/HBOS/Engines/OrganizationalIntelligenceEngine.ts:132:17)

    console.log
      Governance Engine Started

      at GovernanceEngine.initialize (Backend/HBOS/Engines/GovernanceEngine.ts:140:17)

    console.log
      ExecutiveIntelligenceEngine Started

      at ExecutiveIntelligenceEngine.initialize (Backend/HBOS/Engines/ExecutiveIntelligenceEngine.ts:152:17)

    console.log
      Memory Engine Started

      at MemoryEngine.initialize (Backend/HBOS/Engines/MemoryEngine.ts:22:17)

    console.log
      Memory Engine Started

      at MemoryEngine.initialize (Backend/HBOS/Engines/MemoryEngine.ts:22:17)

    console.log
      Knowledge Engine Started

      at KnowledgeEngine.initialize (Backend/HBOS/Engines/KnowledgeEngine.ts:22:17)

    console.log
      Project Pilot Engine Started

      at ProjectPilotEngine.initialize (Backend/HBOS/Engines/ProjectPilotEngine.ts:41:17)

    console.log
      ReasoningEngine Started

      at ReasoningEngine.initialize (Backend/HBOS/Engines/ReasoningEngine.ts:110:17)

    console.log
      OrganizationalIntelligenceEngine Started

      at OrganizationalIntelligenceEngine.initialize (Backend/HBOS/Engines/OrganizationalIntelligenceEngine.ts:132:17)

    console.log
      Governance Engine Started

      at GovernanceEngine.initialize (Backend/HBOS/Engines/GovernanceEngine.ts:140:17)

    console.log
      ExecutiveIntelligenceEngine Started

      at ExecutiveIntelligenceEngine.initialize (Backend/HBOS/Engines/ExecutiveIntelligenceEngine.ts:152:17)

    console.log
      Memory Engine Started

      at MemoryEngine.initialize (Backend/HBOS/Engines/MemoryEngine.ts:22:17)

    console.log
      Memory Engine Started

      at MemoryEngine.initialize (Backend/HBOS/Engines/MemoryEngine.ts:22:17)

    console.log
      Knowledge Engine Started

      at KnowledgeEngine.initialize (Backend/HBOS/Engines/KnowledgeEngine.ts:22:17)

    console.log
      Project Pilot Engine Started

      at ProjectPilotEngine.initialize (Backend/HBOS/Engines/ProjectPilotEngine.ts:41:17)

    console.log
      ReasoningEngine Started

      at ReasoningEngine.initialize (Backend/HBOS/Engines/ReasoningEngine.ts:110:17)

    console.log
      OrganizationalIntelligenceEngine Started

      at OrganizationalIntelligenceEngine.initialize (Backend/HBOS/Engines/OrganizationalIntelligenceEngine.ts:132:17)

    console.log
      Governance Engine Started

      at GovernanceEngine.initialize (Backend/HBOS/Engines/GovernanceEngine.ts:140:17)

    console.log
      ExecutiveIntelligenceEngine Started

      at ExecutiveIntelligenceEngine.initialize (Backend/HBOS/Engines/ExecutiveIntelligenceEngine.ts:152:17)

    console.log
      Memory Engine Started

      at MemoryEngine.initialize (Backend/HBOS/Engines/MemoryEngine.ts:22:17)

    console.log
      Memory Engine Started

      at MemoryEngine.initialize (Backend/HBOS/Engines/MemoryEngine.ts:22:17)

    console.log
      Knowledge Engine Started

      at KnowledgeEngine.initialize (Backend/HBOS/Engines/KnowledgeEngine.ts:22:17)

    console.log
      Project Pilot Engine Started

      at ProjectPilotEngine.initialize (Backend/HBOS/Engines/ProjectPilotEngine.ts:41:17)

    console.log
      ReasoningEngine Started

      at ReasoningEngine.initialize (Backend/HBOS/Engines/ReasoningEngine.ts:110:17)

    console.log
      OrganizationalIntelligenceEngine Started

      at OrganizationalIntelligenceEngine.initialize (Backend/HBOS/Engines/OrganizationalIntelligenceEngine.ts:132:17)

    console.log
      Governance Engine Started

      at GovernanceEngine.initialize (Backend/HBOS/Engines/GovernanceEngine.ts:140:17)

    console.log
      ExecutiveIntelligenceEngine Started

      at ExecutiveIntelligenceEngine.initialize (Backend/HBOS/Engines/ExecutiveIntelligenceEngine.ts:152:17)

    console.log
      Memory Engine Started

      at MemoryEngine.initialize (Backend/HBOS/Engines/MemoryEngine.ts:22:17)

    console.log
      Memory Engine Started

      at MemoryEngine.initialize (Backend/HBOS/Engines/MemoryEngine.ts:22:17)

    console.log
      Knowledge Engine Started

      at KnowledgeEngine.initialize (Backend/HBOS/Engines/KnowledgeEngine.ts:22:17)

    console.log
      Project Pilot Engine Started

      at ProjectPilotEngine.initialize (Backend/HBOS/Engines/ProjectPilotEngine.ts:41:17)

    console.log
      ReasoningEngine Started

      at ReasoningEngine.initialize (Backend/HBOS/Engines/ReasoningEngine.ts:110:17)

    console.log
      OrganizationalIntelligenceEngine Started

      at OrganizationalIntelligenceEngine.initialize (Backend/HBOS/Engines/OrganizationalIntelligenceEngine.ts:132:17)

    console.log
      Governance Engine Started

      at GovernanceEngine.initialize (Backend/HBOS/Engines/GovernanceEngine.ts:140:17)

    console.log
      ExecutiveIntelligenceEngine Started

      at ExecutiveIntelligenceEngine.initialize (Backend/HBOS/Engines/ExecutiveIntelligenceEngine.ts:152:17)

    console.log
      Memory Engine Started

      at MemoryEngine.initialize (Backend/HBOS/Engines/MemoryEngine.ts:22:17)

    console.log
      Memory Engine Started

      at MemoryEngine.initialize (Backend/HBOS/Engines/MemoryEngine.ts:22:17)

    console.log
      Knowledge Engine Started

      at KnowledgeEngine.initialize (Backend/HBOS/Engines/KnowledgeEngine.ts:22:17)

    console.log
      Project Pilot Engine Started

      at ProjectPilotEngine.initialize (Backend/HBOS/Engines/ProjectPilotEngine.ts:41:17)

    console.log
      ReasoningEngine Started

      at ReasoningEngine.initialize (Backend/HBOS/Engines/ReasoningEngine.ts:110:17)

    console.log
      OrganizationalIntelligenceEngine Started

      at OrganizationalIntelligenceEngine.initialize (Backend/HBOS/Engines/OrganizationalIntelligenceEngine.ts:132:17)

    console.log
      Governance Engine Started

      at GovernanceEngine.initialize (Backend/HBOS/Engines/GovernanceEngine.ts:140:17)

    console.log
      ExecutiveIntelligenceEngine Started

      at ExecutiveIntelligenceEngine.initialize (Backend/HBOS/Engines/ExecutiveIntelligenceEngine.ts:152:17)

    console.log
      Memory Engine Started

      at MemoryEngine.initialize (Backend/HBOS/Engines/MemoryEngine.ts:22:17)

    console.log
      Memory Engine Started

      at MemoryEngine.initialize (Backend/HBOS/Engines/MemoryEngine.ts:22:17)

    console.log
      Knowledge Engine Started

      at KnowledgeEngine.initialize (Backend/HBOS/Engines/KnowledgeEngine.ts:22:17)

    console.log
      Project Pilot Engine Started

      at ProjectPilotEngine.initialize (Backend/HBOS/Engines/ProjectPilotEngine.ts:41:17)

    console.log
      ReasoningEngine Started

      at ReasoningEngine.initialize (Backend/HBOS/Engines/ReasoningEngine.ts:110:17)

    console.log
      OrganizationalIntelligenceEngine Started

      at OrganizationalIntelligenceEngine.initialize (Backend/HBOS/Engines/OrganizationalIntelligenceEngine.ts:132:17)

    console.log
      Governance Engine Started

      at GovernanceEngine.initialize (Backend/HBOS/Engines/GovernanceEngine.ts:140:17)

    console.log
      ExecutiveIntelligenceEngine Started

      at ExecutiveIntelligenceEngine.initialize (Backend/HBOS/Engines/ExecutiveIntelligenceEngine.ts:152:17)

    console.log
      Memory Engine Started

      at MemoryEngine.initialize (Backend/HBOS/Engines/MemoryEngine.ts:22:17)

    console.log
      Memory Engine Started

      at MemoryEngine.initialize (Backend/HBOS/Engines/MemoryEngine.ts:22:17)

    console.log
      Knowledge Engine Started

      at KnowledgeEngine.initialize (Backend/HBOS/Engines/KnowledgeEngine.ts:22:17)

    console.log
      Project Pilot Engine Started

      at ProjectPilotEngine.initialize (Backend/HBOS/Engines/ProjectPilotEngine.ts:41:17)

    console.log
      ReasoningEngine Started

      at ReasoningEngine.initialize (Backend/HBOS/Engines/ReasoningEngine.ts:110:17)

    console.log
      OrganizationalIntelligenceEngine Started

      at OrganizationalIntelligenceEngine.initialize (Backend/HBOS/Engines/OrganizationalIntelligenceEngine.ts:132:17)

    console.log
      Governance Engine Started

      at GovernanceEngine.initialize (Backend/HBOS/Engines/GovernanceEngine.ts:140:17)

    console.log
      ExecutiveIntelligenceEngine Started

      at ExecutiveIntelligenceEngine.initialize (Backend/HBOS/Engines/ExecutiveIntelligenceEngine.ts:152:17)

    console.log
      Memory Engine Started

      at MemoryEngine.initialize (Backend/HBOS/Engines/MemoryEngine.ts:22:17)

    console.log
      Memory Engine Started

      at MemoryEngine.initialize (Backend/HBOS/Engines/MemoryEngine.ts:22:17)

    console.log
      Knowledge Engine Started

      at KnowledgeEngine.initialize (Backend/HBOS/Engines/KnowledgeEngine.ts:22:17)

    console.log
      Project Pilot Engine Started

      at ProjectPilotEngine.initialize (Backend/HBOS/Engines/ProjectPilotEngine.ts:41:17)

    console.log
      ReasoningEngine Started

      at ReasoningEngine.initialize (Backend/HBOS/Engines/ReasoningEngine.ts:110:17)

    console.log
      OrganizationalIntelligenceEngine Started

      at OrganizationalIntelligenceEngine.initialize (Backend/HBOS/Engines/OrganizationalIntelligenceEngine.ts:132:17)

    console.log
      Governance Engine Started

      at GovernanceEngine.initialize (Backend/HBOS/Engines/GovernanceEngine.ts:140:17)

    console.log
      ExecutiveIntelligenceEngine Started

      at ExecutiveIntelligenceEngine.initialize (Backend/HBOS/Engines/ExecutiveIntelligenceEngine.ts:152:17)

    console.log
      Memory Engine Started

      at MemoryEngine.initialize (Backend/HBOS/Engines/MemoryEngine.ts:22:17)

    console.log
      Memory Engine Started

      at MemoryEngine.initialize (Backend/HBOS/Engines/MemoryEngine.ts:22:17)

    console.log
      Knowledge Engine Started

      at KnowledgeEngine.initialize (Backend/HBOS/Engines/KnowledgeEngine.ts:22:17)

    console.log
      Project Pilot Engine Started

      at ProjectPilotEngine.initialize (Backend/HBOS/Engines/ProjectPilotEngine.ts:41:17)

    console.log
      ReasoningEngine Started

      at ReasoningEngine.initialize (Backend/HBOS/Engines/ReasoningEngine.ts:110:17)

    console.log
      OrganizationalIntelligenceEngine Started

      at OrganizationalIntelligenceEngine.initialize (Backend/HBOS/Engines/OrganizationalIntelligenceEngine.ts:132:17)

    console.log
      Governance Engine Started

      at GovernanceEngine.initialize (Backend/HBOS/Engines/GovernanceEngine.ts:140:17)

    console.log
      ExecutiveIntelligenceEngine Started

      at ExecutiveIntelligenceEngine.initialize (Backend/HBOS/Engines/ExecutiveIntelligenceEngine.ts:152:17)

    console.log
      Memory Engine Started

      at MemoryEngine.initialize (Backend/HBOS/Engines/MemoryEngine.ts:22:17)

    console.log
      Memory Engine Started

      at MemoryEngine.initialize (Backend/HBOS/Engines/MemoryEngine.ts:22:17)

    console.log
      Knowledge Engine Started

      at KnowledgeEngine.initialize (Backend/HBOS/Engines/KnowledgeEngine.ts:22:17)

    console.log
      Project Pilot Engine Started

      at ProjectPilotEngine.initialize (Backend/HBOS/Engines/ProjectPilotEngine.ts:41:17)

    console.log
      ReasoningEngine Started

      at ReasoningEngine.initialize (Backend/HBOS/Engines/ReasoningEngine.ts:110:17)

    console.log
      OrganizationalIntelligenceEngine Started

      at OrganizationalIntelligenceEngine.initialize (Backend/HBOS/Engines/OrganizationalIntelligenceEngine.ts:132:17)

    console.log
      Governance Engine Started

      at GovernanceEngine.initialize (Backend/HBOS/Engines/GovernanceEngine.ts:140:17)

    console.log
      ExecutiveIntelligenceEngine Started

      at ExecutiveIntelligenceEngine.initialize (Backend/HBOS/Engines/ExecutiveIntelligenceEngine.ts:152:17)

    console.log
      Memory Engine Started

      at MemoryEngine.initialize (Backend/HBOS/Engines/MemoryEngine.ts:22:17)

    console.log
      Memory Engine Started

      at MemoryEngine.initialize (Backend/HBOS/Engines/MemoryEngine.ts:22:17)

    console.log
      Knowledge Engine Started

      at KnowledgeEngine.initialize (Backend/HBOS/Engines/KnowledgeEngine.ts:22:17)

    console.log
      Project Pilot Engine Started

      at ProjectPilotEngine.initialize (Backend/HBOS/Engines/ProjectPilotEngine.ts:41:17)

    console.log
      ReasoningEngine Started

      at ReasoningEngine.initialize (Backend/HBOS/Engines/ReasoningEngine.ts:110:17)

    console.log
      OrganizationalIntelligenceEngine Started

      at OrganizationalIntelligenceEngine.initialize (Backend/HBOS/Engines/OrganizationalIntelligenceEngine.ts:132:17)

    console.log
      Governance Engine Started

      at GovernanceEngine.initialize (Backend/HBOS/Engines/GovernanceEngine.ts:140:17)

    console.log
      ExecutiveIntelligenceEngine Started

      at ExecutiveIntelligenceEngine.initialize (Backend/HBOS/Engines/ExecutiveIntelligenceEngine.ts:152:17)

    console.log
      Memory Engine Started

      at MemoryEngine.initialize (Backend/HBOS/Engines/MemoryEngine.ts:22:17)

    console.log
      Memory Engine Started

      at MemoryEngine.initialize (Backend/HBOS/Engines/MemoryEngine.ts:22:17)

    console.log
      Knowledge Engine Started

      at KnowledgeEngine.initialize (Backend/HBOS/Engines/KnowledgeEngine.ts:22:17)

    console.log
      Project Pilot Engine Started

      at ProjectPilotEngine.initialize (Backend/HBOS/Engines/ProjectPilotEngine.ts:41:17)

    console.log
      ReasoningEngine Started

      at ReasoningEngine.initialize (Backend/HBOS/Engines/ReasoningEngine.ts:110:17)

    console.log
      OrganizationalIntelligenceEngine Started

      at OrganizationalIntelligenceEngine.initialize (Backend/HBOS/Engines/OrganizationalIntelligenceEngine.ts:132:17)

    console.log
      Governance Engine Started

      at GovernanceEngine.initialize (Backend/HBOS/Engines/GovernanceEngine.ts:140:17)

    console.log
      ExecutiveIntelligenceEngine Started

      at ExecutiveIntelligenceEngine.initialize (Backend/HBOS/Engines/ExecutiveIntelligenceEngine.ts:152:17)

    console.log
      Memory Engine Started

      at MemoryEngine.initialize (Backend/HBOS/Engines/MemoryEngine.ts:22:17)

    console.log
      Memory Engine Started

      at MemoryEngine.initialize (Backend/HBOS/Engines/MemoryEngine.ts:22:17)

    console.log
      Knowledge Engine Started

      at KnowledgeEngine.initialize (Backend/HBOS/Engines/KnowledgeEngine.ts:22:17)

    console.log
      Project Pilot Engine Started

      at ProjectPilotEngine.initialize (Backend/HBOS/Engines/ProjectPilotEngine.ts:41:17)

    console.log
      ReasoningEngine Started

      at ReasoningEngine.initialize (Backend/HBOS/Engines/ReasoningEngine.ts:110:17)

    console.log
      OrganizationalIntelligenceEngine Started

      at OrganizationalIntelligenceEngine.initialize (Backend/HBOS/Engines/OrganizationalIntelligenceEngine.ts:132:17)

    console.log
      Governance Engine Started

      at GovernanceEngine.initialize (Backend/HBOS/Engines/GovernanceEngine.ts:140:17)

    console.log
      ExecutiveIntelligenceEngine Started

      at ExecutiveIntelligenceEngine.initialize (Backend/HBOS/Engines/ExecutiveIntelligenceEngine.ts:152:17)

    console.log
      Memory Engine Started

      at MemoryEngine.initialize (Backend/HBOS/Engines/MemoryEngine.ts:22:17)

    console.log
      Memory Engine Started

      at MemoryEngine.initialize (Backend/HBOS/Engines/MemoryEngine.ts:22:17)

    console.log
      Knowledge Engine Started

      at KnowledgeEngine.initialize (Backend/HBOS/Engines/KnowledgeEngine.ts:22:17)

    console.log
      Project Pilot Engine Started

      at ProjectPilotEngine.initialize (Backend/HBOS/Engines/ProjectPilotEngine.ts:41:17)

    console.log
      ReasoningEngine Started

      at ReasoningEngine.initialize (Backend/HBOS/Engines/ReasoningEngine.ts:110:17)

    console.log
      OrganizationalIntelligenceEngine Started

      at OrganizationalIntelligenceEngine.initialize (Backend/HBOS/Engines/OrganizationalIntelligenceEngine.ts:132:17)

    console.log
      Governance Engine Started

      at GovernanceEngine.initialize (Backend/HBOS/Engines/GovernanceEngine.ts:140:17)

    console.log
      ExecutiveIntelligenceEngine Started

      at ExecutiveIntelligenceEngine.initialize (Backend/HBOS/Engines/ExecutiveIntelligenceEngine.ts:152:17)

    console.log
      Memory Engine Started

      at MemoryEngine.initialize (Backend/HBOS/Engines/MemoryEngine.ts:22:17)

    console.log
      Memory Engine Started

      at MemoryEngine.initialize (Backend/HBOS/Engines/MemoryEngine.ts:22:17)

    console.log
      Knowledge Engine Started

      at KnowledgeEngine.initialize (Backend/HBOS/Engines/KnowledgeEngine.ts:22:17)

    console.log
      Project Pilot Engine Started

      at ProjectPilotEngine.initialize (Backend/HBOS/Engines/ProjectPilotEngine.ts:41:17)

    console.log
      ReasoningEngine Started

      at ReasoningEngine.initialize (Backend/HBOS/Engines/ReasoningEngine.ts:110:17)

    console.log
      OrganizationalIntelligenceEngine Started

      at OrganizationalIntelligenceEngine.initialize (Backend/HBOS/Engines/OrganizationalIntelligenceEngine.ts:132:17)

    console.log
      Governance Engine Started

      at GovernanceEngine.initialize (Backend/HBOS/Engines/GovernanceEngine.ts:140:17)

    console.log
      ExecutiveIntelligenceEngine Started

      at ExecutiveIntelligenceEngine.initialize (Backend/HBOS/Engines/ExecutiveIntelligenceEngine.ts:152:17)

    console.log
      Memory Engine Started

      at MemoryEngine.initialize (Backend/HBOS/Engines/MemoryEngine.ts:22:17)

    console.log
      Memory Engine Started

      at MemoryEngine.initialize (Backend/HBOS/Engines/MemoryEngine.ts:22:17)

    console.log
      Knowledge Engine Started

      at KnowledgeEngine.initialize (Backend/HBOS/Engines/KnowledgeEngine.ts:22:17)

    console.log
      Project Pilot Engine Started

      at ProjectPilotEngine.initialize (Backend/HBOS/Engines/ProjectPilotEngine.ts:41:17)

    console.log
      ReasoningEngine Started

      at ReasoningEngine.initialize (Backend/HBOS/Engines/ReasoningEngine.ts:110:17)

    console.log
      OrganizationalIntelligenceEngine Started

      at OrganizationalIntelligenceEngine.initialize (Backend/HBOS/Engines/OrganizationalIntelligenceEngine.ts:132:17)

    console.log
      Governance Engine Started

      at GovernanceEngine.initialize (Backend/HBOS/Engines/GovernanceEngine.ts:140:17)

    console.log
      ExecutiveIntelligenceEngine Started

      at ExecutiveIntelligenceEngine.initialize (Backend/HBOS/Engines/ExecutiveIntelligenceEngine.ts:152:17)

PASS Backend/HBOS/test/Causal.07-H.test.ts
PASS Backend/HBOS/test/MonteCarlo.07-E.test.ts
PASS Backend/HBOS/test/Forecasting.07-C.B.test.ts
PASS Backend/HBOS/test/Backtest.07-C.C.test.ts
PASS Backend/HBOS/test/OrganizationalIntelligenceEngine.phase-11-1.3.test.ts
  ● Console

    console.log
      Memory Engine Started

      at MemoryEngine.initialize (Backend/HBOS/Engines/MemoryEngine.ts:22:17)

    console.log
      Knowledge Engine Started

      at KnowledgeEngine.initialize (Backend/HBOS/Engines/KnowledgeEngine.ts:22:17)

    console.log
      Project Pilot Engine Started

      at ProjectPilotEngine.initialize (Backend/HBOS/Engines/ProjectPilotEngine.ts:41:17)

    console.log
      OrganizationalIntelligenceEngine Started

      at OrganizationalIntelligenceEngine.initialize (Backend/HBOS/Engines/OrganizationalIntelligenceEngine.ts:132:17)

    console.log
      Memory Engine Started

      at MemoryEngine.initialize (Backend/HBOS/Engines/MemoryEngine.ts:22:17)

    console.log
      Knowledge Engine Started

      at KnowledgeEngine.initialize (Backend/HBOS/Engines/KnowledgeEngine.ts:22:17)

    console.log
      Project Pilot Engine Started

      at ProjectPilotEngine.initialize (Backend/HBOS/Engines/ProjectPilotEngine.ts:41:17)

    console.log
      OrganizationalIntelligenceEngine Started

      at OrganizationalIntelligenceEngine.initialize (Backend/HBOS/Engines/OrganizationalIntelligenceEngine.ts:132:17)

    console.log
      Memory Engine Started

      at MemoryEngine.initialize (Backend/HBOS/Engines/MemoryEngine.ts:22:17)

    console.log
      Knowledge Engine Started

      at KnowledgeEngine.initialize (Backend/HBOS/Engines/KnowledgeEngine.ts:22:17)

    console.log
      Project Pilot Engine Started

      at ProjectPilotEngine.initialize (Backend/HBOS/Engines/ProjectPilotEngine.ts:41:17)

    console.log
      OrganizationalIntelligenceEngine Started

      at OrganizationalIntelligenceEngine.initialize (Backend/HBOS/Engines/OrganizationalIntelligenceEngine.ts:132:17)

    console.log
      Memory Engine Started

      at MemoryEngine.initialize (Backend/HBOS/Engines/MemoryEngine.ts:22:17)

    console.log
      Knowledge Engine Started

      at KnowledgeEngine.initialize (Backend/HBOS/Engines/KnowledgeEngine.ts:22:17)

    console.log
      Project Pilot Engine Started

      at ProjectPilotEngine.initialize (Backend/HBOS/Engines/ProjectPilotEngine.ts:41:17)

    console.log
      OrganizationalIntelligenceEngine Started

      at OrganizationalIntelligenceEngine.initialize (Backend/HBOS/Engines/OrganizationalIntelligenceEngine.ts:132:17)

    console.log
      Memory Engine Started

      at MemoryEngine.initialize (Backend/HBOS/Engines/MemoryEngine.ts:22:17)

    console.log
      Knowledge Engine Started

      at KnowledgeEngine.initialize (Backend/HBOS/Engines/KnowledgeEngine.ts:22:17)

    console.log
      Project Pilot Engine Started

      at ProjectPilotEngine.initialize (Backend/HBOS/Engines/ProjectPilotEngine.ts:41:17)

    console.log
      OrganizationalIntelligenceEngine Started

      at OrganizationalIntelligenceEngine.initialize (Backend/HBOS/Engines/OrganizationalIntelligenceEngine.ts:132:17)

    console.log
      Memory Engine Started

      at MemoryEngine.initialize (Backend/HBOS/Engines/MemoryEngine.ts:22:17)

    console.log
      Knowledge Engine Started

      at KnowledgeEngine.initialize (Backend/HBOS/Engines/KnowledgeEngine.ts:22:17)

    console.log
      Project Pilot Engine Started

      at ProjectPilotEngine.initialize (Backend/HBOS/Engines/ProjectPilotEngine.ts:41:17)

    console.log
      OrganizationalIntelligenceEngine Started

      at OrganizationalIntelligenceEngine.initialize (Backend/HBOS/Engines/OrganizationalIntelligenceEngine.ts:132:17)

    console.log
      Memory Engine Started

      at MemoryEngine.initialize (Backend/HBOS/Engines/MemoryEngine.ts:22:17)

    console.log
      Knowledge Engine Started

      at KnowledgeEngine.initialize (Backend/HBOS/Engines/KnowledgeEngine.ts:22:17)

    console.log
      Project Pilot Engine Started

      at ProjectPilotEngine.initialize (Backend/HBOS/Engines/ProjectPilotEngine.ts:41:17)

    console.log
      OrganizationalIntelligenceEngine Started

      at OrganizationalIntelligenceEngine.initialize (Backend/HBOS/Engines/OrganizationalIntelligenceEngine.ts:132:17)

    console.log
      Memory Engine Started

      at MemoryEngine.initialize (Backend/HBOS/Engines/MemoryEngine.ts:22:17)

    console.log
      Knowledge Engine Started

      at KnowledgeEngine.initialize (Backend/HBOS/Engines/KnowledgeEngine.ts:22:17)

    console.log
      Project Pilot Engine Started

      at ProjectPilotEngine.initialize (Backend/HBOS/Engines/ProjectPilotEngine.ts:41:17)

    console.log
      OrganizationalIntelligenceEngine Started

      at OrganizationalIntelligenceEngine.initialize (Backend/HBOS/Engines/OrganizationalIntelligenceEngine.ts:132:17)

    console.log
      Memory Engine Started

      at MemoryEngine.initialize (Backend/HBOS/Engines/MemoryEngine.ts:22:17)

    console.log
      Knowledge Engine Started

      at KnowledgeEngine.initialize (Backend/HBOS/Engines/KnowledgeEngine.ts:22:17)

    console.log
      Project Pilot Engine Started

      at ProjectPilotEngine.initialize (Backend/HBOS/Engines/ProjectPilotEngine.ts:41:17)

    console.log
      OrganizationalIntelligenceEngine Started

      at OrganizationalIntelligenceEngine.initialize (Backend/HBOS/Engines/OrganizationalIntelligenceEngine.ts:132:17)

    console.log
      Memory Engine Started

      at MemoryEngine.initialize (Backend/HBOS/Engines/MemoryEngine.ts:22:17)

    console.log
      Knowledge Engine Started

      at KnowledgeEngine.initialize (Backend/HBOS/Engines/KnowledgeEngine.ts:22:17)

    console.log
      Project Pilot Engine Started

      at ProjectPilotEngine.initialize (Backend/HBOS/Engines/ProjectPilotEngine.ts:41:17)

    console.log
      OrganizationalIntelligenceEngine Started

      at OrganizationalIntelligenceEngine.initialize (Backend/HBOS/Engines/OrganizationalIntelligenceEngine.ts:132:17)

    console.log
      Memory Engine Started

      at MemoryEngine.initialize (Backend/HBOS/Engines/MemoryEngine.ts:22:17)

    console.log
      Knowledge Engine Started

      at KnowledgeEngine.initialize (Backend/HBOS/Engines/KnowledgeEngine.ts:22:17)

    console.log
      Project Pilot Engine Started

      at ProjectPilotEngine.initialize (Backend/HBOS/Engines/ProjectPilotEngine.ts:41:17)

    console.log
      OrganizationalIntelligenceEngine Started

      at OrganizationalIntelligenceEngine.initialize (Backend/HBOS/Engines/OrganizationalIntelligenceEngine.ts:132:17)

    console.log
      Memory Engine Started

      at MemoryEngine.initialize (Backend/HBOS/Engines/MemoryEngine.ts:22:17)

    console.log
      Knowledge Engine Started

      at KnowledgeEngine.initialize (Backend/HBOS/Engines/KnowledgeEngine.ts:22:17)

    console.log
      Project Pilot Engine Started

      at ProjectPilotEngine.initialize (Backend/HBOS/Engines/ProjectPilotEngine.ts:41:17)

    console.log
      OrganizationalIntelligenceEngine Started

      at OrganizationalIntelligenceEngine.initialize (Backend/HBOS/Engines/OrganizationalIntelligenceEngine.ts:132:17)

    console.log
      Memory Engine Started

      at MemoryEngine.initialize (Backend/HBOS/Engines/MemoryEngine.ts:22:17)

    console.log
      Knowledge Engine Started

      at KnowledgeEngine.initialize (Backend/HBOS/Engines/KnowledgeEngine.ts:22:17)

    console.log
      Project Pilot Engine Started

      at ProjectPilotEngine.initialize (Backend/HBOS/Engines/ProjectPilotEngine.ts:41:17)

    console.log
      OrganizationalIntelligenceEngine Started

      at OrganizationalIntelligenceEngine.initialize (Backend/HBOS/Engines/OrganizationalIntelligenceEngine.ts:132:17)

    console.log
      Memory Engine Started

      at MemoryEngine.initialize (Backend/HBOS/Engines/MemoryEngine.ts:22:17)

    console.log
      Knowledge Engine Started

      at KnowledgeEngine.initialize (Backend/HBOS/Engines/KnowledgeEngine.ts:22:17)

    console.log
      Project Pilot Engine Started

      at ProjectPilotEngine.initialize (Backend/HBOS/Engines/ProjectPilotEngine.ts:41:17)

    console.log
      OrganizationalIntelligenceEngine Started

      at OrganizationalIntelligenceEngine.initialize (Backend/HBOS/Engines/OrganizationalIntelligenceEngine.ts:132:17)

    console.log
      Memory Engine Started

      at MemoryEngine.initialize (Backend/HBOS/Engines/MemoryEngine.ts:22:17)

    console.log
      Knowledge Engine Started

      at KnowledgeEngine.initialize (Backend/HBOS/Engines/KnowledgeEngine.ts:22:17)

    console.log
      Project Pilot Engine Started

      at ProjectPilotEngine.initialize (Backend/HBOS/Engines/ProjectPilotEngine.ts:41:17)

    console.log
      OrganizationalIntelligenceEngine Started

      at OrganizationalIntelligenceEngine.initialize (Backend/HBOS/Engines/OrganizationalIntelligenceEngine.ts:132:17)

    console.log
      Memory Engine Started

      at MemoryEngine.initialize (Backend/HBOS/Engines/MemoryEngine.ts:22:17)

    console.log
      Knowledge Engine Started

      at KnowledgeEngine.initialize (Backend/HBOS/Engines/KnowledgeEngine.ts:22:17)

    console.log
      Project Pilot Engine Started

      at ProjectPilotEngine.initialize (Backend/HBOS/Engines/ProjectPilotEngine.ts:41:17)

    console.log
      OrganizationalIntelligenceEngine Started

      at OrganizationalIntelligenceEngine.initialize (Backend/HBOS/Engines/OrganizationalIntelligenceEngine.ts:132:17)

    console.log
      Memory Engine Started

      at MemoryEngine.initialize (Backend/HBOS/Engines/MemoryEngine.ts:22:17)

    console.log
      Knowledge Engine Started

      at KnowledgeEngine.initialize (Backend/HBOS/Engines/KnowledgeEngine.ts:22:17)

    console.log
      Project Pilot Engine Started

      at ProjectPilotEngine.initialize (Backend/HBOS/Engines/ProjectPilotEngine.ts:41:17)

    console.log
      OrganizationalIntelligenceEngine Started

      at OrganizationalIntelligenceEngine.initialize (Backend/HBOS/Engines/OrganizationalIntelligenceEngine.ts:132:17)

    console.log
      Memory Engine Started

      at MemoryEngine.initialize (Backend/HBOS/Engines/MemoryEngine.ts:22:17)

    console.log
      Knowledge Engine Started

      at KnowledgeEngine.initialize (Backend/HBOS/Engines/KnowledgeEngine.ts:22:17)

    console.log
      Project Pilot Engine Started

      at ProjectPilotEngine.initialize (Backend/HBOS/Engines/ProjectPilotEngine.ts:41:17)

    console.log
      OrganizationalIntelligenceEngine Started

      at OrganizationalIntelligenceEngine.initialize (Backend/HBOS/Engines/OrganizationalIntelligenceEngine.ts:132:17)

    console.log
      Memory Engine Started

      at MemoryEngine.initialize (Backend/HBOS/Engines/MemoryEngine.ts:22:17)

    console.log
      Knowledge Engine Started

      at KnowledgeEngine.initialize (Backend/HBOS/Engines/KnowledgeEngine.ts:22:17)

    console.log
      Project Pilot Engine Started

      at ProjectPilotEngine.initialize (Backend/HBOS/Engines/ProjectPilotEngine.ts:41:17)

    console.log
      OrganizationalIntelligenceEngine Started

      at OrganizationalIntelligenceEngine.initialize (Backend/HBOS/Engines/OrganizationalIntelligenceEngine.ts:132:17)

    console.log
      Memory Engine Started

      at MemoryEngine.initialize (Backend/HBOS/Engines/MemoryEngine.ts:22:17)

    console.log
      Knowledge Engine Started

      at KnowledgeEngine.initialize (Backend/HBOS/Engines/KnowledgeEngine.ts:22:17)

    console.log
      Project Pilot Engine Started

      at ProjectPilotEngine.initialize (Backend/HBOS/Engines/ProjectPilotEngine.ts:41:17)

    console.log
      OrganizationalIntelligenceEngine Started

      at OrganizationalIntelligenceEngine.initialize (Backend/HBOS/Engines/OrganizationalIntelligenceEngine.ts:132:17)

    console.log
      Memory Engine Started

      at MemoryEngine.initialize (Backend/HBOS/Engines/MemoryEngine.ts:22:17)

    console.log
      Knowledge Engine Started

      at KnowledgeEngine.initialize (Backend/HBOS/Engines/KnowledgeEngine.ts:22:17)

    console.log
      Project Pilot Engine Started

      at ProjectPilotEngine.initialize (Backend/HBOS/Engines/ProjectPilotEngine.ts:41:17)

    console.log
      OrganizationalIntelligenceEngine Started

      at OrganizationalIntelligenceEngine.initialize (Backend/HBOS/Engines/OrganizationalIntelligenceEngine.ts:132:17)

    console.log
      Memory Engine Started

      at MemoryEngine.initialize (Backend/HBOS/Engines/MemoryEngine.ts:22:17)

    console.log
      Knowledge Engine Started

      at KnowledgeEngine.initialize (Backend/HBOS/Engines/KnowledgeEngine.ts:22:17)

    console.log
      Project Pilot Engine Started

      at ProjectPilotEngine.initialize (Backend/HBOS/Engines/ProjectPilotEngine.ts:41:17)

    console.log
      OrganizationalIntelligenceEngine Started

      at OrganizationalIntelligenceEngine.initialize (Backend/HBOS/Engines/OrganizationalIntelligenceEngine.ts:132:17)

    console.log
      Memory Engine Started

      at MemoryEngine.initialize (Backend/HBOS/Engines/MemoryEngine.ts:22:17)

    console.log
      Knowledge Engine Started

      at KnowledgeEngine.initialize (Backend/HBOS/Engines/KnowledgeEngine.ts:22:17)

    console.log
      Project Pilot Engine Started

      at ProjectPilotEngine.initialize (Backend/HBOS/Engines/ProjectPilotEngine.ts:41:17)

    console.log
      OrganizationalIntelligenceEngine Started

      at OrganizationalIntelligenceEngine.initialize (Backend/HBOS/Engines/OrganizationalIntelligenceEngine.ts:132:17)

    console.log
      Memory Engine Started

      at MemoryEngine.initialize (Backend/HBOS/Engines/MemoryEngine.ts:22:17)

    console.log
      Knowledge Engine Started

      at KnowledgeEngine.initialize (Backend/HBOS/Engines/KnowledgeEngine.ts:22:17)

    console.log
      Project Pilot Engine Started

      at ProjectPilotEngine.initialize (Backend/HBOS/Engines/ProjectPilotEngine.ts:41:17)

    console.log
      OrganizationalIntelligenceEngine Started

      at OrganizationalIntelligenceEngine.initialize (Backend/HBOS/Engines/OrganizationalIntelligenceEngine.ts:132:17)

    console.log
      Memory Engine Started

      at MemoryEngine.initialize (Backend/HBOS/Engines/MemoryEngine.ts:22:17)

    console.log
      Knowledge Engine Started

      at KnowledgeEngine.initialize (Backend/HBOS/Engines/KnowledgeEngine.ts:22:17)

    console.log
      Project Pilot Engine Started

      at ProjectPilotEngine.initialize (Backend/HBOS/Engines/ProjectPilotEngine.ts:41:17)

    console.log
      OrganizationalIntelligenceEngine Started

      at OrganizationalIntelligenceEngine.initialize (Backend/HBOS/Engines/OrganizationalIntelligenceEngine.ts:132:17)

    console.log
      Memory Engine Started

      at MemoryEngine.initialize (Backend/HBOS/Engines/MemoryEngine.ts:22:17)

    console.log
      Knowledge Engine Started

      at KnowledgeEngine.initialize (Backend/HBOS/Engines/KnowledgeEngine.ts:22:17)

    console.log
      Project Pilot Engine Started

      at ProjectPilotEngine.initialize (Backend/HBOS/Engines/ProjectPilotEngine.ts:41:17)

    console.log
      OrganizationalIntelligenceEngine Started

      at OrganizationalIntelligenceEngine.initialize (Backend/HBOS/Engines/OrganizationalIntelligenceEngine.ts:132:17)

PASS Backend/HBOS/test/Bayesian.07-G.test.ts
PASS Backend/HBOS/test/ML.07-F.test.ts
PASS Backend/HBOS/test/RealWorldFinancialQualification.test.ts (177.538 s)
  ● Console

    console.log
      ReasoningEngine Started

      at ReasoningEngine.initialize (Backend/HBOS/Engines/ReasoningEngine.ts:110:17)

    console.log
      Memory Engine Started

      at MemoryEngine.initialize (Backend/HBOS/Engines/MemoryEngine.ts:22:17)

    console.log
      Knowledge Engine Started

      at KnowledgeEngine.initialize (Backend/HBOS/Engines/KnowledgeEngine.ts:22:17)

    console.log
      Project Pilot Engine Started

      at ProjectPilotEngine.initialize (Backend/HBOS/Engines/ProjectPilotEngine.ts:41:17)

    console.log
      ReasoningEngine Started

      at ReasoningEngine.initialize (Backend/HBOS/Engines/ReasoningEngine.ts:110:17)

    console.log
      OrganizationalIntelligenceEngine Started

      at OrganizationalIntelligenceEngine.initialize (Backend/HBOS/Engines/OrganizationalIntelligenceEngine.ts:132:17)

    console.log
      Governance Engine Started

      at GovernanceEngine.initialize (Backend/HBOS/Engines/GovernanceEngine.ts:140:17)

    console.log
      Memory Engine Started

      at MemoryEngine.initialize (Backend/HBOS/Engines/MemoryEngine.ts:22:17)

    console.log
      Memory Engine Started

      at MemoryEngine.initialize (Backend/HBOS/Engines/MemoryEngine.ts:22:17)

    console.log
      Knowledge Engine Started

      at KnowledgeEngine.initialize (Backend/HBOS/Engines/KnowledgeEngine.ts:22:17)

    console.log
      Project Pilot Engine Started

      at ProjectPilotEngine.initialize (Backend/HBOS/Engines/ProjectPilotEngine.ts:41:17)

    console.log
      ReasoningEngine Started

      at ReasoningEngine.initialize (Backend/HBOS/Engines/ReasoningEngine.ts:110:17)

    console.log
      OrganizationalIntelligenceEngine Started

      at OrganizationalIntelligenceEngine.initialize (Backend/HBOS/Engines/OrganizationalIntelligenceEngine.ts:132:17)

    console.log
      Governance Engine Started

      at GovernanceEngine.initialize (Backend/HBOS/Engines/GovernanceEngine.ts:140:17)

    console.log
      ExecutiveIntelligenceEngine Started

      at ExecutiveIntelligenceEngine.initialize (Backend/HBOS/Engines/ExecutiveIntelligenceEngine.ts:152:17)

    console.log
      Decision Engine Started

      at DecisionEngine.initialize (Backend/HBOS/Engines/DecisionEngine.ts:14:17)

    console.log
      Project Pilot Engine Started

      at ProjectPilotEngine.initialize (Backend/HBOS/Engines/ProjectPilotEngine.ts:41:17)

    console.log
      Governance Engine Started

      at GovernanceEngine.initialize (Backend/HBOS/Engines/GovernanceEngine.ts:140:17)

    console.log
      AutonomousOperationsEngine Started

      at AutonomousOperationsEngine.initialize (Backend/HBOS/Engines/AutonomousOperationsEngine.ts:152:17)

    console.log
      Knowledge Engine Started

      at KnowledgeEngine.initialize (Backend/HBOS/Engines/KnowledgeEngine.ts:22:17)

    console.log
      ReasoningEngine Started

      at ReasoningEngine.initialize (Backend/HBOS/Engines/ReasoningEngine.ts:110:17)

    console.log
      Memory Engine Started

      at MemoryEngine.initialize (Backend/HBOS/Engines/MemoryEngine.ts:22:17)

    console.log
      Knowledge Engine Started

      at KnowledgeEngine.initialize (Backend/HBOS/Engines/KnowledgeEngine.ts:22:17)

    console.log
      Project Pilot Engine Started

      at ProjectPilotEngine.initialize (Backend/HBOS/Engines/ProjectPilotEngine.ts:41:17)

    console.log
      ReasoningEngine Started

      at ReasoningEngine.initialize (Backend/HBOS/Engines/ReasoningEngine.ts:110:17)

    console.log
      OrganizationalIntelligenceEngine Started

      at OrganizationalIntelligenceEngine.initialize (Backend/HBOS/Engines/OrganizationalIntelligenceEngine.ts:132:17)

    console.log
      Governance Engine Started

      at GovernanceEngine.initialize (Backend/HBOS/Engines/GovernanceEngine.ts:140:17)

    console.log
      Memory Engine Started

      at MemoryEngine.initialize (Backend/HBOS/Engines/MemoryEngine.ts:22:17)

    console.log
      Memory Engine Started

      at MemoryEngine.initialize (Backend/HBOS/Engines/MemoryEngine.ts:22:17)

    console.log
      Knowledge Engine Started

      at KnowledgeEngine.initialize (Backend/HBOS/Engines/KnowledgeEngine.ts:22:17)

    console.log
      Project Pilot Engine Started

      at ProjectPilotEngine.initialize (Backend/HBOS/Engines/ProjectPilotEngine.ts:41:17)

    console.log
      ReasoningEngine Started

      at ReasoningEngine.initialize (Backend/HBOS/Engines/ReasoningEngine.ts:110:17)

    console.log
      OrganizationalIntelligenceEngine Started

      at OrganizationalIntelligenceEngine.initialize (Backend/HBOS/Engines/OrganizationalIntelligenceEngine.ts:132:17)

    console.log
      Governance Engine Started

      at GovernanceEngine.initialize (Backend/HBOS/Engines/GovernanceEngine.ts:140:17)

    console.log
      ExecutiveIntelligenceEngine Started

      at ExecutiveIntelligenceEngine.initialize (Backend/HBOS/Engines/ExecutiveIntelligenceEngine.ts:152:17)

    console.log
      Decision Engine Started

      at DecisionEngine.initialize (Backend/HBOS/Engines/DecisionEngine.ts:14:17)

    console.log
      Project Pilot Engine Started

      at ProjectPilotEngine.initialize (Backend/HBOS/Engines/ProjectPilotEngine.ts:41:17)

    console.log
      Governance Engine Started

      at GovernanceEngine.initialize (Backend/HBOS/Engines/GovernanceEngine.ts:140:17)

    console.log
      AutonomousOperationsEngine Started

      at AutonomousOperationsEngine.initialize (Backend/HBOS/Engines/AutonomousOperationsEngine.ts:152:17)

    console.log
      Knowledge Engine Started

      at KnowledgeEngine.initialize (Backend/HBOS/Engines/KnowledgeEngine.ts:22:17)

PASS Backend/HBOS/test/NLP.07-I.test.ts
PASS Backend/HBOS/test/EngineRegistry.phase-11-1.2.test.ts
PASS Backend/HBOS/test/ProvenanceTrace.test.ts
PASS Backend/HBOS/test/Uncertainty.07-D.A.test.ts
PASS Backend/HBOS/test/Phase14-IngestionRuntime.test.ts
  ● Console

    console.log
      ReasoningEngine Started

      at ReasoningEngine.initialize (Backend/HBOS/Engines/ReasoningEngine.ts:110:17)

    console.log
      Memory Engine Started

      at MemoryEngine.initialize (Backend/HBOS/Engines/MemoryEngine.ts:22:17)

    console.log
      Knowledge Engine Started

      at KnowledgeEngine.initialize (Backend/HBOS/Engines/KnowledgeEngine.ts:22:17)

    console.log
      Project Pilot Engine Started

      at ProjectPilotEngine.initialize (Backend/HBOS/Engines/ProjectPilotEngine.ts:41:17)

    console.log
      ReasoningEngine Started

      at ReasoningEngine.initialize (Backend/HBOS/Engines/ReasoningEngine.ts:110:17)

    console.log
      OrganizationalIntelligenceEngine Started

      at OrganizationalIntelligenceEngine.initialize (Backend/HBOS/Engines/OrganizationalIntelligenceEngine.ts:132:17)

    console.log
      Governance Engine Started

      at GovernanceEngine.initialize (Backend/HBOS/Engines/GovernanceEngine.ts:140:17)

    console.log
      Memory Engine Started

      at MemoryEngine.initialize (Backend/HBOS/Engines/MemoryEngine.ts:22:17)

    console.log
      Memory Engine Started

      at MemoryEngine.initialize (Backend/HBOS/Engines/MemoryEngine.ts:22:17)

    console.log
      Knowledge Engine Started

      at KnowledgeEngine.initialize (Backend/HBOS/Engines/KnowledgeEngine.ts:22:17)

    console.log
      Project Pilot Engine Started

      at ProjectPilotEngine.initialize (Backend/HBOS/Engines/ProjectPilotEngine.ts:41:17)

    console.log
      ReasoningEngine Started

      at ReasoningEngine.initialize (Backend/HBOS/Engines/ReasoningEngine.ts:110:17)

    console.log
      OrganizationalIntelligenceEngine Started

      at OrganizationalIntelligenceEngine.initialize (Backend/HBOS/Engines/OrganizationalIntelligenceEngine.ts:132:17)

    console.log
      Governance Engine Started

      at GovernanceEngine.initialize (Backend/HBOS/Engines/GovernanceEngine.ts:140:17)

    console.log
      ExecutiveIntelligenceEngine Started

      at ExecutiveIntelligenceEngine.initialize (Backend/HBOS/Engines/ExecutiveIntelligenceEngine.ts:152:17)

    console.log
      Decision Engine Started

      at DecisionEngine.initialize (Backend/HBOS/Engines/DecisionEngine.ts:14:17)

    console.log
      Project Pilot Engine Started

      at ProjectPilotEngine.initialize (Backend/HBOS/Engines/ProjectPilotEngine.ts:41:17)

    console.log
      Governance Engine Started

      at GovernanceEngine.initialize (Backend/HBOS/Engines/GovernanceEngine.ts:140:17)

    console.log
      AutonomousOperationsEngine Started

      at AutonomousOperationsEngine.initialize (Backend/HBOS/Engines/AutonomousOperationsEngine.ts:152:17)

    console.log
      Knowledge Engine Started

      at KnowledgeEngine.initialize (Backend/HBOS/Engines/KnowledgeEngine.ts:22:17)

    console.log
      ReasoningEngine Started

      at ReasoningEngine.initialize (Backend/HBOS/Engines/ReasoningEngine.ts:110:17)

    console.log
      Memory Engine Started

      at MemoryEngine.initialize (Backend/HBOS/Engines/MemoryEngine.ts:22:17)

    console.log
      Knowledge Engine Started

      at KnowledgeEngine.initialize (Backend/HBOS/Engines/KnowledgeEngine.ts:22:17)

    console.log
      Project Pilot Engine Started

      at ProjectPilotEngine.initialize (Backend/HBOS/Engines/ProjectPilotEngine.ts:41:17)

    console.log
      ReasoningEngine Started

      at ReasoningEngine.initialize (Backend/HBOS/Engines/ReasoningEngine.ts:110:17)

    console.log
      OrganizationalIntelligenceEngine Started

      at OrganizationalIntelligenceEngine.initialize (Backend/HBOS/Engines/OrganizationalIntelligenceEngine.ts:132:17)

    console.log
      Governance Engine Started

      at GovernanceEngine.initialize (Backend/HBOS/Engines/GovernanceEngine.ts:140:17)

    console.log
      Memory Engine Started

      at MemoryEngine.initialize (Backend/HBOS/Engines/MemoryEngine.ts:22:17)

    console.log
      Memory Engine Started

      at MemoryEngine.initialize (Backend/HBOS/Engines/MemoryEngine.ts:22:17)

    console.log
      Knowledge Engine Started

      at KnowledgeEngine.initialize (Backend/HBOS/Engines/KnowledgeEngine.ts:22:17)

    console.log
      Project Pilot Engine Started

      at ProjectPilotEngine.initialize (Backend/HBOS/Engines/ProjectPilotEngine.ts:41:17)

    console.log
      ReasoningEngine Started

      at ReasoningEngine.initialize (Backend/HBOS/Engines/ReasoningEngine.ts:110:17)

    console.log
      OrganizationalIntelligenceEngine Started

      at OrganizationalIntelligenceEngine.initialize (Backend/HBOS/Engines/OrganizationalIntelligenceEngine.ts:132:17)

    console.log
      Governance Engine Started

      at GovernanceEngine.initialize (Backend/HBOS/Engines/GovernanceEngine.ts:140:17)

    console.log
      ExecutiveIntelligenceEngine Started

      at ExecutiveIntelligenceEngine.initialize (Backend/HBOS/Engines/ExecutiveIntelligenceEngine.ts:152:17)

    console.log
      Decision Engine Started

      at DecisionEngine.initialize (Backend/HBOS/Engines/DecisionEngine.ts:14:17)

    console.log
      Project Pilot Engine Started

      at ProjectPilotEngine.initialize (Backend/HBOS/Engines/ProjectPilotEngine.ts:41:17)

    console.log
      Governance Engine Started

      at GovernanceEngine.initialize (Backend/HBOS/Engines/GovernanceEngine.ts:140:17)

    console.log
      AutonomousOperationsEngine Started

      at AutonomousOperationsEngine.initialize (Backend/HBOS/Engines/AutonomousOperationsEngine.ts:152:17)

    console.log
      Knowledge Engine Started

      at KnowledgeEngine.initialize (Backend/HBOS/Engines/KnowledgeEngine.ts:22:17)

    console.log
      ReasoningEngine Started

      at ReasoningEngine.initialize (Backend/HBOS/Engines/ReasoningEngine.ts:110:17)

    console.log
      Memory Engine Started

      at MemoryEngine.initialize (Backend/HBOS/Engines/MemoryEngine.ts:22:17)

    console.log
      Knowledge Engine Started

      at KnowledgeEngine.initialize (Backend/HBOS/Engines/KnowledgeEngine.ts:22:17)

    console.log
      Project Pilot Engine Started

      at ProjectPilotEngine.initialize (Backend/HBOS/Engines/ProjectPilotEngine.ts:41:17)

    console.log
      ReasoningEngine Started

      at ReasoningEngine.initialize (Backend/HBOS/Engines/ReasoningEngine.ts:110:17)

    console.log
      OrganizationalIntelligenceEngine Started

      at OrganizationalIntelligenceEngine.initialize (Backend/HBOS/Engines/OrganizationalIntelligenceEngine.ts:132:17)

    console.log
      Governance Engine Started

      at GovernanceEngine.initialize (Backend/HBOS/Engines/GovernanceEngine.ts:140:17)

    console.log
      Memory Engine Started

      at MemoryEngine.initialize (Backend/HBOS/Engines/MemoryEngine.ts:22:17)

    console.log
      Memory Engine Started

      at MemoryEngine.initialize (Backend/HBOS/Engines/MemoryEngine.ts:22:17)

    console.log
      Knowledge Engine Started

      at KnowledgeEngine.initialize (Backend/HBOS/Engines/KnowledgeEngine.ts:22:17)

    console.log
      Project Pilot Engine Started

      at ProjectPilotEngine.initialize (Backend/HBOS/Engines/ProjectPilotEngine.ts:41:17)

    console.log
      ReasoningEngine Started

      at ReasoningEngine.initialize (Backend/HBOS/Engines/ReasoningEngine.ts:110:17)

    console.log
      OrganizationalIntelligenceEngine Started

      at OrganizationalIntelligenceEngine.initialize (Backend/HBOS/Engines/OrganizationalIntelligenceEngine.ts:132:17)

    console.log
      Governance Engine Started

      at GovernanceEngine.initialize (Backend/HBOS/Engines/GovernanceEngine.ts:140:17)

    console.log
      ExecutiveIntelligenceEngine Started

      at ExecutiveIntelligenceEngine.initialize (Backend/HBOS/Engines/ExecutiveIntelligenceEngine.ts:152:17)

    console.log
      Decision Engine Started

      at DecisionEngine.initialize (Backend/HBOS/Engines/DecisionEngine.ts:14:17)

    console.log
      Project Pilot Engine Started

      at ProjectPilotEngine.initialize (Backend/HBOS/Engines/ProjectPilotEngine.ts:41:17)

    console.log
      Governance Engine Started

      at GovernanceEngine.initialize (Backend/HBOS/Engines/GovernanceEngine.ts:140:17)

    console.log
      AutonomousOperationsEngine Started

      at AutonomousOperationsEngine.initialize (Backend/HBOS/Engines/AutonomousOperationsEngine.ts:152:17)

    console.log
      Knowledge Engine Started

      at KnowledgeEngine.initialize (Backend/HBOS/Engines/KnowledgeEngine.ts:22:17)

    console.log
      ReasoningEngine Started

      at ReasoningEngine.initialize (Backend/HBOS/Engines/ReasoningEngine.ts:110:17)

    console.log
      Memory Engine Started

      at MemoryEngine.initialize (Backend/HBOS/Engines/MemoryEngine.ts:22:17)

    console.log
      Knowledge Engine Started

      at KnowledgeEngine.initialize (Backend/HBOS/Engines/KnowledgeEngine.ts:22:17)

    console.log
      Project Pilot Engine Started

      at ProjectPilotEngine.initialize (Backend/HBOS/Engines/ProjectPilotEngine.ts:41:17)

    console.log
      ReasoningEngine Started

      at ReasoningEngine.initialize (Backend/HBOS/Engines/ReasoningEngine.ts:110:17)

    console.log
      OrganizationalIntelligenceEngine Started

      at OrganizationalIntelligenceEngine.initialize (Backend/HBOS/Engines/OrganizationalIntelligenceEngine.ts:132:17)

    console.log
      Governance Engine Started

      at GovernanceEngine.initialize (Backend/HBOS/Engines/GovernanceEngine.ts:140:17)

    console.log
      Memory Engine Started

      at MemoryEngine.initialize (Backend/HBOS/Engines/MemoryEngine.ts:22:17)

    console.log
      Memory Engine Started

      at MemoryEngine.initialize (Backend/HBOS/Engines/MemoryEngine.ts:22:17)

    console.log
      Knowledge Engine Started

      at KnowledgeEngine.initialize (Backend/HBOS/Engines/KnowledgeEngine.ts:22:17)

    console.log
      Project Pilot Engine Started

      at ProjectPilotEngine.initialize (Backend/HBOS/Engines/ProjectPilotEngine.ts:41:17)

    console.log
      ReasoningEngine Started

      at ReasoningEngine.initialize (Backend/HBOS/Engines/ReasoningEngine.ts:110:17)

    console.log
      OrganizationalIntelligenceEngine Started

      at OrganizationalIntelligenceEngine.initialize (Backend/HBOS/Engines/OrganizationalIntelligenceEngine.ts:132:17)

    console.log
      Governance Engine Started

      at GovernanceEngine.initialize (Backend/HBOS/Engines/GovernanceEngine.ts:140:17)

    console.log
      ExecutiveIntelligenceEngine Started

      at ExecutiveIntelligenceEngine.initialize (Backend/HBOS/Engines/ExecutiveIntelligenceEngine.ts:152:17)

    console.log
      Decision Engine Started

      at DecisionEngine.initialize (Backend/HBOS/Engines/DecisionEngine.ts:14:17)

    console.log
      Project Pilot Engine Started

      at ProjectPilotEngine.initialize (Backend/HBOS/Engines/ProjectPilotEngine.ts:41:17)

    console.log
      Governance Engine Started

      at GovernanceEngine.initialize (Backend/HBOS/Engines/GovernanceEngine.ts:140:17)

    console.log
      AutonomousOperationsEngine Started

      at AutonomousOperationsEngine.initialize (Backend/HBOS/Engines/AutonomousOperationsEngine.ts:152:17)

    console.log
      Knowledge Engine Started

      at KnowledgeEngine.initialize (Backend/HBOS/Engines/KnowledgeEngine.ts:22:17)

    console.log
      ReasoningEngine Started

      at ReasoningEngine.initialize (Backend/HBOS/Engines/ReasoningEngine.ts:110:17)

    console.log
      Memory Engine Started

      at MemoryEngine.initialize (Backend/HBOS/Engines/MemoryEngine.ts:22:17)

    console.log
      Knowledge Engine Started

      at KnowledgeEngine.initialize (Backend/HBOS/Engines/KnowledgeEngine.ts:22:17)

    console.log
      Project Pilot Engine Started

      at ProjectPilotEngine.initialize (Backend/HBOS/Engines/ProjectPilotEngine.ts:41:17)

    console.log
      ReasoningEngine Started

      at ReasoningEngine.initialize (Backend/HBOS/Engines/ReasoningEngine.ts:110:17)

    console.log
      OrganizationalIntelligenceEngine Started

      at OrganizationalIntelligenceEngine.initialize (Backend/HBOS/Engines/OrganizationalIntelligenceEngine.ts:132:17)

    console.log
      Governance Engine Started

      at GovernanceEngine.initialize (Backend/HBOS/Engines/GovernanceEngine.ts:140:17)

    console.log
      Memory Engine Started

      at MemoryEngine.initialize (Backend/HBOS/Engines/MemoryEngine.ts:22:17)

    console.log
      Memory Engine Started

      at MemoryEngine.initialize (Backend/HBOS/Engines/MemoryEngine.ts:22:17)

    console.log
      Knowledge Engine Started

      at KnowledgeEngine.initialize (Backend/HBOS/Engines/KnowledgeEngine.ts:22:17)

    console.log
      Project Pilot Engine Started

      at ProjectPilotEngine.initialize (Backend/HBOS/Engines/ProjectPilotEngine.ts:41:17)

    console.log
      ReasoningEngine Started

      at ReasoningEngine.initialize (Backend/HBOS/Engines/ReasoningEngine.ts:110:17)

    console.log
      OrganizationalIntelligenceEngine Started

      at OrganizationalIntelligenceEngine.initialize (Backend/HBOS/Engines/OrganizationalIntelligenceEngine.ts:132:17)

    console.log
      Governance Engine Started

      at GovernanceEngine.initialize (Backend/HBOS/Engines/GovernanceEngine.ts:140:17)

    console.log
      ExecutiveIntelligenceEngine Started

      at ExecutiveIntelligenceEngine.initialize (Backend/HBOS/Engines/ExecutiveIntelligenceEngine.ts:152:17)

    console.log
      Decision Engine Started

      at DecisionEngine.initialize (Backend/HBOS/Engines/DecisionEngine.ts:14:17)

    console.log
      Project Pilot Engine Started

      at ProjectPilotEngine.initialize (Backend/HBOS/Engines/ProjectPilotEngine.ts:41:17)

    console.log
      Governance Engine Started

      at GovernanceEngine.initialize (Backend/HBOS/Engines/GovernanceEngine.ts:140:17)

    console.log
      AutonomousOperationsEngine Started

      at AutonomousOperationsEngine.initialize (Backend/HBOS/Engines/AutonomousOperationsEngine.ts:152:17)

    console.log
      Knowledge Engine Started

      at KnowledgeEngine.initialize (Backend/HBOS/Engines/KnowledgeEngine.ts:22:17)

    console.log
      ReasoningEngine Started

      at ReasoningEngine.initialize (Backend/HBOS/Engines/ReasoningEngine.ts:110:17)

    console.log
      Memory Engine Started

      at MemoryEngine.initialize (Backend/HBOS/Engines/MemoryEngine.ts:22:17)

    console.log
      Knowledge Engine Started

      at KnowledgeEngine.initialize (Backend/HBOS/Engines/KnowledgeEngine.ts:22:17)

    console.log
      Project Pilot Engine Started

      at ProjectPilotEngine.initialize (Backend/HBOS/Engines/ProjectPilotEngine.ts:41:17)

    console.log
      ReasoningEngine Started

      at ReasoningEngine.initialize (Backend/HBOS/Engines/ReasoningEngine.ts:110:17)

    console.log
      OrganizationalIntelligenceEngine Started

      at OrganizationalIntelligenceEngine.initialize (Backend/HBOS/Engines/OrganizationalIntelligenceEngine.ts:132:17)

    console.log
      Governance Engine Started

      at GovernanceEngine.initialize (Backend/HBOS/Engines/GovernanceEngine.ts:140:17)

    console.log
      Memory Engine Started

      at MemoryEngine.initialize (Backend/HBOS/Engines/MemoryEngine.ts:22:17)

    console.log
      Memory Engine Started

      at MemoryEngine.initialize (Backend/HBOS/Engines/MemoryEngine.ts:22:17)

    console.log
      Knowledge Engine Started

      at KnowledgeEngine.initialize (Backend/HBOS/Engines/KnowledgeEngine.ts:22:17)

    console.log
      Project Pilot Engine Started

      at ProjectPilotEngine.initialize (Backend/HBOS/Engines/ProjectPilotEngine.ts:41:17)

    console.log
      ReasoningEngine Started

      at ReasoningEngine.initialize (Backend/HBOS/Engines/ReasoningEngine.ts:110:17)

    console.log
      OrganizationalIntelligenceEngine Started

      at OrganizationalIntelligenceEngine.initialize (Backend/HBOS/Engines/OrganizationalIntelligenceEngine.ts:132:17)

    console.log
      Governance Engine Started

      at GovernanceEngine.initialize (Backend/HBOS/Engines/GovernanceEngine.ts:140:17)

    console.log
      ExecutiveIntelligenceEngine Started

      at ExecutiveIntelligenceEngine.initialize (Backend/HBOS/Engines/ExecutiveIntelligenceEngine.ts:152:17)

    console.log
      Decision Engine Started

      at DecisionEngine.initialize (Backend/HBOS/Engines/DecisionEngine.ts:14:17)

    console.log
      Project Pilot Engine Started

      at ProjectPilotEngine.initialize (Backend/HBOS/Engines/ProjectPilotEngine.ts:41:17)

    console.log
      Governance Engine Started

      at GovernanceEngine.initialize (Backend/HBOS/Engines/GovernanceEngine.ts:140:17)

    console.log
      AutonomousOperationsEngine Started

      at AutonomousOperationsEngine.initialize (Backend/HBOS/Engines/AutonomousOperationsEngine.ts:152:17)

    console.log
      Knowledge Engine Started

      at KnowledgeEngine.initialize (Backend/HBOS/Engines/KnowledgeEngine.ts:22:17)

PASS Backend/HBOS/test/Evaluation.07-J.test.ts
PASS Backend/HBOS/test/PdfIngestionRuntime.test.ts (107.033 s)
  ● Console

    console.log
      ReasoningEngine Started

      at ReasoningEngine.initialize (Backend/HBOS/Engines/ReasoningEngine.ts:110:17)

    console.log
      Memory Engine Started

      at MemoryEngine.initialize (Backend/HBOS/Engines/MemoryEngine.ts:22:17)

    console.log
      Knowledge Engine Started

      at KnowledgeEngine.initialize (Backend/HBOS/Engines/KnowledgeEngine.ts:22:17)

    console.log
      Project Pilot Engine Started

      at ProjectPilotEngine.initialize (Backend/HBOS/Engines/ProjectPilotEngine.ts:41:17)

    console.log
      ReasoningEngine Started

      at ReasoningEngine.initialize (Backend/HBOS/Engines/ReasoningEngine.ts:110:17)

    console.log
      OrganizationalIntelligenceEngine Started

      at OrganizationalIntelligenceEngine.initialize (Backend/HBOS/Engines/OrganizationalIntelligenceEngine.ts:132:17)

    console.log
      Governance Engine Started

      at GovernanceEngine.initialize (Backend/HBOS/Engines/GovernanceEngine.ts:140:17)

    console.log
      Memory Engine Started

      at MemoryEngine.initialize (Backend/HBOS/Engines/MemoryEngine.ts:22:17)

    console.log
      Memory Engine Started

      at MemoryEngine.initialize (Backend/HBOS/Engines/MemoryEngine.ts:22:17)

    console.log
      Knowledge Engine Started

      at KnowledgeEngine.initialize (Backend/HBOS/Engines/KnowledgeEngine.ts:22:17)

    console.log
      Project Pilot Engine Started

      at ProjectPilotEngine.initialize (Backend/HBOS/Engines/ProjectPilotEngine.ts:41:17)

    console.log
      ReasoningEngine Started

      at ReasoningEngine.initialize (Backend/HBOS/Engines/ReasoningEngine.ts:110:17)

    console.log
      OrganizationalIntelligenceEngine Started

      at OrganizationalIntelligenceEngine.initialize (Backend/HBOS/Engines/OrganizationalIntelligenceEngine.ts:132:17)

    console.log
      Governance Engine Started

      at GovernanceEngine.initialize (Backend/HBOS/Engines/GovernanceEngine.ts:140:17)

    console.log
      ExecutiveIntelligenceEngine Started

      at ExecutiveIntelligenceEngine.initialize (Backend/HBOS/Engines/ExecutiveIntelligenceEngine.ts:152:17)

    console.log
      Decision Engine Started

      at DecisionEngine.initialize (Backend/HBOS/Engines/DecisionEngine.ts:14:17)

    console.log
      Project Pilot Engine Started

      at ProjectPilotEngine.initialize (Backend/HBOS/Engines/ProjectPilotEngine.ts:41:17)

    console.log
      Governance Engine Started

      at GovernanceEngine.initialize (Backend/HBOS/Engines/GovernanceEngine.ts:140:17)

    console.log
      AutonomousOperationsEngine Started

      at AutonomousOperationsEngine.initialize (Backend/HBOS/Engines/AutonomousOperationsEngine.ts:152:17)

    console.log
      Knowledge Engine Started

      at KnowledgeEngine.initialize (Backend/HBOS/Engines/KnowledgeEngine.ts:22:17)

    console.log
      ReasoningEngine Started

      at ReasoningEngine.initialize (Backend/HBOS/Engines/ReasoningEngine.ts:110:17)

    console.log
      Memory Engine Started

      at MemoryEngine.initialize (Backend/HBOS/Engines/MemoryEngine.ts:22:17)

    console.log
      Knowledge Engine Started

      at KnowledgeEngine.initialize (Backend/HBOS/Engines/KnowledgeEngine.ts:22:17)

    console.log
      Project Pilot Engine Started

      at ProjectPilotEngine.initialize (Backend/HBOS/Engines/ProjectPilotEngine.ts:41:17)

    console.log
      ReasoningEngine Started

      at ReasoningEngine.initialize (Backend/HBOS/Engines/ReasoningEngine.ts:110:17)

    console.log
      OrganizationalIntelligenceEngine Started

      at OrganizationalIntelligenceEngine.initialize (Backend/HBOS/Engines/OrganizationalIntelligenceEngine.ts:132:17)

    console.log
      Governance Engine Started

      at GovernanceEngine.initialize (Backend/HBOS/Engines/GovernanceEngine.ts:140:17)

    console.log
      Memory Engine Started

      at MemoryEngine.initialize (Backend/HBOS/Engines/MemoryEngine.ts:22:17)

    console.log
      Memory Engine Started

      at MemoryEngine.initialize (Backend/HBOS/Engines/MemoryEngine.ts:22:17)

    console.log
      Knowledge Engine Started

      at KnowledgeEngine.initialize (Backend/HBOS/Engines/KnowledgeEngine.ts:22:17)

    console.log
      Project Pilot Engine Started

      at ProjectPilotEngine.initialize (Backend/HBOS/Engines/ProjectPilotEngine.ts:41:17)

    console.log
      ReasoningEngine Started

      at ReasoningEngine.initialize (Backend/HBOS/Engines/ReasoningEngine.ts:110:17)

    console.log
      OrganizationalIntelligenceEngine Started

      at OrganizationalIntelligenceEngine.initialize (Backend/HBOS/Engines/OrganizationalIntelligenceEngine.ts:132:17)

    console.log
      Governance Engine Started

      at GovernanceEngine.initialize (Backend/HBOS/Engines/GovernanceEngine.ts:140:17)

    console.log
      ExecutiveIntelligenceEngine Started

      at ExecutiveIntelligenceEngine.initialize (Backend/HBOS/Engines/ExecutiveIntelligenceEngine.ts:152:17)

    console.log
      Decision Engine Started

      at DecisionEngine.initialize (Backend/HBOS/Engines/DecisionEngine.ts:14:17)

    console.log
      Project Pilot Engine Started

      at ProjectPilotEngine.initialize (Backend/HBOS/Engines/ProjectPilotEngine.ts:41:17)

    console.log
      Governance Engine Started

      at GovernanceEngine.initialize (Backend/HBOS/Engines/GovernanceEngine.ts:140:17)

    console.log
      AutonomousOperationsEngine Started

      at AutonomousOperationsEngine.initialize (Backend/HBOS/Engines/AutonomousOperationsEngine.ts:152:17)

    console.log
      Knowledge Engine Started

      at KnowledgeEngine.initialize (Backend/HBOS/Engines/KnowledgeEngine.ts:22:17)

    console.log
      ReasoningEngine Started

      at ReasoningEngine.initialize (Backend/HBOS/Engines/ReasoningEngine.ts:110:17)

    console.log
      Memory Engine Started

      at MemoryEngine.initialize (Backend/HBOS/Engines/MemoryEngine.ts:22:17)

    console.log
      Knowledge Engine Started

      at KnowledgeEngine.initialize (Backend/HBOS/Engines/KnowledgeEngine.ts:22:17)

    console.log
      Project Pilot Engine Started

      at ProjectPilotEngine.initialize (Backend/HBOS/Engines/ProjectPilotEngine.ts:41:17)

    console.log
      ReasoningEngine Started

      at ReasoningEngine.initialize (Backend/HBOS/Engines/ReasoningEngine.ts:110:17)

    console.log
      OrganizationalIntelligenceEngine Started

      at OrganizationalIntelligenceEngine.initialize (Backend/HBOS/Engines/OrganizationalIntelligenceEngine.ts:132:17)

    console.log
      Governance Engine Started

      at GovernanceEngine.initialize (Backend/HBOS/Engines/GovernanceEngine.ts:140:17)

    console.log
      Memory Engine Started

      at MemoryEngine.initialize (Backend/HBOS/Engines/MemoryEngine.ts:22:17)

    console.log
      Memory Engine Started

      at MemoryEngine.initialize (Backend/HBOS/Engines/MemoryEngine.ts:22:17)

    console.log
      Knowledge Engine Started

      at KnowledgeEngine.initialize (Backend/HBOS/Engines/KnowledgeEngine.ts:22:17)

    console.log
      Project Pilot Engine Started

      at ProjectPilotEngine.initialize (Backend/HBOS/Engines/ProjectPilotEngine.ts:41:17)

    console.log
      ReasoningEngine Started

      at ReasoningEngine.initialize (Backend/HBOS/Engines/ReasoningEngine.ts:110:17)

    console.log
      OrganizationalIntelligenceEngine Started

      at OrganizationalIntelligenceEngine.initialize (Backend/HBOS/Engines/OrganizationalIntelligenceEngine.ts:132:17)

    console.log
      Governance Engine Started

      at GovernanceEngine.initialize (Backend/HBOS/Engines/GovernanceEngine.ts:140:17)

    console.log
      ExecutiveIntelligenceEngine Started

      at ExecutiveIntelligenceEngine.initialize (Backend/HBOS/Engines/ExecutiveIntelligenceEngine.ts:152:17)

    console.log
      Decision Engine Started

      at DecisionEngine.initialize (Backend/HBOS/Engines/DecisionEngine.ts:14:17)

    console.log
      Project Pilot Engine Started

      at ProjectPilotEngine.initialize (Backend/HBOS/Engines/ProjectPilotEngine.ts:41:17)

    console.log
      Governance Engine Started

      at GovernanceEngine.initialize (Backend/HBOS/Engines/GovernanceEngine.ts:140:17)

    console.log
      AutonomousOperationsEngine Started

      at AutonomousOperationsEngine.initialize (Backend/HBOS/Engines/AutonomousOperationsEngine.ts:152:17)

    console.log
      Knowledge Engine Started

      at KnowledgeEngine.initialize (Backend/HBOS/Engines/KnowledgeEngine.ts:22:17)

    console.log
      ReasoningEngine Started

      at ReasoningEngine.initialize (Backend/HBOS/Engines/ReasoningEngine.ts:110:17)

    console.log
      Memory Engine Started

      at MemoryEngine.initialize (Backend/HBOS/Engines/MemoryEngine.ts:22:17)

    console.log
      Knowledge Engine Started

      at KnowledgeEngine.initialize (Backend/HBOS/Engines/KnowledgeEngine.ts:22:17)

    console.log
      Project Pilot Engine Started

      at ProjectPilotEngine.initialize (Backend/HBOS/Engines/ProjectPilotEngine.ts:41:17)

    console.log
      ReasoningEngine Started

      at ReasoningEngine.initialize (Backend/HBOS/Engines/ReasoningEngine.ts:110:17)

    console.log
      OrganizationalIntelligenceEngine Started

      at OrganizationalIntelligenceEngine.initialize (Backend/HBOS/Engines/OrganizationalIntelligenceEngine.ts:132:17)

    console.log
      Governance Engine Started

      at GovernanceEngine.initialize (Backend/HBOS/Engines/GovernanceEngine.ts:140:17)

    console.log
      Memory Engine Started

      at MemoryEngine.initialize (Backend/HBOS/Engines/MemoryEngine.ts:22:17)

    console.log
      Memory Engine Started

      at MemoryEngine.initialize (Backend/HBOS/Engines/MemoryEngine.ts:22:17)

    console.log
      Knowledge Engine Started

      at KnowledgeEngine.initialize (Backend/HBOS/Engines/KnowledgeEngine.ts:22:17)

    console.log
      Project Pilot Engine Started

      at ProjectPilotEngine.initialize (Backend/HBOS/Engines/ProjectPilotEngine.ts:41:17)

    console.log
      ReasoningEngine Started

      at ReasoningEngine.initialize (Backend/HBOS/Engines/ReasoningEngine.ts:110:17)

    console.log
      OrganizationalIntelligenceEngine Started

      at OrganizationalIntelligenceEngine.initialize (Backend/HBOS/Engines/OrganizationalIntelligenceEngine.ts:132:17)

    console.log
      Governance Engine Started

      at GovernanceEngine.initialize (Backend/HBOS/Engines/GovernanceEngine.ts:140:17)

    console.log
      ExecutiveIntelligenceEngine Started

      at ExecutiveIntelligenceEngine.initialize (Backend/HBOS/Engines/ExecutiveIntelligenceEngine.ts:152:17)

    console.log
      Decision Engine Started

      at DecisionEngine.initialize (Backend/HBOS/Engines/DecisionEngine.ts:14:17)

    console.log
      Project Pilot Engine Started

      at ProjectPilotEngine.initialize (Backend/HBOS/Engines/ProjectPilotEngine.ts:41:17)

    console.log
      Governance Engine Started

      at GovernanceEngine.initialize (Backend/HBOS/Engines/GovernanceEngine.ts:140:17)

    console.log
      AutonomousOperationsEngine Started

      at AutonomousOperationsEngine.initialize (Backend/HBOS/Engines/AutonomousOperationsEngine.ts:152:17)

    console.log
      Knowledge Engine Started

      at KnowledgeEngine.initialize (Backend/HBOS/Engines/KnowledgeEngine.ts:22:17)

PASS Backend/HBOS/test/ModelSelection.07-C.D.test.ts
PASS Backend/HBOS/test/FinancialDataIngestionAdapter.test.ts (140.902 s)
PASS Backend/HBOS/test/Phase08-09.OperationalClosure.test.ts (11.401 s)
  ● Console

    console.log
      ReasoningEngine Started

      at ReasoningEngine.initialize (Backend/HBOS/Engines/ReasoningEngine.ts:110:17)

    console.log
      Memory Engine Started

      at MemoryEngine.initialize (Backend/HBOS/Engines/MemoryEngine.ts:22:17)

    console.log
      Knowledge Engine Started

      at KnowledgeEngine.initialize (Backend/HBOS/Engines/KnowledgeEngine.ts:22:17)

    console.log
      Project Pilot Engine Started

      at ProjectPilotEngine.initialize (Backend/HBOS/Engines/ProjectPilotEngine.ts:41:17)

    console.log
      ReasoningEngine Started

      at ReasoningEngine.initialize (Backend/HBOS/Engines/ReasoningEngine.ts:110:17)

    console.log
      OrganizationalIntelligenceEngine Started

      at OrganizationalIntelligenceEngine.initialize (Backend/HBOS/Engines/OrganizationalIntelligenceEngine.ts:132:17)

    console.log
      Governance Engine Started

      at GovernanceEngine.initialize (Backend/HBOS/Engines/GovernanceEngine.ts:140:17)

    console.log
      Memory Engine Started

      at MemoryEngine.initialize (Backend/HBOS/Engines/MemoryEngine.ts:22:17)

    console.log
      Memory Engine Started

      at MemoryEngine.initialize (Backend/HBOS/Engines/MemoryEngine.ts:22:17)

    console.log
      Knowledge Engine Started

      at KnowledgeEngine.initialize (Backend/HBOS/Engines/KnowledgeEngine.ts:22:17)

    console.log
      Project Pilot Engine Started

      at ProjectPilotEngine.initialize (Backend/HBOS/Engines/ProjectPilotEngine.ts:41:17)

    console.log
      ReasoningEngine Started

      at ReasoningEngine.initialize (Backend/HBOS/Engines/ReasoningEngine.ts:110:17)

    console.log
      OrganizationalIntelligenceEngine Started

      at OrganizationalIntelligenceEngine.initialize (Backend/HBOS/Engines/OrganizationalIntelligenceEngine.ts:132:17)

    console.log
      Governance Engine Started

      at GovernanceEngine.initialize (Backend/HBOS/Engines/GovernanceEngine.ts:140:17)

    console.log
      ExecutiveIntelligenceEngine Started

      at ExecutiveIntelligenceEngine.initialize (Backend/HBOS/Engines/ExecutiveIntelligenceEngine.ts:152:17)

    console.log
      Decision Engine Started

      at DecisionEngine.initialize (Backend/HBOS/Engines/DecisionEngine.ts:14:17)

    console.log
      Project Pilot Engine Started

      at ProjectPilotEngine.initialize (Backend/HBOS/Engines/ProjectPilotEngine.ts:41:17)

    console.log
      Governance Engine Started

      at GovernanceEngine.initialize (Backend/HBOS/Engines/GovernanceEngine.ts:140:17)

    console.log
      AutonomousOperationsEngine Started

      at AutonomousOperationsEngine.initialize (Backend/HBOS/Engines/AutonomousOperationsEngine.ts:152:17)

    console.log
      Knowledge Engine Started

      at KnowledgeEngine.initialize (Backend/HBOS/Engines/KnowledgeEngine.ts:22:17)

FAIL Backend/HBOS/test/FinancialReportRuntime.test.ts (22.718 s)
  ● Console

    console.log
      ReasoningEngine Started

      at ReasoningEngine.initialize (Backend/HBOS/Engines/ReasoningEngine.ts:110:17)

    console.log
      Memory Engine Started

      at MemoryEngine.initialize (Backend/HBOS/Engines/MemoryEngine.ts:22:17)

    console.log
      Knowledge Engine Started

      at KnowledgeEngine.initialize (Backend/HBOS/Engines/KnowledgeEngine.ts:22:17)

    console.log
      Project Pilot Engine Started

      at ProjectPilotEngine.initialize (Backend/HBOS/Engines/ProjectPilotEngine.ts:41:17)

    console.log
      ReasoningEngine Started

      at ReasoningEngine.initialize (Backend/HBOS/Engines/ReasoningEngine.ts:110:17)

    console.log
      OrganizationalIntelligenceEngine Started

      at OrganizationalIntelligenceEngine.initialize (Backend/HBOS/Engines/OrganizationalIntelligenceEngine.ts:132:17)

    console.log
      Governance Engine Started

      at GovernanceEngine.initialize (Backend/HBOS/Engines/GovernanceEngine.ts:140:17)

    console.log
      Memory Engine Started

      at MemoryEngine.initialize (Backend/HBOS/Engines/MemoryEngine.ts:22:17)

    console.log
      Memory Engine Started

      at MemoryEngine.initialize (Backend/HBOS/Engines/MemoryEngine.ts:22:17)

    console.log
      Knowledge Engine Started

      at KnowledgeEngine.initialize (Backend/HBOS/Engines/KnowledgeEngine.ts:22:17)

    console.log
      Project Pilot Engine Started

      at ProjectPilotEngine.initialize (Backend/HBOS/Engines/ProjectPilotEngine.ts:41:17)

    console.log
      ReasoningEngine Started

      at ReasoningEngine.initialize (Backend/HBOS/Engines/ReasoningEngine.ts:110:17)

    console.log
      OrganizationalIntelligenceEngine Started

      at OrganizationalIntelligenceEngine.initialize (Backend/HBOS/Engines/OrganizationalIntelligenceEngine.ts:132:17)

    console.log
      Governance Engine Started

      at GovernanceEngine.initialize (Backend/HBOS/Engines/GovernanceEngine.ts:140:17)

    console.log
      ExecutiveIntelligenceEngine Started

      at ExecutiveIntelligenceEngine.initialize (Backend/HBOS/Engines/ExecutiveIntelligenceEngine.ts:152:17)

    console.log
      Decision Engine Started

      at DecisionEngine.initialize (Backend/HBOS/Engines/DecisionEngine.ts:14:17)

    console.log
      Project Pilot Engine Started

      at ProjectPilotEngine.initialize (Backend/HBOS/Engines/ProjectPilotEngine.ts:41:17)

    console.log
      Governance Engine Started

      at GovernanceEngine.initialize (Backend/HBOS/Engines/GovernanceEngine.ts:140:17)

    console.log
      AutonomousOperationsEngine Started

      at AutonomousOperationsEngine.initialize (Backend/HBOS/Engines/AutonomousOperationsEngine.ts:152:17)

    console.log
      Knowledge Engine Started

      at KnowledgeEngine.initialize (Backend/HBOS/Engines/KnowledgeEngine.ts:22:17)

    console.log
      ReasoningEngine Started

      at ReasoningEngine.initialize (Backend/HBOS/Engines/ReasoningEngine.ts:110:17)

    console.log
      Memory Engine Started

      at MemoryEngine.initialize (Backend/HBOS/Engines/MemoryEngine.ts:22:17)

    console.log
      Knowledge Engine Started

      at KnowledgeEngine.initialize (Backend/HBOS/Engines/KnowledgeEngine.ts:22:17)

    console.log
      Project Pilot Engine Started

      at ProjectPilotEngine.initialize (Backend/HBOS/Engines/ProjectPilotEngine.ts:41:17)

    console.log
      ReasoningEngine Started

      at ReasoningEngine.initialize (Backend/HBOS/Engines/ReasoningEngine.ts:110:17)

    console.log
      OrganizationalIntelligenceEngine Started

      at OrganizationalIntelligenceEngine.initialize (Backend/HBOS/Engines/OrganizationalIntelligenceEngine.ts:132:17)

    console.log
      Governance Engine Started

      at GovernanceEngine.initialize (Backend/HBOS/Engines/GovernanceEngine.ts:140:17)

    console.log
      Memory Engine Started

      at MemoryEngine.initialize (Backend/HBOS/Engines/MemoryEngine.ts:22:17)

    console.log
      Memory Engine Started

      at MemoryEngine.initialize (Backend/HBOS/Engines/MemoryEngine.ts:22:17)

    console.log
      Knowledge Engine Started

      at KnowledgeEngine.initialize (Backend/HBOS/Engines/KnowledgeEngine.ts:22:17)

    console.log
      Project Pilot Engine Started

      at ProjectPilotEngine.initialize (Backend/HBOS/Engines/ProjectPilotEngine.ts:41:17)

    console.log
      ReasoningEngine Started

      at ReasoningEngine.initialize (Backend/HBOS/Engines/ReasoningEngine.ts:110:17)

    console.log
      OrganizationalIntelligenceEngine Started

      at OrganizationalIntelligenceEngine.initialize (Backend/HBOS/Engines/OrganizationalIntelligenceEngine.ts:132:17)

    console.log
      Governance Engine Started

      at GovernanceEngine.initialize (Backend/HBOS/Engines/GovernanceEngine.ts:140:17)

    console.log
      ExecutiveIntelligenceEngine Started

      at ExecutiveIntelligenceEngine.initialize (Backend/HBOS/Engines/ExecutiveIntelligenceEngine.ts:152:17)

    console.log
      Decision Engine Started

      at DecisionEngine.initialize (Backend/HBOS/Engines/DecisionEngine.ts:14:17)

    console.log
      Project Pilot Engine Started

      at ProjectPilotEngine.initialize (Backend/HBOS/Engines/ProjectPilotEngine.ts:41:17)

    console.log
      Governance Engine Started

      at GovernanceEngine.initialize (Backend/HBOS/Engines/GovernanceEngine.ts:140:17)

    console.log
      AutonomousOperationsEngine Started

      at AutonomousOperationsEngine.initialize (Backend/HBOS/Engines/AutonomousOperationsEngine.ts:152:17)

    console.log
      Knowledge Engine Started

      at KnowledgeEngine.initialize (Backend/HBOS/Engines/KnowledgeEngine.ts:22:17)

    console.log
      ReasoningEngine Started

      at ReasoningEngine.initialize (Backend/HBOS/Engines/ReasoningEngine.ts:110:17)

    console.log
      Memory Engine Started

      at MemoryEngine.initialize (Backend/HBOS/Engines/MemoryEngine.ts:22:17)

    console.log
      Knowledge Engine Started

      at KnowledgeEngine.initialize (Backend/HBOS/Engines/KnowledgeEngine.ts:22:17)

    console.log
      Project Pilot Engine Started

      at ProjectPilotEngine.initialize (Backend/HBOS/Engines/ProjectPilotEngine.ts:41:17)

    console.log
      ReasoningEngine Started

      at ReasoningEngine.initialize (Backend/HBOS/Engines/ReasoningEngine.ts:110:17)

    console.log
      OrganizationalIntelligenceEngine Started

      at OrganizationalIntelligenceEngine.initialize (Backend/HBOS/Engines/OrganizationalIntelligenceEngine.ts:132:17)

    console.log
      Governance Engine Started

      at GovernanceEngine.initialize (Backend/HBOS/Engines/GovernanceEngine.ts:140:17)

    console.log
      Memory Engine Started

      at MemoryEngine.initialize (Backend/HBOS/Engines/MemoryEngine.ts:22:17)

    console.log
      Memory Engine Started

      at MemoryEngine.initialize (Backend/HBOS/Engines/MemoryEngine.ts:22:17)

    console.log
      Knowledge Engine Started

      at KnowledgeEngine.initialize (Backend/HBOS/Engines/KnowledgeEngine.ts:22:17)

    console.log
      Project Pilot Engine Started

      at ProjectPilotEngine.initialize (Backend/HBOS/Engines/ProjectPilotEngine.ts:41:17)

    console.log
      ReasoningEngine Started

      at ReasoningEngine.initialize (Backend/HBOS/Engines/ReasoningEngine.ts:110:17)

    console.log
      OrganizationalIntelligenceEngine Started

      at OrganizationalIntelligenceEngine.initialize (Backend/HBOS/Engines/OrganizationalIntelligenceEngine.ts:132:17)

    console.log
      Governance Engine Started

      at GovernanceEngine.initialize (Backend/HBOS/Engines/GovernanceEngine.ts:140:17)

    console.log
      ExecutiveIntelligenceEngine Started

      at ExecutiveIntelligenceEngine.initialize (Backend/HBOS/Engines/ExecutiveIntelligenceEngine.ts:152:17)

    console.log
      Decision Engine Started

      at DecisionEngine.initialize (Backend/HBOS/Engines/DecisionEngine.ts:14:17)

    console.log
      Project Pilot Engine Started

      at ProjectPilotEngine.initialize (Backend/HBOS/Engines/ProjectPilotEngine.ts:41:17)

    console.log
      Governance Engine Started

      at GovernanceEngine.initialize (Backend/HBOS/Engines/GovernanceEngine.ts:140:17)

    console.log
      AutonomousOperationsEngine Started

      at AutonomousOperationsEngine.initialize (Backend/HBOS/Engines/AutonomousOperationsEngine.ts:152:17)

    console.log
      Knowledge Engine Started

      at KnowledgeEngine.initialize (Backend/HBOS/Engines/KnowledgeEngine.ts:22:17)

    console.log
      ReasoningEngine Started

      at ReasoningEngine.initialize (Backend/HBOS/Engines/ReasoningEngine.ts:110:17)

    console.log
      Memory Engine Started

      at MemoryEngine.initialize (Backend/HBOS/Engines/MemoryEngine.ts:22:17)

    console.log
      Knowledge Engine Started

      at KnowledgeEngine.initialize (Backend/HBOS/Engines/KnowledgeEngine.ts:22:17)

    console.log
      Project Pilot Engine Started

      at ProjectPilotEngine.initialize (Backend/HBOS/Engines/ProjectPilotEngine.ts:41:17)

    console.log
      ReasoningEngine Started

      at ReasoningEngine.initialize (Backend/HBOS/Engines/ReasoningEngine.ts:110:17)

    console.log
      OrganizationalIntelligenceEngine Started

      at OrganizationalIntelligenceEngine.initialize (Backend/HBOS/Engines/OrganizationalIntelligenceEngine.ts:132:17)

    console.log
      Governance Engine Started

      at GovernanceEngine.initialize (Backend/HBOS/Engines/GovernanceEngine.ts:140:17)

    console.log
      Memory Engine Started

      at MemoryEngine.initialize (Backend/HBOS/Engines/MemoryEngine.ts:22:17)

    console.log
      Memory Engine Started

      at MemoryEngine.initialize (Backend/HBOS/Engines/MemoryEngine.ts:22:17)

    console.log
      Knowledge Engine Started

      at KnowledgeEngine.initialize (Backend/HBOS/Engines/KnowledgeEngine.ts:22:17)

    console.log
      Project Pilot Engine Started

      at ProjectPilotEngine.initialize (Backend/HBOS/Engines/ProjectPilotEngine.ts:41:17)

    console.log
      ReasoningEngine Started

      at ReasoningEngine.initialize (Backend/HBOS/Engines/ReasoningEngine.ts:110:17)

    console.log
      OrganizationalIntelligenceEngine Started

      at OrganizationalIntelligenceEngine.initialize (Backend/HBOS/Engines/OrganizationalIntelligenceEngine.ts:132:17)

    console.log
      Governance Engine Started

      at GovernanceEngine.initialize (Backend/HBOS/Engines/GovernanceEngine.ts:140:17)

    console.log
      ExecutiveIntelligenceEngine Started

      at ExecutiveIntelligenceEngine.initialize (Backend/HBOS/Engines/ExecutiveIntelligenceEngine.ts:152:17)

    console.log
      Decision Engine Started

      at DecisionEngine.initialize (Backend/HBOS/Engines/DecisionEngine.ts:14:17)

    console.log
      Project Pilot Engine Started

      at ProjectPilotEngine.initialize (Backend/HBOS/Engines/ProjectPilotEngine.ts:41:17)

    console.log
      Governance Engine Started

      at GovernanceEngine.initialize (Backend/HBOS/Engines/GovernanceEngine.ts:140:17)

    console.log
      AutonomousOperationsEngine Started

      at AutonomousOperationsEngine.initialize (Backend/HBOS/Engines/AutonomousOperationsEngine.ts:152:17)

    console.log
      Knowledge Engine Started

      at KnowledgeEngine.initialize (Backend/HBOS/Engines/KnowledgeEngine.ts:22:17)

    console.log
      ReasoningEngine Started

      at ReasoningEngine.initialize (Backend/HBOS/Engines/ReasoningEngine.ts:110:17)

    console.log
      Memory Engine Started

      at MemoryEngine.initialize (Backend/HBOS/Engines/MemoryEngine.ts:22:17)

    console.log
      Knowledge Engine Started

      at KnowledgeEngine.initialize (Backend/HBOS/Engines/KnowledgeEngine.ts:22:17)

    console.log
      Project Pilot Engine Started

      at ProjectPilotEngine.initialize (Backend/HBOS/Engines/ProjectPilotEngine.ts:41:17)

    console.log
      ReasoningEngine Started

      at ReasoningEngine.initialize (Backend/HBOS/Engines/ReasoningEngine.ts:110:17)

    console.log
      OrganizationalIntelligenceEngine Started

      at OrganizationalIntelligenceEngine.initialize (Backend/HBOS/Engines/OrganizationalIntelligenceEngine.ts:132:17)

    console.log
      Governance Engine Started

      at GovernanceEngine.initialize (Backend/HBOS/Engines/GovernanceEngine.ts:140:17)

    console.log
      Memory Engine Started

      at MemoryEngine.initialize (Backend/HBOS/Engines/MemoryEngine.ts:22:17)

    console.log
      Memory Engine Started

      at MemoryEngine.initialize (Backend/HBOS/Engines/MemoryEngine.ts:22:17)

    console.log
      Knowledge Engine Started

      at KnowledgeEngine.initialize (Backend/HBOS/Engines/KnowledgeEngine.ts:22:17)

    console.log
      Project Pilot Engine Started

      at ProjectPilotEngine.initialize (Backend/HBOS/Engines/ProjectPilotEngine.ts:41:17)

    console.log
      ReasoningEngine Started

      at ReasoningEngine.initialize (Backend/HBOS/Engines/ReasoningEngine.ts:110:17)

    console.log
      OrganizationalIntelligenceEngine Started

      at OrganizationalIntelligenceEngine.initialize (Backend/HBOS/Engines/OrganizationalIntelligenceEngine.ts:132:17)

    console.log
      Governance Engine Started

      at GovernanceEngine.initialize (Backend/HBOS/Engines/GovernanceEngine.ts:140:17)

    console.log
      ExecutiveIntelligenceEngine Started

      at ExecutiveIntelligenceEngine.initialize (Backend/HBOS/Engines/ExecutiveIntelligenceEngine.ts:152:17)

    console.log
      Decision Engine Started

      at DecisionEngine.initialize (Backend/HBOS/Engines/DecisionEngine.ts:14:17)

    console.log
      Project Pilot Engine Started

      at ProjectPilotEngine.initialize (Backend/HBOS/Engines/ProjectPilotEngine.ts:41:17)

    console.log
      Governance Engine Started

      at GovernanceEngine.initialize (Backend/HBOS/Engines/GovernanceEngine.ts:140:17)

    console.log
      AutonomousOperationsEngine Started

      at AutonomousOperationsEngine.initialize (Backend/HBOS/Engines/AutonomousOperationsEngine.ts:152:17)

    console.log
      Knowledge Engine Started

      at KnowledgeEngine.initialize (Backend/HBOS/Engines/KnowledgeEngine.ts:22:17)

    console.log
      ReasoningEngine Started

      at ReasoningEngine.initialize (Backend/HBOS/Engines/ReasoningEngine.ts:110:17)

    console.log
      Memory Engine Started

      at MemoryEngine.initialize (Backend/HBOS/Engines/MemoryEngine.ts:22:17)

    console.log
      Knowledge Engine Started

      at KnowledgeEngine.initialize (Backend/HBOS/Engines/KnowledgeEngine.ts:22:17)

    console.log
      Project Pilot Engine Started

      at ProjectPilotEngine.initialize (Backend/HBOS/Engines/ProjectPilotEngine.ts:41:17)

    console.log
      ReasoningEngine Started

      at ReasoningEngine.initialize (Backend/HBOS/Engines/ReasoningEngine.ts:110:17)

    console.log
      OrganizationalIntelligenceEngine Started

      at OrganizationalIntelligenceEngine.initialize (Backend/HBOS/Engines/OrganizationalIntelligenceEngine.ts:132:17)

    console.log
      Governance Engine Started

      at GovernanceEngine.initialize (Backend/HBOS/Engines/GovernanceEngine.ts:140:17)

    console.log
      Memory Engine Started

      at MemoryEngine.initialize (Backend/HBOS/Engines/MemoryEngine.ts:22:17)

    console.log
      Memory Engine Started

      at MemoryEngine.initialize (Backend/HBOS/Engines/MemoryEngine.ts:22:17)

    console.log
      Knowledge Engine Started

      at KnowledgeEngine.initialize (Backend/HBOS/Engines/KnowledgeEngine.ts:22:17)

    console.log
      Project Pilot Engine Started

      at ProjectPilotEngine.initialize (Backend/HBOS/Engines/ProjectPilotEngine.ts:41:17)

    console.log
      ReasoningEngine Started

      at ReasoningEngine.initialize (Backend/HBOS/Engines/ReasoningEngine.ts:110:17)

    console.log
      OrganizationalIntelligenceEngine Started

      at OrganizationalIntelligenceEngine.initialize (Backend/HBOS/Engines/OrganizationalIntelligenceEngine.ts:132:17)

    console.log
      Governance Engine Started

      at GovernanceEngine.initialize (Backend/HBOS/Engines/GovernanceEngine.ts:140:17)

    console.log
      ExecutiveIntelligenceEngine Started

      at ExecutiveIntelligenceEngine.initialize (Backend/HBOS/Engines/ExecutiveIntelligenceEngine.ts:152:17)

    console.log
      Decision Engine Started

      at DecisionEngine.initialize (Backend/HBOS/Engines/DecisionEngine.ts:14:17)

    console.log
      Project Pilot Engine Started

      at ProjectPilotEngine.initialize (Backend/HBOS/Engines/ProjectPilotEngine.ts:41:17)

    console.log
      Governance Engine Started

      at GovernanceEngine.initialize (Backend/HBOS/Engines/GovernanceEngine.ts:140:17)

    console.log
      AutonomousOperationsEngine Started

      at AutonomousOperationsEngine.initialize (Backend/HBOS/Engines/AutonomousOperationsEngine.ts:152:17)

    console.log
      Knowledge Engine Started

      at KnowledgeEngine.initialize (Backend/HBOS/Engines/KnowledgeEngine.ts:22:17)

    console.log
      ReasoningEngine Started

      at ReasoningEngine.initialize (Backend/HBOS/Engines/ReasoningEngine.ts:110:17)

    console.log
      Memory Engine Started

      at MemoryEngine.initialize (Backend/HBOS/Engines/MemoryEngine.ts:22:17)

    console.log
      Knowledge Engine Started

      at KnowledgeEngine.initialize (Backend/HBOS/Engines/KnowledgeEngine.ts:22:17)

    console.log
      Project Pilot Engine Started

      at ProjectPilotEngine.initialize (Backend/HBOS/Engines/ProjectPilotEngine.ts:41:17)

    console.log
      ReasoningEngine Started

      at ReasoningEngine.initialize (Backend/HBOS/Engines/ReasoningEngine.ts:110:17)

    console.log
      OrganizationalIntelligenceEngine Started

      at OrganizationalIntelligenceEngine.initialize (Backend/HBOS/Engines/OrganizationalIntelligenceEngine.ts:132:17)

    console.log
      Governance Engine Started

      at GovernanceEngine.initialize (Backend/HBOS/Engines/GovernanceEngine.ts:140:17)

    console.log
      Memory Engine Started

      at MemoryEngine.initialize (Backend/HBOS/Engines/MemoryEngine.ts:22:17)

    console.log
      Memory Engine Started

      at MemoryEngine.initialize (Backend/HBOS/Engines/MemoryEngine.ts:22:17)

    console.log
      Knowledge Engine Started

      at KnowledgeEngine.initialize (Backend/HBOS/Engines/KnowledgeEngine.ts:22:17)

    console.log
      Project Pilot Engine Started

      at ProjectPilotEngine.initialize (Backend/HBOS/Engines/ProjectPilotEngine.ts:41:17)

    console.log
      ReasoningEngine Started

      at ReasoningEngine.initialize (Backend/HBOS/Engines/ReasoningEngine.ts:110:17)

    console.log
      OrganizationalIntelligenceEngine Started

      at OrganizationalIntelligenceEngine.initialize (Backend/HBOS/Engines/OrganizationalIntelligenceEngine.ts:132:17)

    console.log
      Governance Engine Started

      at GovernanceEngine.initialize (Backend/HBOS/Engines/GovernanceEngine.ts:140:17)

    console.log
      ExecutiveIntelligenceEngine Started

      at ExecutiveIntelligenceEngine.initialize (Backend/HBOS/Engines/ExecutiveIntelligenceEngine.ts:152:17)

    console.log
      Decision Engine Started

      at DecisionEngine.initialize (Backend/HBOS/Engines/DecisionEngine.ts:14:17)

    console.log
      Project Pilot Engine Started

      at ProjectPilotEngine.initialize (Backend/HBOS/Engines/ProjectPilotEngine.ts:41:17)

    console.log
      Governance Engine Started

      at GovernanceEngine.initialize (Backend/HBOS/Engines/GovernanceEngine.ts:140:17)

    console.log
      AutonomousOperationsEngine Started

      at AutonomousOperationsEngine.initialize (Backend/HBOS/Engines/AutonomousOperationsEngine.ts:152:17)

    console.log
      Knowledge Engine Started

      at KnowledgeEngine.initialize (Backend/HBOS/Engines/KnowledgeEngine.ts:22:17)

    console.log
      ReasoningEngine Started

      at ReasoningEngine.initialize (Backend/HBOS/Engines/ReasoningEngine.ts:110:17)

    console.log
      Memory Engine Started

      at MemoryEngine.initialize (Backend/HBOS/Engines/MemoryEngine.ts:22:17)

    console.log
      Knowledge Engine Started

      at KnowledgeEngine.initialize (Backend/HBOS/Engines/KnowledgeEngine.ts:22:17)

    console.log
      Project Pilot Engine Started

      at ProjectPilotEngine.initialize (Backend/HBOS/Engines/ProjectPilotEngine.ts:41:17)

    console.log
      ReasoningEngine Started

      at ReasoningEngine.initialize (Backend/HBOS/Engines/ReasoningEngine.ts:110:17)

    console.log
      OrganizationalIntelligenceEngine Started

      at OrganizationalIntelligenceEngine.initialize (Backend/HBOS/Engines/OrganizationalIntelligenceEngine.ts:132:17)

    console.log
      Governance Engine Started

      at GovernanceEngine.initialize (Backend/HBOS/Engines/GovernanceEngine.ts:140:17)

    console.log
      Memory Engine Started

      at MemoryEngine.initialize (Backend/HBOS/Engines/MemoryEngine.ts:22:17)

    console.log
      Memory Engine Started

      at MemoryEngine.initialize (Backend/HBOS/Engines/MemoryEngine.ts:22:17)

    console.log
      Knowledge Engine Started

      at KnowledgeEngine.initialize (Backend/HBOS/Engines/KnowledgeEngine.ts:22:17)

    console.log
      Project Pilot Engine Started

      at ProjectPilotEngine.initialize (Backend/HBOS/Engines/ProjectPilotEngine.ts:41:17)

    console.log
      ReasoningEngine Started

      at ReasoningEngine.initialize (Backend/HBOS/Engines/ReasoningEngine.ts:110:17)

    console.log
      OrganizationalIntelligenceEngine Started

      at OrganizationalIntelligenceEngine.initialize (Backend/HBOS/Engines/OrganizationalIntelligenceEngine.ts:132:17)

    console.log
      Governance Engine Started

      at GovernanceEngine.initialize (Backend/HBOS/Engines/GovernanceEngine.ts:140:17)

    console.log
      ExecutiveIntelligenceEngine Started

      at ExecutiveIntelligenceEngine.initialize (Backend/HBOS/Engines/ExecutiveIntelligenceEngine.ts:152:17)

    console.log
      Decision Engine Started

      at DecisionEngine.initialize (Backend/HBOS/Engines/DecisionEngine.ts:14:17)

    console.log
      Project Pilot Engine Started

      at ProjectPilotEngine.initialize (Backend/HBOS/Engines/ProjectPilotEngine.ts:41:17)

    console.log
      Governance Engine Started

      at GovernanceEngine.initialize (Backend/HBOS/Engines/GovernanceEngine.ts:140:17)

    console.log
      AutonomousOperationsEngine Started

      at AutonomousOperationsEngine.initialize (Backend/HBOS/Engines/AutonomousOperationsEngine.ts:152:17)

    console.log
      Knowledge Engine Started

      at KnowledgeEngine.initialize (Backend/HBOS/Engines/KnowledgeEngine.ts:22:17)

    console.log
      ReasoningEngine Started

      at ReasoningEngine.initialize (Backend/HBOS/Engines/ReasoningEngine.ts:110:17)

    console.log
      Memory Engine Started

      at MemoryEngine.initialize (Backend/HBOS/Engines/MemoryEngine.ts:22:17)

    console.log
      Knowledge Engine Started

      at KnowledgeEngine.initialize (Backend/HBOS/Engines/KnowledgeEngine.ts:22:17)

    console.log
      Project Pilot Engine Started

      at ProjectPilotEngine.initialize (Backend/HBOS/Engines/ProjectPilotEngine.ts:41:17)

    console.log
      ReasoningEngine Started

      at ReasoningEngine.initialize (Backend/HBOS/Engines/ReasoningEngine.ts:110:17)

    console.log
      OrganizationalIntelligenceEngine Started

      at OrganizationalIntelligenceEngine.initialize (Backend/HBOS/Engines/OrganizationalIntelligenceEngine.ts:132:17)

    console.log
      Governance Engine Started

      at GovernanceEngine.initialize (Backend/HBOS/Engines/GovernanceEngine.ts:140:17)

    console.log
      Memory Engine Started

      at MemoryEngine.initialize (Backend/HBOS/Engines/MemoryEngine.ts:22:17)

    console.log
      Memory Engine Started

      at MemoryEngine.initialize (Backend/HBOS/Engines/MemoryEngine.ts:22:17)

    console.log
      Knowledge Engine Started

      at KnowledgeEngine.initialize (Backend/HBOS/Engines/KnowledgeEngine.ts:22:17)

    console.log
      Project Pilot Engine Started

      at ProjectPilotEngine.initialize (Backend/HBOS/Engines/ProjectPilotEngine.ts:41:17)

    console.log
      ReasoningEngine Started

      at ReasoningEngine.initialize (Backend/HBOS/Engines/ReasoningEngine.ts:110:17)

    console.log
      OrganizationalIntelligenceEngine Started

      at OrganizationalIntelligenceEngine.initialize (Backend/HBOS/Engines/OrganizationalIntelligenceEngine.ts:132:17)

    console.log
      Governance Engine Started

      at GovernanceEngine.initialize (Backend/HBOS/Engines/GovernanceEngine.ts:140:17)

    console.log
      ExecutiveIntelligenceEngine Started

      at ExecutiveIntelligenceEngine.initialize (Backend/HBOS/Engines/ExecutiveIntelligenceEngine.ts:152:17)

    console.log
      Decision Engine Started

      at DecisionEngine.initialize (Backend/HBOS/Engines/DecisionEngine.ts:14:17)

    console.log
      Project Pilot Engine Started

      at ProjectPilotEngine.initialize (Backend/HBOS/Engines/ProjectPilotEngine.ts:41:17)

    console.log
      Governance Engine Started

      at GovernanceEngine.initialize (Backend/HBOS/Engines/GovernanceEngine.ts:140:17)

    console.log
      AutonomousOperationsEngine Started

      at AutonomousOperationsEngine.initialize (Backend/HBOS/Engines/AutonomousOperationsEngine.ts:152:17)

    console.log
      Knowledge Engine Started

      at KnowledgeEngine.initialize (Backend/HBOS/Engines/KnowledgeEngine.ts:22:17)

  ● financial report ingestion — runtime HTTP › assistant receives the verified statement context and the report 
carries it

    thrown: "Exceeded timeout of 5000 ms for a test.
    Add a timeout value to this test to increase the timeout, if this is a long-running test. See 
https://jestjs.io/docs/api#testname-fn-timeout."

    [0m [90m 185 |[39m   })[33m;[39m
     [90m 186 |[39m
    [31m[1m>[22m[39m[90m 187 |[39m   test([32m"assistant receives the verified statement context and the report 
carries it"[39m[33m,[39m [36masync[39m () [33m=>[39m {
     [90m     |[39m   [31m[1m^[22m[39m
     [90m 188 |[39m     [36mconst[39m cookie [33m=[39m [36mawait[39m 
register([32m"assistant-owner"[39m[33m,[39m [32m"Assistant Org"[39m)[33m;[39m
     [90m 189 |[39m     [36mconst[39m bytes [33m=[39m [36mawait[39m buildStatementWorkbook()[33m;[39m
     [90m 190 |[39m     [36mconst[39m ingested [33m=[39m [36mawait[39m 
request([32m"/api/ingest"[39m[33m,[39m {[0m

      at Backend/HBOS/test/FinancialReportRuntime.test.ts:187:3
      at Object.<anonymous> (Backend/HBOS/test/FinancialReportRuntime.test.ts:57:1)

PASS Backend/HBOS/test/CommercialRuntimeServer.e2e.test.ts (35.089 s)
  ● Console

    console.log
      ReasoningEngine Started

      at ReasoningEngine.initialize (Backend/HBOS/Engines/ReasoningEngine.ts:110:17)

    console.log
      Memory Engine Started

      at MemoryEngine.initialize (Backend/HBOS/Engines/MemoryEngine.ts:22:17)

    console.log
      Knowledge Engine Started

      at KnowledgeEngine.initialize (Backend/HBOS/Engines/KnowledgeEngine.ts:22:17)

    console.log
      Project Pilot Engine Started

      at ProjectPilotEngine.initialize (Backend/HBOS/Engines/ProjectPilotEngine.ts:41:17)

    console.log
      ReasoningEngine Started

      at ReasoningEngine.initialize (Backend/HBOS/Engines/ReasoningEngine.ts:110:17)

    console.log
      OrganizationalIntelligenceEngine Started

      at OrganizationalIntelligenceEngine.initialize (Backend/HBOS/Engines/OrganizationalIntelligenceEngine.ts:132:17)

    console.log
      Governance Engine Started

      at GovernanceEngine.initialize (Backend/HBOS/Engines/GovernanceEngine.ts:140:17)

    console.log
      Memory Engine Started

      at MemoryEngine.initialize (Backend/HBOS/Engines/MemoryEngine.ts:22:17)

    console.log
      Memory Engine Started

      at MemoryEngine.initialize (Backend/HBOS/Engines/MemoryEngine.ts:22:17)

    console.log
      Knowledge Engine Started

      at KnowledgeEngine.initialize (Backend/HBOS/Engines/KnowledgeEngine.ts:22:17)

    console.log
      Project Pilot Engine Started

      at ProjectPilotEngine.initialize (Backend/HBOS/Engines/ProjectPilotEngine.ts:41:17)

    console.log
      ReasoningEngine Started

      at ReasoningEngine.initialize (Backend/HBOS/Engines/ReasoningEngine.ts:110:17)

    console.log
      OrganizationalIntelligenceEngine Started

      at OrganizationalIntelligenceEngine.initialize (Backend/HBOS/Engines/OrganizationalIntelligenceEngine.ts:132:17)

    console.log
      Governance Engine Started

      at GovernanceEngine.initialize (Backend/HBOS/Engines/GovernanceEngine.ts:140:17)

    console.log
      ExecutiveIntelligenceEngine Started

      at ExecutiveIntelligenceEngine.initialize (Backend/HBOS/Engines/ExecutiveIntelligenceEngine.ts:152:17)

    console.log
      Decision Engine Started

      at DecisionEngine.initialize (Backend/HBOS/Engines/DecisionEngine.ts:14:17)

    console.log
      Project Pilot Engine Started

      at ProjectPilotEngine.initialize (Backend/HBOS/Engines/ProjectPilotEngine.ts:41:17)

    console.log
      Governance Engine Started

      at GovernanceEngine.initialize (Backend/HBOS/Engines/GovernanceEngine.ts:140:17)

    console.log
      AutonomousOperationsEngine Started

      at AutonomousOperationsEngine.initialize (Backend/HBOS/Engines/AutonomousOperationsEngine.ts:152:17)

    console.log
      Knowledge Engine Started

      at KnowledgeEngine.initialize (Backend/HBOS/Engines/KnowledgeEngine.ts:22:17)

    console.log
      ReasoningEngine Started

      at ReasoningEngine.initialize (Backend/HBOS/Engines/ReasoningEngine.ts:110:17)

    console.log
      Memory Engine Started

      at MemoryEngine.initialize (Backend/HBOS/Engines/MemoryEngine.ts:22:17)

    console.log
      Knowledge Engine Started

      at KnowledgeEngine.initialize (Backend/HBOS/Engines/KnowledgeEngine.ts:22:17)

    console.log
      Project Pilot Engine Started

      at ProjectPilotEngine.initialize (Backend/HBOS/Engines/ProjectPilotEngine.ts:41:17)

    console.log
      ReasoningEngine Started

      at ReasoningEngine.initialize (Backend/HBOS/Engines/ReasoningEngine.ts:110:17)

    console.log
      OrganizationalIntelligenceEngine Started

      at OrganizationalIntelligenceEngine.initialize (Backend/HBOS/Engines/OrganizationalIntelligenceEngine.ts:132:17)

    console.log
      Governance Engine Started

      at GovernanceEngine.initialize (Backend/HBOS/Engines/GovernanceEngine.ts:140:17)

    console.log
      Memory Engine Started

      at MemoryEngine.initialize (Backend/HBOS/Engines/MemoryEngine.ts:22:17)

    console.log
      Memory Engine Started

      at MemoryEngine.initialize (Backend/HBOS/Engines/MemoryEngine.ts:22:17)

    console.log
      Knowledge Engine Started

      at KnowledgeEngine.initialize (Backend/HBOS/Engines/KnowledgeEngine.ts:22:17)

    console.log
      Project Pilot Engine Started

      at ProjectPilotEngine.initialize (Backend/HBOS/Engines/ProjectPilotEngine.ts:41:17)

    console.log
      ReasoningEngine Started

      at ReasoningEngine.initialize (Backend/HBOS/Engines/ReasoningEngine.ts:110:17)

    console.log
      OrganizationalIntelligenceEngine Started

      at OrganizationalIntelligenceEngine.initialize (Backend/HBOS/Engines/OrganizationalIntelligenceEngine.ts:132:17)

    console.log
      Governance Engine Started

      at GovernanceEngine.initialize (Backend/HBOS/Engines/GovernanceEngine.ts:140:17)

    console.log
      ExecutiveIntelligenceEngine Started

      at ExecutiveIntelligenceEngine.initialize (Backend/HBOS/Engines/ExecutiveIntelligenceEngine.ts:152:17)

    console.log
      Decision Engine Started

      at DecisionEngine.initialize (Backend/HBOS/Engines/DecisionEngine.ts:14:17)

    console.log
      Project Pilot Engine Started

      at ProjectPilotEngine.initialize (Backend/HBOS/Engines/ProjectPilotEngine.ts:41:17)

    console.log
      Governance Engine Started

      at GovernanceEngine.initialize (Backend/HBOS/Engines/GovernanceEngine.ts:140:17)

    console.log
      AutonomousOperationsEngine Started

      at AutonomousOperationsEngine.initialize (Backend/HBOS/Engines/AutonomousOperationsEngine.ts:152:17)

    console.log
      Knowledge Engine Started

      at KnowledgeEngine.initialize (Backend/HBOS/Engines/KnowledgeEngine.ts:22:17)

    console.log
      ReasoningEngine Started

      at ReasoningEngine.initialize (Backend/HBOS/Engines/ReasoningEngine.ts:110:17)

    console.log
      Memory Engine Started

      at MemoryEngine.initialize (Backend/HBOS/Engines/MemoryEngine.ts:22:17)

    console.log
      Knowledge Engine Started

      at KnowledgeEngine.initialize (Backend/HBOS/Engines/KnowledgeEngine.ts:22:17)

    console.log
      Project Pilot Engine Started

      at ProjectPilotEngine.initialize (Backend/HBOS/Engines/ProjectPilotEngine.ts:41:17)

    console.log
      ReasoningEngine Started

      at ReasoningEngine.initialize (Backend/HBOS/Engines/ReasoningEngine.ts:110:17)

    console.log
      OrganizationalIntelligenceEngine Started

      at OrganizationalIntelligenceEngine.initialize (Backend/HBOS/Engines/OrganizationalIntelligenceEngine.ts:132:17)

    console.log
      Governance Engine Started

      at GovernanceEngine.initialize (Backend/HBOS/Engines/GovernanceEngine.ts:140:17)

    console.log
      Memory Engine Started

      at MemoryEngine.initialize (Backend/HBOS/Engines/MemoryEngine.ts:22:17)

    console.log
      Memory Engine Started

      at MemoryEngine.initialize (Backend/HBOS/Engines/MemoryEngine.ts:22:17)

    console.log
      Knowledge Engine Started

      at KnowledgeEngine.initialize (Backend/HBOS/Engines/KnowledgeEngine.ts:22:17)

    console.log
      Project Pilot Engine Started

      at ProjectPilotEngine.initialize (Backend/HBOS/Engines/ProjectPilotEngine.ts:41:17)

    console.log
      ReasoningEngine Started

      at ReasoningEngine.initialize (Backend/HBOS/Engines/ReasoningEngine.ts:110:17)

    console.log
      OrganizationalIntelligenceEngine Started

      at OrganizationalIntelligenceEngine.initialize (Backend/HBOS/Engines/OrganizationalIntelligenceEngine.ts:132:17)

    console.log
      Governance Engine Started

      at GovernanceEngine.initialize (Backend/HBOS/Engines/GovernanceEngine.ts:140:17)

    console.log
      ExecutiveIntelligenceEngine Started

      at ExecutiveIntelligenceEngine.initialize (Backend/HBOS/Engines/ExecutiveIntelligenceEngine.ts:152:17)

    console.log
      Decision Engine Started

      at DecisionEngine.initialize (Backend/HBOS/Engines/DecisionEngine.ts:14:17)

    console.log
      Project Pilot Engine Started

      at ProjectPilotEngine.initialize (Backend/HBOS/Engines/ProjectPilotEngine.ts:41:17)

    console.log
      Governance Engine Started

      at GovernanceEngine.initialize (Backend/HBOS/Engines/GovernanceEngine.ts:140:17)

    console.log
      AutonomousOperationsEngine Started

      at AutonomousOperationsEngine.initialize (Backend/HBOS/Engines/AutonomousOperationsEngine.ts:152:17)

    console.log
      Knowledge Engine Started

      at KnowledgeEngine.initialize (Backend/HBOS/Engines/KnowledgeEngine.ts:22:17)

    console.log
      ReasoningEngine Started

      at ReasoningEngine.initialize (Backend/HBOS/Engines/ReasoningEngine.ts:110:17)

    console.log
      Memory Engine Started

      at MemoryEngine.initialize (Backend/HBOS/Engines/MemoryEngine.ts:22:17)

    console.log
      Knowledge Engine Started

      at KnowledgeEngine.initialize (Backend/HBOS/Engines/KnowledgeEngine.ts:22:17)

    console.log
      Project Pilot Engine Started

      at ProjectPilotEngine.initialize (Backend/HBOS/Engines/ProjectPilotEngine.ts:41:17)

    console.log
      ReasoningEngine Started

      at ReasoningEngine.initialize (Backend/HBOS/Engines/ReasoningEngine.ts:110:17)

    console.log
      OrganizationalIntelligenceEngine Started

      at OrganizationalIntelligenceEngine.initialize (Backend/HBOS/Engines/OrganizationalIntelligenceEngine.ts:132:17)

    console.log
      Governance Engine Started

      at GovernanceEngine.initialize (Backend/HBOS/Engines/GovernanceEngine.ts:140:17)

    console.log
      Memory Engine Started

      at MemoryEngine.initialize (Backend/HBOS/Engines/MemoryEngine.ts:22:17)

    console.log
      Memory Engine Started

      at MemoryEngine.initialize (Backend/HBOS/Engines/MemoryEngine.ts:22:17)

    console.log
      Knowledge Engine Started

      at KnowledgeEngine.initialize (Backend/HBOS/Engines/KnowledgeEngine.ts:22:17)

    console.log
      Project Pilot Engine Started

      at ProjectPilotEngine.initialize (Backend/HBOS/Engines/ProjectPilotEngine.ts:41:17)

    console.log
      ReasoningEngine Started

      at ReasoningEngine.initialize (Backend/HBOS/Engines/ReasoningEngine.ts:110:17)

    console.log
      OrganizationalIntelligenceEngine Started

      at OrganizationalIntelligenceEngine.initialize (Backend/HBOS/Engines/OrganizationalIntelligenceEngine.ts:132:17)

    console.log
      Governance Engine Started

      at GovernanceEngine.initialize (Backend/HBOS/Engines/GovernanceEngine.ts:140:17)

    console.log
      ExecutiveIntelligenceEngine Started

      at ExecutiveIntelligenceEngine.initialize (Backend/HBOS/Engines/ExecutiveIntelligenceEngine.ts:152:17)

    console.log
      Decision Engine Started

      at DecisionEngine.initialize (Backend/HBOS/Engines/DecisionEngine.ts:14:17)

    console.log
      Project Pilot Engine Started

      at ProjectPilotEngine.initialize (Backend/HBOS/Engines/ProjectPilotEngine.ts:41:17)

    console.log
      Governance Engine Started

      at GovernanceEngine.initialize (Backend/HBOS/Engines/GovernanceEngine.ts:140:17)

    console.log
      AutonomousOperationsEngine Started

      at AutonomousOperationsEngine.initialize (Backend/HBOS/Engines/AutonomousOperationsEngine.ts:152:17)

    console.log
      Knowledge Engine Started

      at KnowledgeEngine.initialize (Backend/HBOS/Engines/KnowledgeEngine.ts:22:17)

    console.log
      ReasoningEngine Started

      at ReasoningEngine.initialize (Backend/HBOS/Engines/ReasoningEngine.ts:110:17)

    console.log
      Memory Engine Started

      at MemoryEngine.initialize (Backend/HBOS/Engines/MemoryEngine.ts:22:17)

    console.log
      Knowledge Engine Started

      at KnowledgeEngine.initialize (Backend/HBOS/Engines/KnowledgeEngine.ts:22:17)

    console.log
      Project Pilot Engine Started

      at ProjectPilotEngine.initialize (Backend/HBOS/Engines/ProjectPilotEngine.ts:41:17)

    console.log
      ReasoningEngine Started

      at ReasoningEngine.initialize (Backend/HBOS/Engines/ReasoningEngine.ts:110:17)

    console.log
      OrganizationalIntelligenceEngine Started

      at OrganizationalIntelligenceEngine.initialize (Backend/HBOS/Engines/OrganizationalIntelligenceEngine.ts:132:17)

    console.log
      Governance Engine Started

      at GovernanceEngine.initialize (Backend/HBOS/Engines/GovernanceEngine.ts:140:17)

    console.log
      Memory Engine Started

      at MemoryEngine.initialize (Backend/HBOS/Engines/MemoryEngine.ts:22:17)

    console.log
      Memory Engine Started

      at MemoryEngine.initialize (Backend/HBOS/Engines/MemoryEngine.ts:22:17)

    console.log
      Knowledge Engine Started

      at KnowledgeEngine.initialize (Backend/HBOS/Engines/KnowledgeEngine.ts:22:17)

    console.log
      Project Pilot Engine Started

      at ProjectPilotEngine.initialize (Backend/HBOS/Engines/ProjectPilotEngine.ts:41:17)

    console.log
      ReasoningEngine Started

      at ReasoningEngine.initialize (Backend/HBOS/Engines/ReasoningEngine.ts:110:17)

    console.log
      OrganizationalIntelligenceEngine Started

      at OrganizationalIntelligenceEngine.initialize (Backend/HBOS/Engines/OrganizationalIntelligenceEngine.ts:132:17)

    console.log
      Governance Engine Started

      at GovernanceEngine.initialize (Backend/HBOS/Engines/GovernanceEngine.ts:140:17)

    console.log
      ExecutiveIntelligenceEngine Started

      at ExecutiveIntelligenceEngine.initialize (Backend/HBOS/Engines/ExecutiveIntelligenceEngine.ts:152:17)

    console.log
      Decision Engine Started

      at DecisionEngine.initialize (Backend/HBOS/Engines/DecisionEngine.ts:14:17)

    console.log
      Project Pilot Engine Started

      at ProjectPilotEngine.initialize (Backend/HBOS/Engines/ProjectPilotEngine.ts:41:17)

    console.log
      Governance Engine Started

      at GovernanceEngine.initialize (Backend/HBOS/Engines/GovernanceEngine.ts:140:17)

    console.log
      AutonomousOperationsEngine Started

      at AutonomousOperationsEngine.initialize (Backend/HBOS/Engines/AutonomousOperationsEngine.ts:152:17)

    console.log
      Knowledge Engine Started

      at KnowledgeEngine.initialize (Backend/HBOS/Engines/KnowledgeEngine.ts:22:17)

    console.log
      ReasoningEngine Started

      at ReasoningEngine.initialize (Backend/HBOS/Engines/ReasoningEngine.ts:110:17)

    console.log
      Memory Engine Started

      at MemoryEngine.initialize (Backend/HBOS/Engines/MemoryEngine.ts:22:17)

    console.log
      Knowledge Engine Started

      at KnowledgeEngine.initialize (Backend/HBOS/Engines/KnowledgeEngine.ts:22:17)

    console.log
      Project Pilot Engine Started

      at ProjectPilotEngine.initialize (Backend/HBOS/Engines/ProjectPilotEngine.ts:41:17)

    console.log
      ReasoningEngine Started

      at ReasoningEngine.initialize (Backend/HBOS/Engines/ReasoningEngine.ts:110:17)

    console.log
      OrganizationalIntelligenceEngine Started

      at OrganizationalIntelligenceEngine.initialize (Backend/HBOS/Engines/OrganizationalIntelligenceEngine.ts:132:17)

    console.log
      Governance Engine Started

      at GovernanceEngine.initialize (Backend/HBOS/Engines/GovernanceEngine.ts:140:17)

    console.log
      Memory Engine Started

      at MemoryEngine.initialize (Backend/HBOS/Engines/MemoryEngine.ts:22:17)

    console.log
      Memory Engine Started

      at MemoryEngine.initialize (Backend/HBOS/Engines/MemoryEngine.ts:22:17)

    console.log
      Knowledge Engine Started

      at KnowledgeEngine.initialize (Backend/HBOS/Engines/KnowledgeEngine.ts:22:17)

    console.log
      Project Pilot Engine Started

      at ProjectPilotEngine.initialize (Backend/HBOS/Engines/ProjectPilotEngine.ts:41:17)

    console.log
      ReasoningEngine Started

      at ReasoningEngine.initialize (Backend/HBOS/Engines/ReasoningEngine.ts:110:17)

    console.log
      OrganizationalIntelligenceEngine Started

      at OrganizationalIntelligenceEngine.initialize (Backend/HBOS/Engines/OrganizationalIntelligenceEngine.ts:132:17)

    console.log
      Governance Engine Started

      at GovernanceEngine.initialize (Backend/HBOS/Engines/GovernanceEngine.ts:140:17)

    console.log
      ExecutiveIntelligenceEngine Started

      at ExecutiveIntelligenceEngine.initialize (Backend/HBOS/Engines/ExecutiveIntelligenceEngine.ts:152:17)

    console.log
      Decision Engine Started

      at DecisionEngine.initialize (Backend/HBOS/Engines/DecisionEngine.ts:14:17)

    console.log
      Project Pilot Engine Started

      at ProjectPilotEngine.initialize (Backend/HBOS/Engines/ProjectPilotEngine.ts:41:17)

    console.log
      Governance Engine Started

      at GovernanceEngine.initialize (Backend/HBOS/Engines/GovernanceEngine.ts:140:17)

    console.log
      AutonomousOperationsEngine Started

      at AutonomousOperationsEngine.initialize (Backend/HBOS/Engines/AutonomousOperationsEngine.ts:152:17)

    console.log
      Knowledge Engine Started

      at KnowledgeEngine.initialize (Backend/HBOS/Engines/KnowledgeEngine.ts:22:17)

    console.log
      ReasoningEngine Started

      at ReasoningEngine.initialize (Backend/HBOS/Engines/ReasoningEngine.ts:110:17)

    console.log
      Memory Engine Started

      at MemoryEngine.initialize (Backend/HBOS/Engines/MemoryEngine.ts:22:17)

    console.log
      Knowledge Engine Started

      at KnowledgeEngine.initialize (Backend/HBOS/Engines/KnowledgeEngine.ts:22:17)

    console.log
      Project Pilot Engine Started

      at ProjectPilotEngine.initialize (Backend/HBOS/Engines/ProjectPilotEngine.ts:41:17)

    console.log
      ReasoningEngine Started

      at ReasoningEngine.initialize (Backend/HBOS/Engines/ReasoningEngine.ts:110:17)

    console.log
      OrganizationalIntelligenceEngine Started

      at OrganizationalIntelligenceEngine.initialize (Backend/HBOS/Engines/OrganizationalIntelligenceEngine.ts:132:17)

    console.log
      Governance Engine Started

      at GovernanceEngine.initialize (Backend/HBOS/Engines/GovernanceEngine.ts:140:17)

    console.log
      Memory Engine Started

      at MemoryEngine.initialize (Backend/HBOS/Engines/MemoryEngine.ts:22:17)

    console.log
      Memory Engine Started

      at MemoryEngine.initialize (Backend/HBOS/Engines/MemoryEngine.ts:22:17)

    console.log
      Knowledge Engine Started

      at KnowledgeEngine.initialize (Backend/HBOS/Engines/KnowledgeEngine.ts:22:17)

    console.log
      Project Pilot Engine Started

      at ProjectPilotEngine.initialize (Backend/HBOS/Engines/ProjectPilotEngine.ts:41:17)

    console.log
      ReasoningEngine Started

      at ReasoningEngine.initialize (Backend/HBOS/Engines/ReasoningEngine.ts:110:17)

    console.log
      OrganizationalIntelligenceEngine Started

      at OrganizationalIntelligenceEngine.initialize (Backend/HBOS/Engines/OrganizationalIntelligenceEngine.ts:132:17)

    console.log
      Governance Engine Started

      at GovernanceEngine.initialize (Backend/HBOS/Engines/GovernanceEngine.ts:140:17)

    console.log
      ExecutiveIntelligenceEngine Started

      at ExecutiveIntelligenceEngine.initialize (Backend/HBOS/Engines/ExecutiveIntelligenceEngine.ts:152:17)

    console.log
      Decision Engine Started

      at DecisionEngine.initialize (Backend/HBOS/Engines/DecisionEngine.ts:14:17)

    console.log
      Project Pilot Engine Started

      at ProjectPilotEngine.initialize (Backend/HBOS/Engines/ProjectPilotEngine.ts:41:17)

    console.log
      Governance Engine Started

      at GovernanceEngine.initialize (Backend/HBOS/Engines/GovernanceEngine.ts:140:17)

    console.log
      AutonomousOperationsEngine Started

      at AutonomousOperationsEngine.initialize (Backend/HBOS/Engines/AutonomousOperationsEngine.ts:152:17)

    console.log
      Knowledge Engine Started

      at KnowledgeEngine.initialize (Backend/HBOS/Engines/KnowledgeEngine.ts:22:17)

    console.log
      ReasoningEngine Started

      at ReasoningEngine.initialize (Backend/HBOS/Engines/ReasoningEngine.ts:110:17)

    console.log
      Memory Engine Started

      at MemoryEngine.initialize (Backend/HBOS/Engines/MemoryEngine.ts:22:17)

    console.log
      Knowledge Engine Started

      at KnowledgeEngine.initialize (Backend/HBOS/Engines/KnowledgeEngine.ts:22:17)

    console.log
      Project Pilot Engine Started

      at ProjectPilotEngine.initialize (Backend/HBOS/Engines/ProjectPilotEngine.ts:41:17)

    console.log
      ReasoningEngine Started

      at ReasoningEngine.initialize (Backend/HBOS/Engines/ReasoningEngine.ts:110:17)

    console.log
      OrganizationalIntelligenceEngine Started

      at OrganizationalIntelligenceEngine.initialize (Backend/HBOS/Engines/OrganizationalIntelligenceEngine.ts:132:17)

    console.log
      Governance Engine Started

      at GovernanceEngine.initialize (Backend/HBOS/Engines/GovernanceEngine.ts:140:17)

    console.log
      Memory Engine Started

      at MemoryEngine.initialize (Backend/HBOS/Engines/MemoryEngine.ts:22:17)

    console.log
      Memory Engine Started

      at MemoryEngine.initialize (Backend/HBOS/Engines/MemoryEngine.ts:22:17)

    console.log
      Knowledge Engine Started

      at KnowledgeEngine.initialize (Backend/HBOS/Engines/KnowledgeEngine.ts:22:17)

    console.log
      Project Pilot Engine Started

      at ProjectPilotEngine.initialize (Backend/HBOS/Engines/ProjectPilotEngine.ts:41:17)

    console.log
      ReasoningEngine Started

      at ReasoningEngine.initialize (Backend/HBOS/Engines/ReasoningEngine.ts:110:17)

    console.log
      OrganizationalIntelligenceEngine Started

      at OrganizationalIntelligenceEngine.initialize (Backend/HBOS/Engines/OrganizationalIntelligenceEngine.ts:132:17)

    console.log
      Governance Engine Started

      at GovernanceEngine.initialize (Backend/HBOS/Engines/GovernanceEngine.ts:140:17)

    console.log
      ExecutiveIntelligenceEngine Started

      at ExecutiveIntelligenceEngine.initialize (Backend/HBOS/Engines/ExecutiveIntelligenceEngine.ts:152:17)

    console.log
      Decision Engine Started

      at DecisionEngine.initialize (Backend/HBOS/Engines/DecisionEngine.ts:14:17)

    console.log
      Project Pilot Engine Started

      at ProjectPilotEngine.initialize (Backend/HBOS/Engines/ProjectPilotEngine.ts:41:17)

    console.log
      Governance Engine Started

      at GovernanceEngine.initialize (Backend/HBOS/Engines/GovernanceEngine.ts:140:17)

    console.log
      AutonomousOperationsEngine Started

      at AutonomousOperationsEngine.initialize (Backend/HBOS/Engines/AutonomousOperationsEngine.ts:152:17)

    console.log
      Knowledge Engine Started

      at KnowledgeEngine.initialize (Backend/HBOS/Engines/KnowledgeEngine.ts:22:17)

    console.log
      ReasoningEngine Started

      at ReasoningEngine.initialize (Backend/HBOS/Engines/ReasoningEngine.ts:110:17)

    console.log
      Memory Engine Started

      at MemoryEngine.initialize (Backend/HBOS/Engines/MemoryEngine.ts:22:17)

    console.log
      Knowledge Engine Started

      at KnowledgeEngine.initialize (Backend/HBOS/Engines/KnowledgeEngine.ts:22:17)

    console.log
      Project Pilot Engine Started

      at ProjectPilotEngine.initialize (Backend/HBOS/Engines/ProjectPilotEngine.ts:41:17)

    console.log
      ReasoningEngine Started

      at ReasoningEngine.initialize (Backend/HBOS/Engines/ReasoningEngine.ts:110:17)

    console.log
      OrganizationalIntelligenceEngine Started

      at OrganizationalIntelligenceEngine.initialize (Backend/HBOS/Engines/OrganizationalIntelligenceEngine.ts:132:17)

    console.log
      Governance Engine Started

      at GovernanceEngine.initialize (Backend/HBOS/Engines/GovernanceEngine.ts:140:17)

    console.log
      Memory Engine Started

      at MemoryEngine.initialize (Backend/HBOS/Engines/MemoryEngine.ts:22:17)

    console.log
      Memory Engine Started

      at MemoryEngine.initialize (Backend/HBOS/Engines/MemoryEngine.ts:22:17)

    console.log
      Knowledge Engine Started

      at KnowledgeEngine.initialize (Backend/HBOS/Engines/KnowledgeEngine.ts:22:17)

    console.log
      Project Pilot Engine Started

      at ProjectPilotEngine.initialize (Backend/HBOS/Engines/ProjectPilotEngine.ts:41:17)

    console.log
      ReasoningEngine Started

      at ReasoningEngine.initialize (Backend/HBOS/Engines/ReasoningEngine.ts:110:17)

    console.log
      OrganizationalIntelligenceEngine Started

      at OrganizationalIntelligenceEngine.initialize (Backend/HBOS/Engines/OrganizationalIntelligenceEngine.ts:132:17)

    console.log
      Governance Engine Started

      at GovernanceEngine.initialize (Backend/HBOS/Engines/GovernanceEngine.ts:140:17)

    console.log
      ExecutiveIntelligenceEngine Started

      at ExecutiveIntelligenceEngine.initialize (Backend/HBOS/Engines/ExecutiveIntelligenceEngine.ts:152:17)

    console.log
      Decision Engine Started

      at DecisionEngine.initialize (Backend/HBOS/Engines/DecisionEngine.ts:14:17)

    console.log
      Project Pilot Engine Started

      at ProjectPilotEngine.initialize (Backend/HBOS/Engines/ProjectPilotEngine.ts:41:17)

    console.log
      Governance Engine Started

      at GovernanceEngine.initialize (Backend/HBOS/Engines/GovernanceEngine.ts:140:17)

    console.log
      AutonomousOperationsEngine Started

      at AutonomousOperationsEngine.initialize (Backend/HBOS/Engines/AutonomousOperationsEngine.ts:152:17)

    console.log
      Knowledge Engine Started

      at KnowledgeEngine.initialize (Backend/HBOS/Engines/KnowledgeEngine.ts:22:17)

    console.log
      ReasoningEngine Started

      at ReasoningEngine.initialize (Backend/HBOS/Engines/ReasoningEngine.ts:110:17)

    console.log
      Memory Engine Started

      at MemoryEngine.initialize (Backend/HBOS/Engines/MemoryEngine.ts:22:17)

    console.log
      Knowledge Engine Started

      at KnowledgeEngine.initialize (Backend/HBOS/Engines/KnowledgeEngine.ts:22:17)

    console.log
      Project Pilot Engine Started

      at ProjectPilotEngine.initialize (Backend/HBOS/Engines/ProjectPilotEngine.ts:41:17)

    console.log
      ReasoningEngine Started

      at ReasoningEngine.initialize (Backend/HBOS/Engines/ReasoningEngine.ts:110:17)

    console.log
      OrganizationalIntelligenceEngine Started

      at OrganizationalIntelligenceEngine.initialize (Backend/HBOS/Engines/OrganizationalIntelligenceEngine.ts:132:17)

    console.log
      Governance Engine Started

      at GovernanceEngine.initialize (Backend/HBOS/Engines/GovernanceEngine.ts:140:17)

    console.log
      Memory Engine Started

      at MemoryEngine.initialize (Backend/HBOS/Engines/MemoryEngine.ts:22:17)

    console.log
      Memory Engine Started

      at MemoryEngine.initialize (Backend/HBOS/Engines/MemoryEngine.ts:22:17)

    console.log
      Knowledge Engine Started

      at KnowledgeEngine.initialize (Backend/HBOS/Engines/KnowledgeEngine.ts:22:17)

    console.log
      Project Pilot Engine Started

      at ProjectPilotEngine.initialize (Backend/HBOS/Engines/ProjectPilotEngine.ts:41:17)

    console.log
      ReasoningEngine Started

      at ReasoningEngine.initialize (Backend/HBOS/Engines/ReasoningEngine.ts:110:17)

    console.log
      OrganizationalIntelligenceEngine Started

      at OrganizationalIntelligenceEngine.initialize (Backend/HBOS/Engines/OrganizationalIntelligenceEngine.ts:132:17)

    console.log
      Governance Engine Started

      at GovernanceEngine.initialize (Backend/HBOS/Engines/GovernanceEngine.ts:140:17)

    console.log
      ExecutiveIntelligenceEngine Started

      at ExecutiveIntelligenceEngine.initialize (Backend/HBOS/Engines/ExecutiveIntelligenceEngine.ts:152:17)

    console.log
      Decision Engine Started

      at DecisionEngine.initialize (Backend/HBOS/Engines/DecisionEngine.ts:14:17)

    console.log
      Project Pilot Engine Started

      at ProjectPilotEngine.initialize (Backend/HBOS/Engines/ProjectPilotEngine.ts:41:17)

    console.log
      Governance Engine Started

      at GovernanceEngine.initialize (Backend/HBOS/Engines/GovernanceEngine.ts:140:17)

    console.log
      AutonomousOperationsEngine Started

      at AutonomousOperationsEngine.initialize (Backend/HBOS/Engines/AutonomousOperationsEngine.ts:152:17)

    console.log
      Knowledge Engine Started

      at KnowledgeEngine.initialize (Backend/HBOS/Engines/KnowledgeEngine.ts:22:17)

    console.log
      ReasoningEngine Started

      at ReasoningEngine.initialize (Backend/HBOS/Engines/ReasoningEngine.ts:110:17)

    console.log
      Memory Engine Started

      at MemoryEngine.initialize (Backend/HBOS/Engines/MemoryEngine.ts:22:17)

    console.log
      Knowledge Engine Started

      at KnowledgeEngine.initialize (Backend/HBOS/Engines/KnowledgeEngine.ts:22:17)

    console.log
      Project Pilot Engine Started

      at ProjectPilotEngine.initialize (Backend/HBOS/Engines/ProjectPilotEngine.ts:41:17)

    console.log
      ReasoningEngine Started

      at ReasoningEngine.initialize (Backend/HBOS/Engines/ReasoningEngine.ts:110:17)

    console.log
      OrganizationalIntelligenceEngine Started

      at OrganizationalIntelligenceEngine.initialize (Backend/HBOS/Engines/OrganizationalIntelligenceEngine.ts:132:17)

    console.log
      Governance Engine Started

      at GovernanceEngine.initialize (Backend/HBOS/Engines/GovernanceEngine.ts:140:17)

    console.log
      Memory Engine Started

      at MemoryEngine.initialize (Backend/HBOS/Engines/MemoryEngine.ts:22:17)

    console.log
      Memory Engine Started

      at MemoryEngine.initialize (Backend/HBOS/Engines/MemoryEngine.ts:22:17)

    console.log
      Knowledge Engine Started

      at KnowledgeEngine.initialize (Backend/HBOS/Engines/KnowledgeEngine.ts:22:17)

    console.log
      Project Pilot Engine Started

      at ProjectPilotEngine.initialize (Backend/HBOS/Engines/ProjectPilotEngine.ts:41:17)

    console.log
      ReasoningEngine Started

      at ReasoningEngine.initialize (Backend/HBOS/Engines/ReasoningEngine.ts:110:17)

    console.log
      OrganizationalIntelligenceEngine Started

      at OrganizationalIntelligenceEngine.initialize (Backend/HBOS/Engines/OrganizationalIntelligenceEngine.ts:132:17)

    console.log
      Governance Engine Started

      at GovernanceEngine.initialize (Backend/HBOS/Engines/GovernanceEngine.ts:140:17)

    console.log
      ExecutiveIntelligenceEngine Started

      at ExecutiveIntelligenceEngine.initialize (Backend/HBOS/Engines/ExecutiveIntelligenceEngine.ts:152:17)

    console.log
      Decision Engine Started

      at DecisionEngine.initialize (Backend/HBOS/Engines/DecisionEngine.ts:14:17)

    console.log
      Project Pilot Engine Started

      at ProjectPilotEngine.initialize (Backend/HBOS/Engines/ProjectPilotEngine.ts:41:17)

    console.log
      Governance Engine Started

      at GovernanceEngine.initialize (Backend/HBOS/Engines/GovernanceEngine.ts:140:17)

    console.log
      AutonomousOperationsEngine Started

      at AutonomousOperationsEngine.initialize (Backend/HBOS/Engines/AutonomousOperationsEngine.ts:152:17)

    console.log
      Knowledge Engine Started

      at KnowledgeEngine.initialize (Backend/HBOS/Engines/KnowledgeEngine.ts:22:17)

    console.log
      ReasoningEngine Started

      at ReasoningEngine.initialize (Backend/HBOS/Engines/ReasoningEngine.ts:110:17)

    console.log
      Memory Engine Started

      at MemoryEngine.initialize (Backend/HBOS/Engines/MemoryEngine.ts:22:17)

    console.log
      Knowledge Engine Started

      at KnowledgeEngine.initialize (Backend/HBOS/Engines/KnowledgeEngine.ts:22:17)

    console.log
      Project Pilot Engine Started

      at ProjectPilotEngine.initialize (Backend/HBOS/Engines/ProjectPilotEngine.ts:41:17)

    console.log
      ReasoningEngine Started

      at ReasoningEngine.initialize (Backend/HBOS/Engines/ReasoningEngine.ts:110:17)

    console.log
      OrganizationalIntelligenceEngine Started

      at OrganizationalIntelligenceEngine.initialize (Backend/HBOS/Engines/OrganizationalIntelligenceEngine.ts:132:17)

    console.log
      Governance Engine Started

      at GovernanceEngine.initialize (Backend/HBOS/Engines/GovernanceEngine.ts:140:17)

    console.log
      Memory Engine Started

      at MemoryEngine.initialize (Backend/HBOS/Engines/MemoryEngine.ts:22:17)

    console.log
      Memory Engine Started

      at MemoryEngine.initialize (Backend/HBOS/Engines/MemoryEngine.ts:22:17)

    console.log
      Knowledge Engine Started

      at KnowledgeEngine.initialize (Backend/HBOS/Engines/KnowledgeEngine.ts:22:17)

    console.log
      Project Pilot Engine Started

      at ProjectPilotEngine.initialize (Backend/HBOS/Engines/ProjectPilotEngine.ts:41:17)

    console.log
      ReasoningEngine Started

      at ReasoningEngine.initialize (Backend/HBOS/Engines/ReasoningEngine.ts:110:17)

    console.log
      OrganizationalIntelligenceEngine Started

      at OrganizationalIntelligenceEngine.initialize (Backend/HBOS/Engines/OrganizationalIntelligenceEngine.ts:132:17)

    console.log
      Governance Engine Started

      at GovernanceEngine.initialize (Backend/HBOS/Engines/GovernanceEngine.ts:140:17)

    console.log
      ExecutiveIntelligenceEngine Started

      at ExecutiveIntelligenceEngine.initialize (Backend/HBOS/Engines/ExecutiveIntelligenceEngine.ts:152:17)

    console.log
      Decision Engine Started

      at DecisionEngine.initialize (Backend/HBOS/Engines/DecisionEngine.ts:14:17)

    console.log
      Project Pilot Engine Started

      at ProjectPilotEngine.initialize (Backend/HBOS/Engines/ProjectPilotEngine.ts:41:17)

    console.log
      Governance Engine Started

      at GovernanceEngine.initialize (Backend/HBOS/Engines/GovernanceEngine.ts:140:17)

    console.log
      AutonomousOperationsEngine Started

      at AutonomousOperationsEngine.initialize (Backend/HBOS/Engines/AutonomousOperationsEngine.ts:152:17)

    console.log
      Knowledge Engine Started

      at KnowledgeEngine.initialize (Backend/HBOS/Engines/KnowledgeEngine.ts:22:17)

    console.log
      ReasoningEngine Started

      at ReasoningEngine.initialize (Backend/HBOS/Engines/ReasoningEngine.ts:110:17)

    console.log
      Memory Engine Started

      at MemoryEngine.initialize (Backend/HBOS/Engines/MemoryEngine.ts:22:17)

    console.log
      Knowledge Engine Started

      at KnowledgeEngine.initialize (Backend/HBOS/Engines/KnowledgeEngine.ts:22:17)

    console.log
      Project Pilot Engine Started

      at ProjectPilotEngine.initialize (Backend/HBOS/Engines/ProjectPilotEngine.ts:41:17)

    console.log
      ReasoningEngine Started

      at ReasoningEngine.initialize (Backend/HBOS/Engines/ReasoningEngine.ts:110:17)

    console.log
      OrganizationalIntelligenceEngine Started

      at OrganizationalIntelligenceEngine.initialize (Backend/HBOS/Engines/OrganizationalIntelligenceEngine.ts:132:17)

    console.log
      Governance Engine Started

      at GovernanceEngine.initialize (Backend/HBOS/Engines/GovernanceEngine.ts:140:17)

    console.log
      Memory Engine Started

      at MemoryEngine.initialize (Backend/HBOS/Engines/MemoryEngine.ts:22:17)

    console.log
      Memory Engine Started

      at MemoryEngine.initialize (Backend/HBOS/Engines/MemoryEngine.ts:22:17)

    console.log
      Knowledge Engine Started

      at KnowledgeEngine.initialize (Backend/HBOS/Engines/KnowledgeEngine.ts:22:17)

    console.log
      Project Pilot Engine Started

      at ProjectPilotEngine.initialize (Backend/HBOS/Engines/ProjectPilotEngine.ts:41:17)

    console.log
      ReasoningEngine Started

      at ReasoningEngine.initialize (Backend/HBOS/Engines/ReasoningEngine.ts:110:17)

    console.log
      OrganizationalIntelligenceEngine Started

      at OrganizationalIntelligenceEngine.initialize (Backend/HBOS/Engines/OrganizationalIntelligenceEngine.ts:132:17)

    console.log
      Governance Engine Started

      at GovernanceEngine.initialize (Backend/HBOS/Engines/GovernanceEngine.ts:140:17)

    console.log
      ExecutiveIntelligenceEngine Started

      at ExecutiveIntelligenceEngine.initialize (Backend/HBOS/Engines/ExecutiveIntelligenceEngine.ts:152:17)

    console.log
      Decision Engine Started

      at DecisionEngine.initialize (Backend/HBOS/Engines/DecisionEngine.ts:14:17)

    console.log
      Project Pilot Engine Started

      at ProjectPilotEngine.initialize (Backend/HBOS/Engines/ProjectPilotEngine.ts:41:17)

    console.log
      Governance Engine Started

      at GovernanceEngine.initialize (Backend/HBOS/Engines/GovernanceEngine.ts:140:17)

    console.log
      AutonomousOperationsEngine Started

      at AutonomousOperationsEngine.initialize (Backend/HBOS/Engines/AutonomousOperationsEngine.ts:152:17)

    console.log
      Knowledge Engine Started

      at KnowledgeEngine.initialize (Backend/HBOS/Engines/KnowledgeEngine.ts:22:17)

    console.log
      ReasoningEngine Started

      at ReasoningEngine.initialize (Backend/HBOS/Engines/ReasoningEngine.ts:110:17)

    console.log
      Memory Engine Started

      at MemoryEngine.initialize (Backend/HBOS/Engines/MemoryEngine.ts:22:17)

    console.log
      Knowledge Engine Started

      at KnowledgeEngine.initialize (Backend/HBOS/Engines/KnowledgeEngine.ts:22:17)

    console.log
      Project Pilot Engine Started

      at ProjectPilotEngine.initialize (Backend/HBOS/Engines/ProjectPilotEngine.ts:41:17)

    console.log
      ReasoningEngine Started

      at ReasoningEngine.initialize (Backend/HBOS/Engines/ReasoningEngine.ts:110:17)

    console.log
      OrganizationalIntelligenceEngine Started

      at OrganizationalIntelligenceEngine.initialize (Backend/HBOS/Engines/OrganizationalIntelligenceEngine.ts:132:17)

    console.log
      Governance Engine Started

      at GovernanceEngine.initialize (Backend/HBOS/Engines/GovernanceEngine.ts:140:17)

    console.log
      Memory Engine Started

      at MemoryEngine.initialize (Backend/HBOS/Engines/MemoryEngine.ts:22:17)

    console.log
      Memory Engine Started

      at MemoryEngine.initialize (Backend/HBOS/Engines/MemoryEngine.ts:22:17)

    console.log
      Knowledge Engine Started

      at KnowledgeEngine.initialize (Backend/HBOS/Engines/KnowledgeEngine.ts:22:17)

    console.log
      Project Pilot Engine Started

      at ProjectPilotEngine.initialize (Backend/HBOS/Engines/ProjectPilotEngine.ts:41:17)

    console.log
      ReasoningEngine Started

      at ReasoningEngine.initialize (Backend/HBOS/Engines/ReasoningEngine.ts:110:17)

    console.log
      OrganizationalIntelligenceEngine Started

      at OrganizationalIntelligenceEngine.initialize (Backend/HBOS/Engines/OrganizationalIntelligenceEngine.ts:132:17)

    console.log
      Governance Engine Started

      at GovernanceEngine.initialize (Backend/HBOS/Engines/GovernanceEngine.ts:140:17)

    console.log
      ExecutiveIntelligenceEngine Started

      at ExecutiveIntelligenceEngine.initialize (Backend/HBOS/Engines/ExecutiveIntelligenceEngine.ts:152:17)

    console.log
      Decision Engine Started

      at DecisionEngine.initialize (Backend/HBOS/Engines/DecisionEngine.ts:14:17)

    console.log
      Project Pilot Engine Started

      at ProjectPilotEngine.initialize (Backend/HBOS/Engines/ProjectPilotEngine.ts:41:17)

    console.log
      Governance Engine Started

      at GovernanceEngine.initialize (Backend/HBOS/Engines/GovernanceEngine.ts:140:17)

    console.log
      AutonomousOperationsEngine Started

      at AutonomousOperationsEngine.initialize (Backend/HBOS/Engines/AutonomousOperationsEngine.ts:152:17)

    console.log
      Knowledge Engine Started

      at KnowledgeEngine.initialize (Backend/HBOS/Engines/KnowledgeEngine.ts:22:17)

    console.log
      ReasoningEngine Started

      at ReasoningEngine.initialize (Backend/HBOS/Engines/ReasoningEngine.ts:110:17)

    console.log
      Memory Engine Started

      at MemoryEngine.initialize (Backend/HBOS/Engines/MemoryEngine.ts:22:17)

    console.log
      Knowledge Engine Started

      at KnowledgeEngine.initialize (Backend/HBOS/Engines/KnowledgeEngine.ts:22:17)

    console.log
      Project Pilot Engine Started

      at ProjectPilotEngine.initialize (Backend/HBOS/Engines/ProjectPilotEngine.ts:41:17)

    console.log
      ReasoningEngine Started

      at ReasoningEngine.initialize (Backend/HBOS/Engines/ReasoningEngine.ts:110:17)

    console.log
      OrganizationalIntelligenceEngine Started

      at OrganizationalIntelligenceEngine.initialize (Backend/HBOS/Engines/OrganizationalIntelligenceEngine.ts:132:17)

    console.log
      Governance Engine Started

      at GovernanceEngine.initialize (Backend/HBOS/Engines/GovernanceEngine.ts:140:17)

    console.log
      Memory Engine Started

      at MemoryEngine.initialize (Backend/HBOS/Engines/MemoryEngine.ts:22:17)

    console.log
      Memory Engine Started

      at MemoryEngine.initialize (Backend/HBOS/Engines/MemoryEngine.ts:22:17)

    console.log
      Knowledge Engine Started

      at KnowledgeEngine.initialize (Backend/HBOS/Engines/KnowledgeEngine.ts:22:17)

    console.log
      Project Pilot Engine Started

      at ProjectPilotEngine.initialize (Backend/HBOS/Engines/ProjectPilotEngine.ts:41:17)

    console.log
      ReasoningEngine Started

      at ReasoningEngine.initialize (Backend/HBOS/Engines/ReasoningEngine.ts:110:17)

    console.log
      OrganizationalIntelligenceEngine Started

      at OrganizationalIntelligenceEngine.initialize (Backend/HBOS/Engines/OrganizationalIntelligenceEngine.ts:132:17)

    console.log
      Governance Engine Started

      at GovernanceEngine.initialize (Backend/HBOS/Engines/GovernanceEngine.ts:140:17)

    console.log
      ExecutiveIntelligenceEngine Started

      at ExecutiveIntelligenceEngine.initialize (Backend/HBOS/Engines/ExecutiveIntelligenceEngine.ts:152:17)

    console.log
      Decision Engine Started

      at DecisionEngine.initialize (Backend/HBOS/Engines/DecisionEngine.ts:14:17)

    console.log
      Project Pilot Engine Started

      at ProjectPilotEngine.initialize (Backend/HBOS/Engines/ProjectPilotEngine.ts:41:17)

    console.log
      Governance Engine Started

      at GovernanceEngine.initialize (Backend/HBOS/Engines/GovernanceEngine.ts:140:17)

    console.log
      AutonomousOperationsEngine Started

      at AutonomousOperationsEngine.initialize (Backend/HBOS/Engines/AutonomousOperationsEngine.ts:152:17)

    console.log
      Knowledge Engine Started

      at KnowledgeEngine.initialize (Backend/HBOS/Engines/KnowledgeEngine.ts:22:17)

    console.log
      ReasoningEngine Started

      at ReasoningEngine.initialize (Backend/HBOS/Engines/ReasoningEngine.ts:110:17)

    console.log
      Memory Engine Started

      at MemoryEngine.initialize (Backend/HBOS/Engines/MemoryEngine.ts:22:17)

    console.log
      Knowledge Engine Started

      at KnowledgeEngine.initialize (Backend/HBOS/Engines/KnowledgeEngine.ts:22:17)

    console.log
      Project Pilot Engine Started

      at ProjectPilotEngine.initialize (Backend/HBOS/Engines/ProjectPilotEngine.ts:41:17)

    console.log
      ReasoningEngine Started

      at ReasoningEngine.initialize (Backend/HBOS/Engines/ReasoningEngine.ts:110:17)

    console.log
      OrganizationalIntelligenceEngine Started

      at OrganizationalIntelligenceEngine.initialize (Backend/HBOS/Engines/OrganizationalIntelligenceEngine.ts:132:17)

    console.log
      Governance Engine Started

      at GovernanceEngine.initialize (Backend/HBOS/Engines/GovernanceEngine.ts:140:17)

    console.log
      Memory Engine Started

      at MemoryEngine.initialize (Backend/HBOS/Engines/MemoryEngine.ts:22:17)

    console.log
      Memory Engine Started

      at MemoryEngine.initialize (Backend/HBOS/Engines/MemoryEngine.ts:22:17)

    console.log
      Knowledge Engine Started

      at KnowledgeEngine.initialize (Backend/HBOS/Engines/KnowledgeEngine.ts:22:17)

    console.log
      Project Pilot Engine Started

      at ProjectPilotEngine.initialize (Backend/HBOS/Engines/ProjectPilotEngine.ts:41:17)

    console.log
      ReasoningEngine Started

      at ReasoningEngine.initialize (Backend/HBOS/Engines/ReasoningEngine.ts:110:17)

    console.log
      OrganizationalIntelligenceEngine Started

      at OrganizationalIntelligenceEngine.initialize (Backend/HBOS/Engines/OrganizationalIntelligenceEngine.ts:132:17)

    console.log
      Governance Engine Started

      at GovernanceEngine.initialize (Backend/HBOS/Engines/GovernanceEngine.ts:140:17)

    console.log
      ExecutiveIntelligenceEngine Started

      at ExecutiveIntelligenceEngine.initialize (Backend/HBOS/Engines/ExecutiveIntelligenceEngine.ts:152:17)

    console.log
      Decision Engine Started

      at DecisionEngine.initialize (Backend/HBOS/Engines/DecisionEngine.ts:14:17)

    console.log
      Project Pilot Engine Started

      at ProjectPilotEngine.initialize (Backend/HBOS/Engines/ProjectPilotEngine.ts:41:17)

    console.log
      Governance Engine Started

      at GovernanceEngine.initialize (Backend/HBOS/Engines/GovernanceEngine.ts:140:17)

    console.log
      AutonomousOperationsEngine Started

      at AutonomousOperationsEngine.initialize (Backend/HBOS/Engines/AutonomousOperationsEngine.ts:152:17)

    console.log
      Knowledge Engine Started

      at KnowledgeEngine.initialize (Backend/HBOS/Engines/KnowledgeEngine.ts:22:17)

    console.log
      ReasoningEngine Started

      at ReasoningEngine.initialize (Backend/HBOS/Engines/ReasoningEngine.ts:110:17)

    console.log
      Memory Engine Started

      at MemoryEngine.initialize (Backend/HBOS/Engines/MemoryEngine.ts:22:17)

    console.log
      Knowledge Engine Started

      at KnowledgeEngine.initialize (Backend/HBOS/Engines/KnowledgeEngine.ts:22:17)

    console.log
      Project Pilot Engine Started

      at ProjectPilotEngine.initialize (Backend/HBOS/Engines/ProjectPilotEngine.ts:41:17)

    console.log
      ReasoningEngine Started

      at ReasoningEngine.initialize (Backend/HBOS/Engines/ReasoningEngine.ts:110:17)

    console.log
      OrganizationalIntelligenceEngine Started

      at OrganizationalIntelligenceEngine.initialize (Backend/HBOS/Engines/OrganizationalIntelligenceEngine.ts:132:17)

    console.log
      Governance Engine Started

      at GovernanceEngine.initialize (Backend/HBOS/Engines/GovernanceEngine.ts:140:17)

    console.log
      Memory Engine Started

      at MemoryEngine.initialize (Backend/HBOS/Engines/MemoryEngine.ts:22:17)

    console.log
      Memory Engine Started

      at MemoryEngine.initialize (Backend/HBOS/Engines/MemoryEngine.ts:22:17)

    console.log
      Knowledge Engine Started

      at KnowledgeEngine.initialize (Backend/HBOS/Engines/KnowledgeEngine.ts:22:17)

    console.log
      Project Pilot Engine Started

      at ProjectPilotEngine.initialize (Backend/HBOS/Engines/ProjectPilotEngine.ts:41:17)

    console.log
      ReasoningEngine Started

      at ReasoningEngine.initialize (Backend/HBOS/Engines/ReasoningEngine.ts:110:17)

    console.log
      OrganizationalIntelligenceEngine Started

      at OrganizationalIntelligenceEngine.initialize (Backend/HBOS/Engines/OrganizationalIntelligenceEngine.ts:132:17)

    console.log
      Governance Engine Started

      at GovernanceEngine.initialize (Backend/HBOS/Engines/GovernanceEngine.ts:140:17)

    console.log
      ExecutiveIntelligenceEngine Started

      at ExecutiveIntelligenceEngine.initialize (Backend/HBOS/Engines/ExecutiveIntelligenceEngine.ts:152:17)

    console.log
      Decision Engine Started

      at DecisionEngine.initialize (Backend/HBOS/Engines/DecisionEngine.ts:14:17)

    console.log
      Project Pilot Engine Started

      at ProjectPilotEngine.initialize (Backend/HBOS/Engines/ProjectPilotEngine.ts:41:17)

    console.log
      Governance Engine Started

      at GovernanceEngine.initialize (Backend/HBOS/Engines/GovernanceEngine.ts:140:17)

    console.log
      AutonomousOperationsEngine Started

      at AutonomousOperationsEngine.initialize (Backend/HBOS/Engines/AutonomousOperationsEngine.ts:152:17)

    console.log
      Knowledge Engine Started

      at KnowledgeEngine.initialize (Backend/HBOS/Engines/KnowledgeEngine.ts:22:17)

    console.log
      ReasoningEngine Started

      at ReasoningEngine.initialize (Backend/HBOS/Engines/ReasoningEngine.ts:110:17)

    console.log
      Memory Engine Started

      at MemoryEngine.initialize (Backend/HBOS/Engines/MemoryEngine.ts:22:17)

    console.log
      Knowledge Engine Started

      at KnowledgeEngine.initialize (Backend/HBOS/Engines/KnowledgeEngine.ts:22:17)

    console.log
      Project Pilot Engine Started

      at ProjectPilotEngine.initialize (Backend/HBOS/Engines/ProjectPilotEngine.ts:41:17)

    console.log
      ReasoningEngine Started

      at ReasoningEngine.initialize (Backend/HBOS/Engines/ReasoningEngine.ts:110:17)

    console.log
      OrganizationalIntelligenceEngine Started

      at OrganizationalIntelligenceEngine.initialize (Backend/HBOS/Engines/OrganizationalIntelligenceEngine.ts:132:17)

    console.log
      Governance Engine Started

      at GovernanceEngine.initialize (Backend/HBOS/Engines/GovernanceEngine.ts:140:17)

    console.log
      Memory Engine Started

      at MemoryEngine.initialize (Backend/HBOS/Engines/MemoryEngine.ts:22:17)

    console.log
      Memory Engine Started

      at MemoryEngine.initialize (Backend/HBOS/Engines/MemoryEngine.ts:22:17)

    console.log
      Knowledge Engine Started

      at KnowledgeEngine.initialize (Backend/HBOS/Engines/KnowledgeEngine.ts:22:17)

    console.log
      Project Pilot Engine Started

      at ProjectPilotEngine.initialize (Backend/HBOS/Engines/ProjectPilotEngine.ts:41:17)

    console.log
      ReasoningEngine Started

      at ReasoningEngine.initialize (Backend/HBOS/Engines/ReasoningEngine.ts:110:17)

    console.log
      OrganizationalIntelligenceEngine Started

      at OrganizationalIntelligenceEngine.initialize (Backend/HBOS/Engines/OrganizationalIntelligenceEngine.ts:132:17)

    console.log
      Governance Engine Started

      at GovernanceEngine.initialize (Backend/HBOS/Engines/GovernanceEngine.ts:140:17)

    console.log
      ExecutiveIntelligenceEngine Started

      at ExecutiveIntelligenceEngine.initialize (Backend/HBOS/Engines/ExecutiveIntelligenceEngine.ts:152:17)

    console.log
      Decision Engine Started

      at DecisionEngine.initialize (Backend/HBOS/Engines/DecisionEngine.ts:14:17)

    console.log
      Project Pilot Engine Started

      at ProjectPilotEngine.initialize (Backend/HBOS/Engines/ProjectPilotEngine.ts:41:17)

    console.log
      Governance Engine Started

      at GovernanceEngine.initialize (Backend/HBOS/Engines/GovernanceEngine.ts:140:17)

    console.log
      AutonomousOperationsEngine Started

      at AutonomousOperationsEngine.initialize (Backend/HBOS/Engines/AutonomousOperationsEngine.ts:152:17)

    console.log
      Knowledge Engine Started

      at KnowledgeEngine.initialize (Backend/HBOS/Engines/KnowledgeEngine.ts:22:17)

PASS Backend/HBOS/test/OrganizationalProblemSolving.test.ts (41.865 s)
  ● Console

    console.log
      ReasoningEngine Started

      at ReasoningEngine.initialize (Backend/HBOS/Engines/ReasoningEngine.ts:110:17)

    console.log
      Memory Engine Started

      at MemoryEngine.initialize (Backend/HBOS/Engines/MemoryEngine.ts:22:17)

    console.log
      Knowledge Engine Started

      at KnowledgeEngine.initialize (Backend/HBOS/Engines/KnowledgeEngine.ts:22:17)

    console.log
      Project Pilot Engine Started

      at ProjectPilotEngine.initialize (Backend/HBOS/Engines/ProjectPilotEngine.ts:41:17)

    console.log
      ReasoningEngine Started

      at ReasoningEngine.initialize (Backend/HBOS/Engines/ReasoningEngine.ts:110:17)

    console.log
      OrganizationalIntelligenceEngine Started

      at OrganizationalIntelligenceEngine.initialize (Backend/HBOS/Engines/OrganizationalIntelligenceEngine.ts:132:17)

    console.log
      Governance Engine Started

      at GovernanceEngine.initialize (Backend/HBOS/Engines/GovernanceEngine.ts:140:17)

    console.log
      Memory Engine Started

      at MemoryEngine.initialize (Backend/HBOS/Engines/MemoryEngine.ts:22:17)

    console.log
      Memory Engine Started

      at MemoryEngine.initialize (Backend/HBOS/Engines/MemoryEngine.ts:22:17)

    console.log
      Knowledge Engine Started

      at KnowledgeEngine.initialize (Backend/HBOS/Engines/KnowledgeEngine.ts:22:17)

    console.log
      Project Pilot Engine Started

      at ProjectPilotEngine.initialize (Backend/HBOS/Engines/ProjectPilotEngine.ts:41:17)

    console.log
      ReasoningEngine Started

      at ReasoningEngine.initialize (Backend/HBOS/Engines/ReasoningEngine.ts:110:17)

    console.log
      OrganizationalIntelligenceEngine Started

      at OrganizationalIntelligenceEngine.initialize (Backend/HBOS/Engines/OrganizationalIntelligenceEngine.ts:132:17)

    console.log
      Governance Engine Started

      at GovernanceEngine.initialize (Backend/HBOS/Engines/GovernanceEngine.ts:140:17)

    console.log
      ExecutiveIntelligenceEngine Started

      at ExecutiveIntelligenceEngine.initialize (Backend/HBOS/Engines/ExecutiveIntelligenceEngine.ts:152:17)

    console.log
      Decision Engine Started

      at DecisionEngine.initialize (Backend/HBOS/Engines/DecisionEngine.ts:14:17)

    console.log
      Project Pilot Engine Started

      at ProjectPilotEngine.initialize (Backend/HBOS/Engines/ProjectPilotEngine.ts:41:17)

    console.log
      Governance Engine Started

      at GovernanceEngine.initialize (Backend/HBOS/Engines/GovernanceEngine.ts:140:17)

    console.log
      AutonomousOperationsEngine Started

      at AutonomousOperationsEngine.initialize (Backend/HBOS/Engines/AutonomousOperationsEngine.ts:152:17)

    console.log
      Knowledge Engine Started

      at KnowledgeEngine.initialize (Backend/HBOS/Engines/KnowledgeEngine.ts:22:17)

    console.log
      ReasoningEngine Started

      at ReasoningEngine.initialize (Backend/HBOS/Engines/ReasoningEngine.ts:110:17)

    console.log
      Memory Engine Started

      at MemoryEngine.initialize (Backend/HBOS/Engines/MemoryEngine.ts:22:17)

    console.log
      Knowledge Engine Started

      at KnowledgeEngine.initialize (Backend/HBOS/Engines/KnowledgeEngine.ts:22:17)

    console.log
      Project Pilot Engine Started

      at ProjectPilotEngine.initialize (Backend/HBOS/Engines/ProjectPilotEngine.ts:41:17)

    console.log
      ReasoningEngine Started

      at ReasoningEngine.initialize (Backend/HBOS/Engines/ReasoningEngine.ts:110:17)

    console.log
      OrganizationalIntelligenceEngine Started

      at OrganizationalIntelligenceEngine.initialize (Backend/HBOS/Engines/OrganizationalIntelligenceEngine.ts:132:17)

    console.log
      Governance Engine Started

      at GovernanceEngine.initialize (Backend/HBOS/Engines/GovernanceEngine.ts:140:17)

    console.log
      Memory Engine Started

      at MemoryEngine.initialize (Backend/HBOS/Engines/MemoryEngine.ts:22:17)

    console.log
      Memory Engine Started

      at MemoryEngine.initialize (Backend/HBOS/Engines/MemoryEngine.ts:22:17)

    console.log
      Knowledge Engine Started

      at KnowledgeEngine.initialize (Backend/HBOS/Engines/KnowledgeEngine.ts:22:17)

    console.log
      Project Pilot Engine Started

      at ProjectPilotEngine.initialize (Backend/HBOS/Engines/ProjectPilotEngine.ts:41:17)

    console.log
      ReasoningEngine Started

      at ReasoningEngine.initialize (Backend/HBOS/Engines/ReasoningEngine.ts:110:17)

    console.log
      OrganizationalIntelligenceEngine Started

      at OrganizationalIntelligenceEngine.initialize (Backend/HBOS/Engines/OrganizationalIntelligenceEngine.ts:132:17)

    console.log
      Governance Engine Started

      at GovernanceEngine.initialize (Backend/HBOS/Engines/GovernanceEngine.ts:140:17)

    console.log
      ExecutiveIntelligenceEngine Started

      at ExecutiveIntelligenceEngine.initialize (Backend/HBOS/Engines/ExecutiveIntelligenceEngine.ts:152:17)

    console.log
      Decision Engine Started

      at DecisionEngine.initialize (Backend/HBOS/Engines/DecisionEngine.ts:14:17)

    console.log
      Project Pilot Engine Started

      at ProjectPilotEngine.initialize (Backend/HBOS/Engines/ProjectPilotEngine.ts:41:17)

    console.log
      Governance Engine Started

      at GovernanceEngine.initialize (Backend/HBOS/Engines/GovernanceEngine.ts:140:17)

    console.log
      AutonomousOperationsEngine Started

      at AutonomousOperationsEngine.initialize (Backend/HBOS/Engines/AutonomousOperationsEngine.ts:152:17)

    console.log
      Knowledge Engine Started

      at KnowledgeEngine.initialize (Backend/HBOS/Engines/KnowledgeEngine.ts:22:17)

    console.log
      ReasoningEngine Started

      at ReasoningEngine.initialize (Backend/HBOS/Engines/ReasoningEngine.ts:110:17)

    console.log
      Memory Engine Started

      at MemoryEngine.initialize (Backend/HBOS/Engines/MemoryEngine.ts:22:17)

    console.log
      Knowledge Engine Started

      at KnowledgeEngine.initialize (Backend/HBOS/Engines/KnowledgeEngine.ts:22:17)

    console.log
      Project Pilot Engine Started

      at ProjectPilotEngine.initialize (Backend/HBOS/Engines/ProjectPilotEngine.ts:41:17)

    console.log
      ReasoningEngine Started

      at ReasoningEngine.initialize (Backend/HBOS/Engines/ReasoningEngine.ts:110:17)

    console.log
      OrganizationalIntelligenceEngine Started

      at OrganizationalIntelligenceEngine.initialize (Backend/HBOS/Engines/OrganizationalIntelligenceEngine.ts:132:17)

    console.log
      Governance Engine Started

      at GovernanceEngine.initialize (Backend/HBOS/Engines/GovernanceEngine.ts:140:17)

    console.log
      Memory Engine Started

      at MemoryEngine.initialize (Backend/HBOS/Engines/MemoryEngine.ts:22:17)

    console.log
      Memory Engine Started

      at MemoryEngine.initialize (Backend/HBOS/Engines/MemoryEngine.ts:22:17)

    console.log
      Knowledge Engine Started

      at KnowledgeEngine.initialize (Backend/HBOS/Engines/KnowledgeEngine.ts:22:17)

    console.log
      Project Pilot Engine Started

      at ProjectPilotEngine.initialize (Backend/HBOS/Engines/ProjectPilotEngine.ts:41:17)

    console.log
      ReasoningEngine Started

      at ReasoningEngine.initialize (Backend/HBOS/Engines/ReasoningEngine.ts:110:17)

    console.log
      OrganizationalIntelligenceEngine Started

      at OrganizationalIntelligenceEngine.initialize (Backend/HBOS/Engines/OrganizationalIntelligenceEngine.ts:132:17)

    console.log
      Governance Engine Started

      at GovernanceEngine.initialize (Backend/HBOS/Engines/GovernanceEngine.ts:140:17)

    console.log
      ExecutiveIntelligenceEngine Started

      at ExecutiveIntelligenceEngine.initialize (Backend/HBOS/Engines/ExecutiveIntelligenceEngine.ts:152:17)

    console.log
      Decision Engine Started

      at DecisionEngine.initialize (Backend/HBOS/Engines/DecisionEngine.ts:14:17)

    console.log
      Project Pilot Engine Started

      at ProjectPilotEngine.initialize (Backend/HBOS/Engines/ProjectPilotEngine.ts:41:17)

    console.log
      Governance Engine Started

      at GovernanceEngine.initialize (Backend/HBOS/Engines/GovernanceEngine.ts:140:17)

    console.log
      AutonomousOperationsEngine Started

      at AutonomousOperationsEngine.initialize (Backend/HBOS/Engines/AutonomousOperationsEngine.ts:152:17)

    console.log
      Knowledge Engine Started

      at KnowledgeEngine.initialize (Backend/HBOS/Engines/KnowledgeEngine.ts:22:17)

    console.log
      ReasoningEngine Started

      at ReasoningEngine.initialize (Backend/HBOS/Engines/ReasoningEngine.ts:110:17)

    console.log
      Memory Engine Started

      at MemoryEngine.initialize (Backend/HBOS/Engines/MemoryEngine.ts:22:17)

    console.log
      Knowledge Engine Started

      at KnowledgeEngine.initialize (Backend/HBOS/Engines/KnowledgeEngine.ts:22:17)

    console.log
      Project Pilot Engine Started

      at ProjectPilotEngine.initialize (Backend/HBOS/Engines/ProjectPilotEngine.ts:41:17)

    console.log
      ReasoningEngine Started

      at ReasoningEngine.initialize (Backend/HBOS/Engines/ReasoningEngine.ts:110:17)

    console.log
      OrganizationalIntelligenceEngine Started

      at OrganizationalIntelligenceEngine.initialize (Backend/HBOS/Engines/OrganizationalIntelligenceEngine.ts:132:17)

    console.log
      Governance Engine Started

      at GovernanceEngine.initialize (Backend/HBOS/Engines/GovernanceEngine.ts:140:17)

    console.log
      Memory Engine Started

      at MemoryEngine.initialize (Backend/HBOS/Engines/MemoryEngine.ts:22:17)

    console.log
      Memory Engine Started

      at MemoryEngine.initialize (Backend/HBOS/Engines/MemoryEngine.ts:22:17)

    console.log
      Knowledge Engine Started

      at KnowledgeEngine.initialize (Backend/HBOS/Engines/KnowledgeEngine.ts:22:17)

    console.log
      Project Pilot Engine Started

      at ProjectPilotEngine.initialize (Backend/HBOS/Engines/ProjectPilotEngine.ts:41:17)

    console.log
      ReasoningEngine Started

      at ReasoningEngine.initialize (Backend/HBOS/Engines/ReasoningEngine.ts:110:17)

    console.log
      OrganizationalIntelligenceEngine Started

      at OrganizationalIntelligenceEngine.initialize (Backend/HBOS/Engines/OrganizationalIntelligenceEngine.ts:132:17)

    console.log
      Governance Engine Started

      at GovernanceEngine.initialize (Backend/HBOS/Engines/GovernanceEngine.ts:140:17)

    console.log
      ExecutiveIntelligenceEngine Started

      at ExecutiveIntelligenceEngine.initialize (Backend/HBOS/Engines/ExecutiveIntelligenceEngine.ts:152:17)

    console.log
      Decision Engine Started

      at DecisionEngine.initialize (Backend/HBOS/Engines/DecisionEngine.ts:14:17)

    console.log
      Project Pilot Engine Started

      at ProjectPilotEngine.initialize (Backend/HBOS/Engines/ProjectPilotEngine.ts:41:17)

    console.log
      Governance Engine Started

      at GovernanceEngine.initialize (Backend/HBOS/Engines/GovernanceEngine.ts:140:17)

    console.log
      AutonomousOperationsEngine Started

      at AutonomousOperationsEngine.initialize (Backend/HBOS/Engines/AutonomousOperationsEngine.ts:152:17)

    console.log
      Knowledge Engine Started

      at KnowledgeEngine.initialize (Backend/HBOS/Engines/KnowledgeEngine.ts:22:17)

    console.log
      ReasoningEngine Started

      at ReasoningEngine.initialize (Backend/HBOS/Engines/ReasoningEngine.ts:110:17)

    console.log
      Memory Engine Started

      at MemoryEngine.initialize (Backend/HBOS/Engines/MemoryEngine.ts:22:17)

    console.log
      Knowledge Engine Started

      at KnowledgeEngine.initialize (Backend/HBOS/Engines/KnowledgeEngine.ts:22:17)

    console.log
      Project Pilot Engine Started

      at ProjectPilotEngine.initialize (Backend/HBOS/Engines/ProjectPilotEngine.ts:41:17)

    console.log
      ReasoningEngine Started

      at ReasoningEngine.initialize (Backend/HBOS/Engines/ReasoningEngine.ts:110:17)

    console.log
      OrganizationalIntelligenceEngine Started

      at OrganizationalIntelligenceEngine.initialize (Backend/HBOS/Engines/OrganizationalIntelligenceEngine.ts:132:17)

    console.log
      Governance Engine Started

      at GovernanceEngine.initialize (Backend/HBOS/Engines/GovernanceEngine.ts:140:17)

    console.log
      Memory Engine Started

      at MemoryEngine.initialize (Backend/HBOS/Engines/MemoryEngine.ts:22:17)

    console.log
      Memory Engine Started

      at MemoryEngine.initialize (Backend/HBOS/Engines/MemoryEngine.ts:22:17)

    console.log
      Knowledge Engine Started

      at KnowledgeEngine.initialize (Backend/HBOS/Engines/KnowledgeEngine.ts:22:17)

    console.log
      Project Pilot Engine Started

      at ProjectPilotEngine.initialize (Backend/HBOS/Engines/ProjectPilotEngine.ts:41:17)

    console.log
      ReasoningEngine Started

      at ReasoningEngine.initialize (Backend/HBOS/Engines/ReasoningEngine.ts:110:17)

    console.log
      OrganizationalIntelligenceEngine Started

      at OrganizationalIntelligenceEngine.initialize (Backend/HBOS/Engines/OrganizationalIntelligenceEngine.ts:132:17)

    console.log
      Governance Engine Started

      at GovernanceEngine.initialize (Backend/HBOS/Engines/GovernanceEngine.ts:140:17)

    console.log
      ExecutiveIntelligenceEngine Started

      at ExecutiveIntelligenceEngine.initialize (Backend/HBOS/Engines/ExecutiveIntelligenceEngine.ts:152:17)

    console.log
      Decision Engine Started

      at DecisionEngine.initialize (Backend/HBOS/Engines/DecisionEngine.ts:14:17)

    console.log
      Project Pilot Engine Started

      at ProjectPilotEngine.initialize (Backend/HBOS/Engines/ProjectPilotEngine.ts:41:17)

    console.log
      Governance Engine Started

      at GovernanceEngine.initialize (Backend/HBOS/Engines/GovernanceEngine.ts:140:17)

    console.log
      AutonomousOperationsEngine Started

      at AutonomousOperationsEngine.initialize (Backend/HBOS/Engines/AutonomousOperationsEngine.ts:152:17)

    console.log
      Knowledge Engine Started

      at KnowledgeEngine.initialize (Backend/HBOS/Engines/KnowledgeEngine.ts:22:17)

    console.log
      ReasoningEngine Started

      at ReasoningEngine.initialize (Backend/HBOS/Engines/ReasoningEngine.ts:110:17)

    console.log
      Memory Engine Started

      at MemoryEngine.initialize (Backend/HBOS/Engines/MemoryEngine.ts:22:17)

    console.log
      Knowledge Engine Started

      at KnowledgeEngine.initialize (Backend/HBOS/Engines/KnowledgeEngine.ts:22:17)

    console.log
      Project Pilot Engine Started

      at ProjectPilotEngine.initialize (Backend/HBOS/Engines/ProjectPilotEngine.ts:41:17)

    console.log
      ReasoningEngine Started

      at ReasoningEngine.initialize (Backend/HBOS/Engines/ReasoningEngine.ts:110:17)

    console.log
      OrganizationalIntelligenceEngine Started

      at OrganizationalIntelligenceEngine.initialize (Backend/HBOS/Engines/OrganizationalIntelligenceEngine.ts:132:17)

    console.log
      Governance Engine Started

      at GovernanceEngine.initialize (Backend/HBOS/Engines/GovernanceEngine.ts:140:17)

    console.log
      Memory Engine Started

      at MemoryEngine.initialize (Backend/HBOS/Engines/MemoryEngine.ts:22:17)

    console.log
      Memory Engine Started

      at MemoryEngine.initialize (Backend/HBOS/Engines/MemoryEngine.ts:22:17)

    console.log
      Knowledge Engine Started

      at KnowledgeEngine.initialize (Backend/HBOS/Engines/KnowledgeEngine.ts:22:17)

    console.log
      Project Pilot Engine Started

      at ProjectPilotEngine.initialize (Backend/HBOS/Engines/ProjectPilotEngine.ts:41:17)

    console.log
      ReasoningEngine Started

      at ReasoningEngine.initialize (Backend/HBOS/Engines/ReasoningEngine.ts:110:17)

    console.log
      OrganizationalIntelligenceEngine Started

      at OrganizationalIntelligenceEngine.initialize (Backend/HBOS/Engines/OrganizationalIntelligenceEngine.ts:132:17)

    console.log
      Governance Engine Started

      at GovernanceEngine.initialize (Backend/HBOS/Engines/GovernanceEngine.ts:140:17)

    console.log
      ExecutiveIntelligenceEngine Started

      at ExecutiveIntelligenceEngine.initialize (Backend/HBOS/Engines/ExecutiveIntelligenceEngine.ts:152:17)

    console.log
      Decision Engine Started

      at DecisionEngine.initialize (Backend/HBOS/Engines/DecisionEngine.ts:14:17)

    console.log
      Project Pilot Engine Started

      at ProjectPilotEngine.initialize (Backend/HBOS/Engines/ProjectPilotEngine.ts:41:17)

    console.log
      Governance Engine Started

      at GovernanceEngine.initialize (Backend/HBOS/Engines/GovernanceEngine.ts:140:17)

    console.log
      AutonomousOperationsEngine Started

      at AutonomousOperationsEngine.initialize (Backend/HBOS/Engines/AutonomousOperationsEngine.ts:152:17)

    console.log
      Knowledge Engine Started

      at KnowledgeEngine.initialize (Backend/HBOS/Engines/KnowledgeEngine.ts:22:17)

    console.log
      ReasoningEngine Started

      at ReasoningEngine.initialize (Backend/HBOS/Engines/ReasoningEngine.ts:110:17)

    console.log
      Memory Engine Started

      at MemoryEngine.initialize (Backend/HBOS/Engines/MemoryEngine.ts:22:17)

    console.log
      Knowledge Engine Started

      at KnowledgeEngine.initialize (Backend/HBOS/Engines/KnowledgeEngine.ts:22:17)

    console.log
      Project Pilot Engine Started

      at ProjectPilotEngine.initialize (Backend/HBOS/Engines/ProjectPilotEngine.ts:41:17)

    console.log
      ReasoningEngine Started

      at ReasoningEngine.initialize (Backend/HBOS/Engines/ReasoningEngine.ts:110:17)

    console.log
      OrganizationalIntelligenceEngine Started

      at OrganizationalIntelligenceEngine.initialize (Backend/HBOS/Engines/OrganizationalIntelligenceEngine.ts:132:17)

    console.log
      Governance Engine Started

      at GovernanceEngine.initialize (Backend/HBOS/Engines/GovernanceEngine.ts:140:17)

    console.log
      Memory Engine Started

      at MemoryEngine.initialize (Backend/HBOS/Engines/MemoryEngine.ts:22:17)

    console.log
      Memory Engine Started

      at MemoryEngine.initialize (Backend/HBOS/Engines/MemoryEngine.ts:22:17)

    console.log
      Knowledge Engine Started

      at KnowledgeEngine.initialize (Backend/HBOS/Engines/KnowledgeEngine.ts:22:17)

    console.log
      Project Pilot Engine Started

      at ProjectPilotEngine.initialize (Backend/HBOS/Engines/ProjectPilotEngine.ts:41:17)

    console.log
      ReasoningEngine Started

      at ReasoningEngine.initialize (Backend/HBOS/Engines/ReasoningEngine.ts:110:17)

    console.log
      OrganizationalIntelligenceEngine Started

      at OrganizationalIntelligenceEngine.initialize (Backend/HBOS/Engines/OrganizationalIntelligenceEngine.ts:132:17)

    console.log
      Governance Engine Started

      at GovernanceEngine.initialize (Backend/HBOS/Engines/GovernanceEngine.ts:140:17)

    console.log
      ExecutiveIntelligenceEngine Started

      at ExecutiveIntelligenceEngine.initialize (Backend/HBOS/Engines/ExecutiveIntelligenceEngine.ts:152:17)

    console.log
      Decision Engine Started

      at DecisionEngine.initialize (Backend/HBOS/Engines/DecisionEngine.ts:14:17)

    console.log
      Project Pilot Engine Started

      at ProjectPilotEngine.initialize (Backend/HBOS/Engines/ProjectPilotEngine.ts:41:17)

    console.log
      Governance Engine Started

      at GovernanceEngine.initialize (Backend/HBOS/Engines/GovernanceEngine.ts:140:17)

    console.log
      AutonomousOperationsEngine Started

      at AutonomousOperationsEngine.initialize (Backend/HBOS/Engines/AutonomousOperationsEngine.ts:152:17)

    console.log
      Knowledge Engine Started

      at KnowledgeEngine.initialize (Backend/HBOS/Engines/KnowledgeEngine.ts:22:17)

    console.log
      ReasoningEngine Started

      at ReasoningEngine.initialize (Backend/HBOS/Engines/ReasoningEngine.ts:110:17)

    console.log
      Memory Engine Started

      at MemoryEngine.initialize (Backend/HBOS/Engines/MemoryEngine.ts:22:17)

    console.log
      Knowledge Engine Started

      at KnowledgeEngine.initialize (Backend/HBOS/Engines/KnowledgeEngine.ts:22:17)

    console.log
      Project Pilot Engine Started

      at ProjectPilotEngine.initialize (Backend/HBOS/Engines/ProjectPilotEngine.ts:41:17)

    console.log
      ReasoningEngine Started

      at ReasoningEngine.initialize (Backend/HBOS/Engines/ReasoningEngine.ts:110:17)

    console.log
      OrganizationalIntelligenceEngine Started

      at OrganizationalIntelligenceEngine.initialize (Backend/HBOS/Engines/OrganizationalIntelligenceEngine.ts:132:17)

    console.log
      Governance Engine Started

      at GovernanceEngine.initialize (Backend/HBOS/Engines/GovernanceEngine.ts:140:17)

    console.log
      Memory Engine Started

      at MemoryEngine.initialize (Backend/HBOS/Engines/MemoryEngine.ts:22:17)

    console.log
      Memory Engine Started

      at MemoryEngine.initialize (Backend/HBOS/Engines/MemoryEngine.ts:22:17)

    console.log
      Knowledge Engine Started

      at KnowledgeEngine.initialize (Backend/HBOS/Engines/KnowledgeEngine.ts:22:17)

    console.log
      Project Pilot Engine Started

      at ProjectPilotEngine.initialize (Backend/HBOS/Engines/ProjectPilotEngine.ts:41:17)

    console.log
      ReasoningEngine Started

      at ReasoningEngine.initialize (Backend/HBOS/Engines/ReasoningEngine.ts:110:17)

    console.log
      OrganizationalIntelligenceEngine Started

      at OrganizationalIntelligenceEngine.initialize (Backend/HBOS/Engines/OrganizationalIntelligenceEngine.ts:132:17)

    console.log
      Governance Engine Started

      at GovernanceEngine.initialize (Backend/HBOS/Engines/GovernanceEngine.ts:140:17)

    console.log
      ExecutiveIntelligenceEngine Started

      at ExecutiveIntelligenceEngine.initialize (Backend/HBOS/Engines/ExecutiveIntelligenceEngine.ts:152:17)

    console.log
      Decision Engine Started

      at DecisionEngine.initialize (Backend/HBOS/Engines/DecisionEngine.ts:14:17)

    console.log
      Project Pilot Engine Started

      at ProjectPilotEngine.initialize (Backend/HBOS/Engines/ProjectPilotEngine.ts:41:17)

    console.log
      Governance Engine Started

      at GovernanceEngine.initialize (Backend/HBOS/Engines/GovernanceEngine.ts:140:17)

    console.log
      AutonomousOperationsEngine Started

      at AutonomousOperationsEngine.initialize (Backend/HBOS/Engines/AutonomousOperationsEngine.ts:152:17)

    console.log
      Knowledge Engine Started

      at KnowledgeEngine.initialize (Backend/HBOS/Engines/KnowledgeEngine.ts:22:17)

    console.log
      ReasoningEngine Started

      at ReasoningEngine.initialize (Backend/HBOS/Engines/ReasoningEngine.ts:110:17)

    console.log
      Memory Engine Started

      at MemoryEngine.initialize (Backend/HBOS/Engines/MemoryEngine.ts:22:17)

    console.log
      Knowledge Engine Started

      at KnowledgeEngine.initialize (Backend/HBOS/Engines/KnowledgeEngine.ts:22:17)

    console.log
      Project Pilot Engine Started

      at ProjectPilotEngine.initialize (Backend/HBOS/Engines/ProjectPilotEngine.ts:41:17)

    console.log
      ReasoningEngine Started

      at ReasoningEngine.initialize (Backend/HBOS/Engines/ReasoningEngine.ts:110:17)

    console.log
      OrganizationalIntelligenceEngine Started

      at OrganizationalIntelligenceEngine.initialize (Backend/HBOS/Engines/OrganizationalIntelligenceEngine.ts:132:17)

    console.log
      Governance Engine Started

      at GovernanceEngine.initialize (Backend/HBOS/Engines/GovernanceEngine.ts:140:17)

    console.log
      Memory Engine Started

      at MemoryEngine.initialize (Backend/HBOS/Engines/MemoryEngine.ts:22:17)

    console.log
      Memory Engine Started

      at MemoryEngine.initialize (Backend/HBOS/Engines/MemoryEngine.ts:22:17)

    console.log
      Knowledge Engine Started

      at KnowledgeEngine.initialize (Backend/HBOS/Engines/KnowledgeEngine.ts:22:17)

    console.log
      Project Pilot Engine Started

      at ProjectPilotEngine.initialize (Backend/HBOS/Engines/ProjectPilotEngine.ts:41:17)

    console.log
      ReasoningEngine Started

      at ReasoningEngine.initialize (Backend/HBOS/Engines/ReasoningEngine.ts:110:17)

    console.log
      OrganizationalIntelligenceEngine Started

      at OrganizationalIntelligenceEngine.initialize (Backend/HBOS/Engines/OrganizationalIntelligenceEngine.ts:132:17)

    console.log
      Governance Engine Started

      at GovernanceEngine.initialize (Backend/HBOS/Engines/GovernanceEngine.ts:140:17)

    console.log
      ExecutiveIntelligenceEngine Started

      at ExecutiveIntelligenceEngine.initialize (Backend/HBOS/Engines/ExecutiveIntelligenceEngine.ts:152:17)

    console.log
      Decision Engine Started

      at DecisionEngine.initialize (Backend/HBOS/Engines/DecisionEngine.ts:14:17)

    console.log
      Project Pilot Engine Started

      at ProjectPilotEngine.initialize (Backend/HBOS/Engines/ProjectPilotEngine.ts:41:17)

    console.log
      Governance Engine Started

      at GovernanceEngine.initialize (Backend/HBOS/Engines/GovernanceEngine.ts:140:17)

    console.log
      AutonomousOperationsEngine Started

      at AutonomousOperationsEngine.initialize (Backend/HBOS/Engines/AutonomousOperationsEngine.ts:152:17)

    console.log
      Knowledge Engine Started

      at KnowledgeEngine.initialize (Backend/HBOS/Engines/KnowledgeEngine.ts:22:17)

    console.log
      ReasoningEngine Started

      at ReasoningEngine.initialize (Backend/HBOS/Engines/ReasoningEngine.ts:110:17)

    console.log
      Memory Engine Started

      at MemoryEngine.initialize (Backend/HBOS/Engines/MemoryEngine.ts:22:17)

    console.log
      Knowledge Engine Started

      at KnowledgeEngine.initialize (Backend/HBOS/Engines/KnowledgeEngine.ts:22:17)

    console.log
      Project Pilot Engine Started

      at ProjectPilotEngine.initialize (Backend/HBOS/Engines/ProjectPilotEngine.ts:41:17)

    console.log
      ReasoningEngine Started

      at ReasoningEngine.initialize (Backend/HBOS/Engines/ReasoningEngine.ts:110:17)

    console.log
      OrganizationalIntelligenceEngine Started

      at OrganizationalIntelligenceEngine.initialize (Backend/HBOS/Engines/OrganizationalIntelligenceEngine.ts:132:17)

    console.log
      Governance Engine Started

      at GovernanceEngine.initialize (Backend/HBOS/Engines/GovernanceEngine.ts:140:17)

    console.log
      Memory Engine Started

      at MemoryEngine.initialize (Backend/HBOS/Engines/MemoryEngine.ts:22:17)

    console.log
      Memory Engine Started

      at MemoryEngine.initialize (Backend/HBOS/Engines/MemoryEngine.ts:22:17)

    console.log
      Knowledge Engine Started

      at KnowledgeEngine.initialize (Backend/HBOS/Engines/KnowledgeEngine.ts:22:17)

    console.log
      Project Pilot Engine Started

      at ProjectPilotEngine.initialize (Backend/HBOS/Engines/ProjectPilotEngine.ts:41:17)

    console.log
      ReasoningEngine Started

      at ReasoningEngine.initialize (Backend/HBOS/Engines/ReasoningEngine.ts:110:17)

    console.log
      OrganizationalIntelligenceEngine Started

      at OrganizationalIntelligenceEngine.initialize (Backend/HBOS/Engines/OrganizationalIntelligenceEngine.ts:132:17)

    console.log
      Governance Engine Started

      at GovernanceEngine.initialize (Backend/HBOS/Engines/GovernanceEngine.ts:140:17)

    console.log
      ExecutiveIntelligenceEngine Started

      at ExecutiveIntelligenceEngine.initialize (Backend/HBOS/Engines/ExecutiveIntelligenceEngine.ts:152:17)

    console.log
      Decision Engine Started

      at DecisionEngine.initialize (Backend/HBOS/Engines/DecisionEngine.ts:14:17)

    console.log
      Project Pilot Engine Started

      at ProjectPilotEngine.initialize (Backend/HBOS/Engines/ProjectPilotEngine.ts:41:17)

    console.log
      Governance Engine Started

      at GovernanceEngine.initialize (Backend/HBOS/Engines/GovernanceEngine.ts:140:17)

    console.log
      AutonomousOperationsEngine Started

      at AutonomousOperationsEngine.initialize (Backend/HBOS/Engines/AutonomousOperationsEngine.ts:152:17)

    console.log
      Knowledge Engine Started

      at KnowledgeEngine.initialize (Backend/HBOS/Engines/KnowledgeEngine.ts:22:17)

    console.log
      ReasoningEngine Started

      at ReasoningEngine.initialize (Backend/HBOS/Engines/ReasoningEngine.ts:110:17)

    console.log
      Memory Engine Started

      at MemoryEngine.initialize (Backend/HBOS/Engines/MemoryEngine.ts:22:17)

    console.log
      Knowledge Engine Started

      at KnowledgeEngine.initialize (Backend/HBOS/Engines/KnowledgeEngine.ts:22:17)

    console.log
      Project Pilot Engine Started

      at ProjectPilotEngine.initialize (Backend/HBOS/Engines/ProjectPilotEngine.ts:41:17)

    console.log
      ReasoningEngine Started

      at ReasoningEngine.initialize (Backend/HBOS/Engines/ReasoningEngine.ts:110:17)

    console.log
      OrganizationalIntelligenceEngine Started

      at OrganizationalIntelligenceEngine.initialize (Backend/HBOS/Engines/OrganizationalIntelligenceEngine.ts:132:17)

    console.log
      Governance Engine Started

      at GovernanceEngine.initialize (Backend/HBOS/Engines/GovernanceEngine.ts:140:17)

    console.log
      Memory Engine Started

      at MemoryEngine.initialize (Backend/HBOS/Engines/MemoryEngine.ts:22:17)

    console.log
      Memory Engine Started

      at MemoryEngine.initialize (Backend/HBOS/Engines/MemoryEngine.ts:22:17)

    console.log
      Knowledge Engine Started

      at KnowledgeEngine.initialize (Backend/HBOS/Engines/KnowledgeEngine.ts:22:17)

    console.log
      Project Pilot Engine Started

      at ProjectPilotEngine.initialize (Backend/HBOS/Engines/ProjectPilotEngine.ts:41:17)

    console.log
      ReasoningEngine Started

      at ReasoningEngine.initialize (Backend/HBOS/Engines/ReasoningEngine.ts:110:17)

    console.log
      OrganizationalIntelligenceEngine Started

      at OrganizationalIntelligenceEngine.initialize (Backend/HBOS/Engines/OrganizationalIntelligenceEngine.ts:132:17)

    console.log
      Governance Engine Started

      at GovernanceEngine.initialize (Backend/HBOS/Engines/GovernanceEngine.ts:140:17)

    console.log
      ExecutiveIntelligenceEngine Started

      at ExecutiveIntelligenceEngine.initialize (Backend/HBOS/Engines/ExecutiveIntelligenceEngine.ts:152:17)

    console.log
      Decision Engine Started

      at DecisionEngine.initialize (Backend/HBOS/Engines/DecisionEngine.ts:14:17)

    console.log
      Project Pilot Engine Started

      at ProjectPilotEngine.initialize (Backend/HBOS/Engines/ProjectPilotEngine.ts:41:17)

    console.log
      Governance Engine Started

      at GovernanceEngine.initialize (Backend/HBOS/Engines/GovernanceEngine.ts:140:17)

    console.log
      AutonomousOperationsEngine Started

      at AutonomousOperationsEngine.initialize (Backend/HBOS/Engines/AutonomousOperationsEngine.ts:152:17)

    console.log
      Knowledge Engine Started

      at KnowledgeEngine.initialize (Backend/HBOS/Engines/KnowledgeEngine.ts:22:17)

    console.log
      ReasoningEngine Started

      at ReasoningEngine.initialize (Backend/HBOS/Engines/ReasoningEngine.ts:110:17)

    console.log
      Memory Engine Started

      at MemoryEngine.initialize (Backend/HBOS/Engines/MemoryEngine.ts:22:17)

    console.log
      Knowledge Engine Started

      at KnowledgeEngine.initialize (Backend/HBOS/Engines/KnowledgeEngine.ts:22:17)

    console.log
      Project Pilot Engine Started

      at ProjectPilotEngine.initialize (Backend/HBOS/Engines/ProjectPilotEngine.ts:41:17)

    console.log
      ReasoningEngine Started

      at ReasoningEngine.initialize (Backend/HBOS/Engines/ReasoningEngine.ts:110:17)

    console.log
      OrganizationalIntelligenceEngine Started

      at OrganizationalIntelligenceEngine.initialize (Backend/HBOS/Engines/OrganizationalIntelligenceEngine.ts:132:17)

    console.log
      Governance Engine Started

      at GovernanceEngine.initialize (Backend/HBOS/Engines/GovernanceEngine.ts:140:17)

    console.log
      Memory Engine Started

      at MemoryEngine.initialize (Backend/HBOS/Engines/MemoryEngine.ts:22:17)

    console.log
      Memory Engine Started

      at MemoryEngine.initialize (Backend/HBOS/Engines/MemoryEngine.ts:22:17)

    console.log
      Knowledge Engine Started

      at KnowledgeEngine.initialize (Backend/HBOS/Engines/KnowledgeEngine.ts:22:17)

    console.log
      Project Pilot Engine Started

      at ProjectPilotEngine.initialize (Backend/HBOS/Engines/ProjectPilotEngine.ts:41:17)

    console.log
      ReasoningEngine Started

      at ReasoningEngine.initialize (Backend/HBOS/Engines/ReasoningEngine.ts:110:17)

    console.log
      OrganizationalIntelligenceEngine Started

      at OrganizationalIntelligenceEngine.initialize (Backend/HBOS/Engines/OrganizationalIntelligenceEngine.ts:132:17)

    console.log
      Governance Engine Started

      at GovernanceEngine.initialize (Backend/HBOS/Engines/GovernanceEngine.ts:140:17)

    console.log
      ExecutiveIntelligenceEngine Started

      at ExecutiveIntelligenceEngine.initialize (Backend/HBOS/Engines/ExecutiveIntelligenceEngine.ts:152:17)

    console.log
      Decision Engine Started

      at DecisionEngine.initialize (Backend/HBOS/Engines/DecisionEngine.ts:14:17)

    console.log
      Project Pilot Engine Started

      at ProjectPilotEngine.initialize (Backend/HBOS/Engines/ProjectPilotEngine.ts:41:17)

    console.log
      Governance Engine Started

      at GovernanceEngine.initialize (Backend/HBOS/Engines/GovernanceEngine.ts:140:17)

    console.log
      AutonomousOperationsEngine Started

      at AutonomousOperationsEngine.initialize (Backend/HBOS/Engines/AutonomousOperationsEngine.ts:152:17)

    console.log
      Knowledge Engine Started

      at KnowledgeEngine.initialize (Backend/HBOS/Engines/KnowledgeEngine.ts:22:17)

PASS Backend/HBOS/test/RuntimeIdempotency.test.ts (20.016 s)
  ● Console

    console.log
      ReasoningEngine Started

      at ReasoningEngine.initialize (Backend/HBOS/Engines/ReasoningEngine.ts:110:17)

    console.log
      Memory Engine Started

      at MemoryEngine.initialize (Backend/HBOS/Engines/MemoryEngine.ts:22:17)

    console.log
      Knowledge Engine Started

      at KnowledgeEngine.initialize (Backend/HBOS/Engines/KnowledgeEngine.ts:22:17)

    console.log
      Project Pilot Engine Started

      at ProjectPilotEngine.initialize (Backend/HBOS/Engines/ProjectPilotEngine.ts:41:17)

    console.log
      ReasoningEngine Started

      at ReasoningEngine.initialize (Backend/HBOS/Engines/ReasoningEngine.ts:110:17)

    console.log
      OrganizationalIntelligenceEngine Started

      at OrganizationalIntelligenceEngine.initialize (Backend/HBOS/Engines/OrganizationalIntelligenceEngine.ts:132:17)

    console.log
      Governance Engine Started

      at GovernanceEngine.initialize (Backend/HBOS/Engines/GovernanceEngine.ts:140:17)

    console.log
      Memory Engine Started

      at MemoryEngine.initialize (Backend/HBOS/Engines/MemoryEngine.ts:22:17)

    console.log
      Memory Engine Started

      at MemoryEngine.initialize (Backend/HBOS/Engines/MemoryEngine.ts:22:17)

    console.log
      Knowledge Engine Started

      at KnowledgeEngine.initialize (Backend/HBOS/Engines/KnowledgeEngine.ts:22:17)

    console.log
      Project Pilot Engine Started

      at ProjectPilotEngine.initialize (Backend/HBOS/Engines/ProjectPilotEngine.ts:41:17)

    console.log
      ReasoningEngine Started

      at ReasoningEngine.initialize (Backend/HBOS/Engines/ReasoningEngine.ts:110:17)

    console.log
      OrganizationalIntelligenceEngine Started

      at OrganizationalIntelligenceEngine.initialize (Backend/HBOS/Engines/OrganizationalIntelligenceEngine.ts:132:17)

    console.log
      Governance Engine Started

      at GovernanceEngine.initialize (Backend/HBOS/Engines/GovernanceEngine.ts:140:17)

    console.log
      ExecutiveIntelligenceEngine Started

      at ExecutiveIntelligenceEngine.initialize (Backend/HBOS/Engines/ExecutiveIntelligenceEngine.ts:152:17)

    console.log
      Decision Engine Started

      at DecisionEngine.initialize (Backend/HBOS/Engines/DecisionEngine.ts:14:17)

    console.log
      Project Pilot Engine Started

      at ProjectPilotEngine.initialize (Backend/HBOS/Engines/ProjectPilotEngine.ts:41:17)

    console.log
      Governance Engine Started

      at GovernanceEngine.initialize (Backend/HBOS/Engines/GovernanceEngine.ts:140:17)

    console.log
      AutonomousOperationsEngine Started

      at AutonomousOperationsEngine.initialize (Backend/HBOS/Engines/AutonomousOperationsEngine.ts:152:17)

    console.log
      Knowledge Engine Started

      at KnowledgeEngine.initialize (Backend/HBOS/Engines/KnowledgeEngine.ts:22:17)

    console.log
      ReasoningEngine Started

      at ReasoningEngine.initialize (Backend/HBOS/Engines/ReasoningEngine.ts:110:17)

    console.log
      Memory Engine Started

      at MemoryEngine.initialize (Backend/HBOS/Engines/MemoryEngine.ts:22:17)

    console.log
      Knowledge Engine Started

      at KnowledgeEngine.initialize (Backend/HBOS/Engines/KnowledgeEngine.ts:22:17)

    console.log
      Project Pilot Engine Started

      at ProjectPilotEngine.initialize (Backend/HBOS/Engines/ProjectPilotEngine.ts:41:17)

    console.log
      ReasoningEngine Started

      at ReasoningEngine.initialize (Backend/HBOS/Engines/ReasoningEngine.ts:110:17)

    console.log
      OrganizationalIntelligenceEngine Started

      at OrganizationalIntelligenceEngine.initialize (Backend/HBOS/Engines/OrganizationalIntelligenceEngine.ts:132:17)

    console.log
      Governance Engine Started

      at GovernanceEngine.initialize (Backend/HBOS/Engines/GovernanceEngine.ts:140:17)

    console.log
      Memory Engine Started

      at MemoryEngine.initialize (Backend/HBOS/Engines/MemoryEngine.ts:22:17)

    console.log
      Memory Engine Started

      at MemoryEngine.initialize (Backend/HBOS/Engines/MemoryEngine.ts:22:17)

    console.log
      Knowledge Engine Started

      at KnowledgeEngine.initialize (Backend/HBOS/Engines/KnowledgeEngine.ts:22:17)

    console.log
      Project Pilot Engine Started

      at ProjectPilotEngine.initialize (Backend/HBOS/Engines/ProjectPilotEngine.ts:41:17)

    console.log
      ReasoningEngine Started

      at ReasoningEngine.initialize (Backend/HBOS/Engines/ReasoningEngine.ts:110:17)

    console.log
      OrganizationalIntelligenceEngine Started

      at OrganizationalIntelligenceEngine.initialize (Backend/HBOS/Engines/OrganizationalIntelligenceEngine.ts:132:17)

    console.log
      Governance Engine Started

      at GovernanceEngine.initialize (Backend/HBOS/Engines/GovernanceEngine.ts:140:17)

    console.log
      ExecutiveIntelligenceEngine Started

      at ExecutiveIntelligenceEngine.initialize (Backend/HBOS/Engines/ExecutiveIntelligenceEngine.ts:152:17)

    console.log
      Decision Engine Started

      at DecisionEngine.initialize (Backend/HBOS/Engines/DecisionEngine.ts:14:17)

    console.log
      Project Pilot Engine Started

      at ProjectPilotEngine.initialize (Backend/HBOS/Engines/ProjectPilotEngine.ts:41:17)

    console.log
      Governance Engine Started

      at GovernanceEngine.initialize (Backend/HBOS/Engines/GovernanceEngine.ts:140:17)

    console.log
      AutonomousOperationsEngine Started

      at AutonomousOperationsEngine.initialize (Backend/HBOS/Engines/AutonomousOperationsEngine.ts:152:17)

    console.log
      Knowledge Engine Started

      at KnowledgeEngine.initialize (Backend/HBOS/Engines/KnowledgeEngine.ts:22:17)

    console.log
      ReasoningEngine Started

      at ReasoningEngine.initialize (Backend/HBOS/Engines/ReasoningEngine.ts:110:17)

    console.log
      Memory Engine Started

      at MemoryEngine.initialize (Backend/HBOS/Engines/MemoryEngine.ts:22:17)

    console.log
      Knowledge Engine Started

      at KnowledgeEngine.initialize (Backend/HBOS/Engines/KnowledgeEngine.ts:22:17)

    console.log
      Project Pilot Engine Started

      at ProjectPilotEngine.initialize (Backend/HBOS/Engines/ProjectPilotEngine.ts:41:17)

    console.log
      ReasoningEngine Started

      at ReasoningEngine.initialize (Backend/HBOS/Engines/ReasoningEngine.ts:110:17)

    console.log
      OrganizationalIntelligenceEngine Started

      at OrganizationalIntelligenceEngine.initialize (Backend/HBOS/Engines/OrganizationalIntelligenceEngine.ts:132:17)

    console.log
      Governance Engine Started

      at GovernanceEngine.initialize (Backend/HBOS/Engines/GovernanceEngine.ts:140:17)

    console.log
      Memory Engine Started

      at MemoryEngine.initialize (Backend/HBOS/Engines/MemoryEngine.ts:22:17)

    console.log
      Memory Engine Started

      at MemoryEngine.initialize (Backend/HBOS/Engines/MemoryEngine.ts:22:17)

    console.log
      Knowledge Engine Started

      at KnowledgeEngine.initialize (Backend/HBOS/Engines/KnowledgeEngine.ts:22:17)

    console.log
      Project Pilot Engine Started

      at ProjectPilotEngine.initialize (Backend/HBOS/Engines/ProjectPilotEngine.ts:41:17)

    console.log
      ReasoningEngine Started

      at ReasoningEngine.initialize (Backend/HBOS/Engines/ReasoningEngine.ts:110:17)

    console.log
      OrganizationalIntelligenceEngine Started

      at OrganizationalIntelligenceEngine.initialize (Backend/HBOS/Engines/OrganizationalIntelligenceEngine.ts:132:17)

    console.log
      Governance Engine Started

      at GovernanceEngine.initialize (Backend/HBOS/Engines/GovernanceEngine.ts:140:17)

    console.log
      ExecutiveIntelligenceEngine Started

      at ExecutiveIntelligenceEngine.initialize (Backend/HBOS/Engines/ExecutiveIntelligenceEngine.ts:152:17)

    console.log
      Decision Engine Started

      at DecisionEngine.initialize (Backend/HBOS/Engines/DecisionEngine.ts:14:17)

    console.log
      Project Pilot Engine Started

      at ProjectPilotEngine.initialize (Backend/HBOS/Engines/ProjectPilotEngine.ts:41:17)

    console.log
      Governance Engine Started

      at GovernanceEngine.initialize (Backend/HBOS/Engines/GovernanceEngine.ts:140:17)

    console.log
      AutonomousOperationsEngine Started

      at AutonomousOperationsEngine.initialize (Backend/HBOS/Engines/AutonomousOperationsEngine.ts:152:17)

    console.log
      Knowledge Engine Started

      at KnowledgeEngine.initialize (Backend/HBOS/Engines/KnowledgeEngine.ts:22:17)

    console.log
      ReasoningEngine Started

      at ReasoningEngine.initialize (Backend/HBOS/Engines/ReasoningEngine.ts:110:17)

    console.log
      Memory Engine Started

      at MemoryEngine.initialize (Backend/HBOS/Engines/MemoryEngine.ts:22:17)

    console.log
      Knowledge Engine Started

      at KnowledgeEngine.initialize (Backend/HBOS/Engines/KnowledgeEngine.ts:22:17)

    console.log
      Project Pilot Engine Started

      at ProjectPilotEngine.initialize (Backend/HBOS/Engines/ProjectPilotEngine.ts:41:17)

    console.log
      ReasoningEngine Started

      at ReasoningEngine.initialize (Backend/HBOS/Engines/ReasoningEngine.ts:110:17)

    console.log
      OrganizationalIntelligenceEngine Started

      at OrganizationalIntelligenceEngine.initialize (Backend/HBOS/Engines/OrganizationalIntelligenceEngine.ts:132:17)

    console.log
      Governance Engine Started

      at GovernanceEngine.initialize (Backend/HBOS/Engines/GovernanceEngine.ts:140:17)

    console.log
      Memory Engine Started

      at MemoryEngine.initialize (Backend/HBOS/Engines/MemoryEngine.ts:22:17)

    console.log
      Memory Engine Started

      at MemoryEngine.initialize (Backend/HBOS/Engines/MemoryEngine.ts:22:17)

    console.log
      Knowledge Engine Started

      at KnowledgeEngine.initialize (Backend/HBOS/Engines/KnowledgeEngine.ts:22:17)

    console.log
      Project Pilot Engine Started

      at ProjectPilotEngine.initialize (Backend/HBOS/Engines/ProjectPilotEngine.ts:41:17)

    console.log
      ReasoningEngine Started

      at ReasoningEngine.initialize (Backend/HBOS/Engines/ReasoningEngine.ts:110:17)

    console.log
      OrganizationalIntelligenceEngine Started

      at OrganizationalIntelligenceEngine.initialize (Backend/HBOS/Engines/OrganizationalIntelligenceEngine.ts:132:17)

    console.log
      Governance Engine Started

      at GovernanceEngine.initialize (Backend/HBOS/Engines/GovernanceEngine.ts:140:17)

    console.log
      ExecutiveIntelligenceEngine Started

      at ExecutiveIntelligenceEngine.initialize (Backend/HBOS/Engines/ExecutiveIntelligenceEngine.ts:152:17)

    console.log
      Decision Engine Started

      at DecisionEngine.initialize (Backend/HBOS/Engines/DecisionEngine.ts:14:17)

    console.log
      Project Pilot Engine Started

      at ProjectPilotEngine.initialize (Backend/HBOS/Engines/ProjectPilotEngine.ts:41:17)

    console.log
      Governance Engine Started

      at GovernanceEngine.initialize (Backend/HBOS/Engines/GovernanceEngine.ts:140:17)

    console.log
      AutonomousOperationsEngine Started

      at AutonomousOperationsEngine.initialize (Backend/HBOS/Engines/AutonomousOperationsEngine.ts:152:17)

    console.log
      Knowledge Engine Started

      at KnowledgeEngine.initialize (Backend/HBOS/Engines/KnowledgeEngine.ts:22:17)

    console.log
      ReasoningEngine Started

      at ReasoningEngine.initialize (Backend/HBOS/Engines/ReasoningEngine.ts:110:17)

    console.log
      Memory Engine Started

      at MemoryEngine.initialize (Backend/HBOS/Engines/MemoryEngine.ts:22:17)

    console.log
      Knowledge Engine Started

      at KnowledgeEngine.initialize (Backend/HBOS/Engines/KnowledgeEngine.ts:22:17)

    console.log
      Project Pilot Engine Started

      at ProjectPilotEngine.initialize (Backend/HBOS/Engines/ProjectPilotEngine.ts:41:17)

    console.log
      ReasoningEngine Started

      at ReasoningEngine.initialize (Backend/HBOS/Engines/ReasoningEngine.ts:110:17)

    console.log
      OrganizationalIntelligenceEngine Started

      at OrganizationalIntelligenceEngine.initialize (Backend/HBOS/Engines/OrganizationalIntelligenceEngine.ts:132:17)

    console.log
      Governance Engine Started

      at GovernanceEngine.initialize (Backend/HBOS/Engines/GovernanceEngine.ts:140:17)

    console.log
      Memory Engine Started

      at MemoryEngine.initialize (Backend/HBOS/Engines/MemoryEngine.ts:22:17)

    console.log
      Memory Engine Started

      at MemoryEngine.initialize (Backend/HBOS/Engines/MemoryEngine.ts:22:17)

    console.log
      Knowledge Engine Started

      at KnowledgeEngine.initialize (Backend/HBOS/Engines/KnowledgeEngine.ts:22:17)

    console.log
      Project Pilot Engine Started

      at ProjectPilotEngine.initialize (Backend/HBOS/Engines/ProjectPilotEngine.ts:41:17)

    console.log
      ReasoningEngine Started

      at ReasoningEngine.initialize (Backend/HBOS/Engines/ReasoningEngine.ts:110:17)

    console.log
      OrganizationalIntelligenceEngine Started

      at OrganizationalIntelligenceEngine.initialize (Backend/HBOS/Engines/OrganizationalIntelligenceEngine.ts:132:17)

    console.log
      Governance Engine Started

      at GovernanceEngine.initialize (Backend/HBOS/Engines/GovernanceEngine.ts:140:17)

    console.log
      ExecutiveIntelligenceEngine Started

      at ExecutiveIntelligenceEngine.initialize (Backend/HBOS/Engines/ExecutiveIntelligenceEngine.ts:152:17)

    console.log
      Decision Engine Started

      at DecisionEngine.initialize (Backend/HBOS/Engines/DecisionEngine.ts:14:17)

    console.log
      Project Pilot Engine Started

      at ProjectPilotEngine.initialize (Backend/HBOS/Engines/ProjectPilotEngine.ts:41:17)

    console.log
      Governance Engine Started

      at GovernanceEngine.initialize (Backend/HBOS/Engines/GovernanceEngine.ts:140:17)

    console.log
      AutonomousOperationsEngine Started

      at AutonomousOperationsEngine.initialize (Backend/HBOS/Engines/AutonomousOperationsEngine.ts:152:17)

    console.log
      Knowledge Engine Started

      at KnowledgeEngine.initialize (Backend/HBOS/Engines/KnowledgeEngine.ts:22:17)

    console.log
      ReasoningEngine Started

      at ReasoningEngine.initialize (Backend/HBOS/Engines/ReasoningEngine.ts:110:17)

    console.log
      Memory Engine Started

      at MemoryEngine.initialize (Backend/HBOS/Engines/MemoryEngine.ts:22:17)

    console.log
      Knowledge Engine Started

      at KnowledgeEngine.initialize (Backend/HBOS/Engines/KnowledgeEngine.ts:22:17)

    console.log
      Project Pilot Engine Started

      at ProjectPilotEngine.initialize (Backend/HBOS/Engines/ProjectPilotEngine.ts:41:17)

    console.log
      ReasoningEngine Started

      at ReasoningEngine.initialize (Backend/HBOS/Engines/ReasoningEngine.ts:110:17)

    console.log
      OrganizationalIntelligenceEngine Started

      at OrganizationalIntelligenceEngine.initialize (Backend/HBOS/Engines/OrganizationalIntelligenceEngine.ts:132:17)

    console.log
      Governance Engine Started

      at GovernanceEngine.initialize (Backend/HBOS/Engines/GovernanceEngine.ts:140:17)

    console.log
      Memory Engine Started

      at MemoryEngine.initialize (Backend/HBOS/Engines/MemoryEngine.ts:22:17)

    console.log
      Memory Engine Started

      at MemoryEngine.initialize (Backend/HBOS/Engines/MemoryEngine.ts:22:17)

    console.log
      Knowledge Engine Started

      at KnowledgeEngine.initialize (Backend/HBOS/Engines/KnowledgeEngine.ts:22:17)

    console.log
      Project Pilot Engine Started

      at ProjectPilotEngine.initialize (Backend/HBOS/Engines/ProjectPilotEngine.ts:41:17)

    console.log
      ReasoningEngine Started

      at ReasoningEngine.initialize (Backend/HBOS/Engines/ReasoningEngine.ts:110:17)

    console.log
      OrganizationalIntelligenceEngine Started

      at OrganizationalIntelligenceEngine.initialize (Backend/HBOS/Engines/OrganizationalIntelligenceEngine.ts:132:17)

    console.log
      Governance Engine Started

      at GovernanceEngine.initialize (Backend/HBOS/Engines/GovernanceEngine.ts:140:17)

    console.log
      ExecutiveIntelligenceEngine Started

      at ExecutiveIntelligenceEngine.initialize (Backend/HBOS/Engines/ExecutiveIntelligenceEngine.ts:152:17)

    console.log
      Decision Engine Started

      at DecisionEngine.initialize (Backend/HBOS/Engines/DecisionEngine.ts:14:17)

    console.log
      Project Pilot Engine Started

      at ProjectPilotEngine.initialize (Backend/HBOS/Engines/ProjectPilotEngine.ts:41:17)

    console.log
      Governance Engine Started

      at GovernanceEngine.initialize (Backend/HBOS/Engines/GovernanceEngine.ts:140:17)

    console.log
      AutonomousOperationsEngine Started

      at AutonomousOperationsEngine.initialize (Backend/HBOS/Engines/AutonomousOperationsEngine.ts:152:17)

    console.log
      Knowledge Engine Started

      at KnowledgeEngine.initialize (Backend/HBOS/Engines/KnowledgeEngine.ts:22:17)

    console.log
      ReasoningEngine Started

      at ReasoningEngine.initialize (Backend/HBOS/Engines/ReasoningEngine.ts:110:17)

    console.log
      Memory Engine Started

      at MemoryEngine.initialize (Backend/HBOS/Engines/MemoryEngine.ts:22:17)

    console.log
      Knowledge Engine Started

      at KnowledgeEngine.initialize (Backend/HBOS/Engines/KnowledgeEngine.ts:22:17)

    console.log
      Project Pilot Engine Started

      at ProjectPilotEngine.initialize (Backend/HBOS/Engines/ProjectPilotEngine.ts:41:17)

    console.log
      ReasoningEngine Started

      at ReasoningEngine.initialize (Backend/HBOS/Engines/ReasoningEngine.ts:110:17)

    console.log
      OrganizationalIntelligenceEngine Started

      at OrganizationalIntelligenceEngine.initialize (Backend/HBOS/Engines/OrganizationalIntelligenceEngine.ts:132:17)

    console.log
      Governance Engine Started

      at GovernanceEngine.initialize (Backend/HBOS/Engines/GovernanceEngine.ts:140:17)

    console.log
      Memory Engine Started

      at MemoryEngine.initialize (Backend/HBOS/Engines/MemoryEngine.ts:22:17)

    console.log
      Memory Engine Started

      at MemoryEngine.initialize (Backend/HBOS/Engines/MemoryEngine.ts:22:17)

    console.log
      Knowledge Engine Started

      at KnowledgeEngine.initialize (Backend/HBOS/Engines/KnowledgeEngine.ts:22:17)

    console.log
      Project Pilot Engine Started

      at ProjectPilotEngine.initialize (Backend/HBOS/Engines/ProjectPilotEngine.ts:41:17)

    console.log
      ReasoningEngine Started

      at ReasoningEngine.initialize (Backend/HBOS/Engines/ReasoningEngine.ts:110:17)

    console.log
      OrganizationalIntelligenceEngine Started

      at OrganizationalIntelligenceEngine.initialize (Backend/HBOS/Engines/OrganizationalIntelligenceEngine.ts:132:17)

    console.log
      Governance Engine Started

      at GovernanceEngine.initialize (Backend/HBOS/Engines/GovernanceEngine.ts:140:17)

    console.log
      ExecutiveIntelligenceEngine Started

      at ExecutiveIntelligenceEngine.initialize (Backend/HBOS/Engines/ExecutiveIntelligenceEngine.ts:152:17)

    console.log
      Decision Engine Started

      at DecisionEngine.initialize (Backend/HBOS/Engines/DecisionEngine.ts:14:17)

    console.log
      Project Pilot Engine Started

      at ProjectPilotEngine.initialize (Backend/HBOS/Engines/ProjectPilotEngine.ts:41:17)

    console.log
      Governance Engine Started

      at GovernanceEngine.initialize (Backend/HBOS/Engines/GovernanceEngine.ts:140:17)

    console.log
      AutonomousOperationsEngine Started

      at AutonomousOperationsEngine.initialize (Backend/HBOS/Engines/AutonomousOperationsEngine.ts:152:17)

    console.log
      Knowledge Engine Started

      at KnowledgeEngine.initialize (Backend/HBOS/Engines/KnowledgeEngine.ts:22:17)

    console.log
      ReasoningEngine Started

      at ReasoningEngine.initialize (Backend/HBOS/Engines/ReasoningEngine.ts:110:17)

    console.log
      Memory Engine Started

      at MemoryEngine.initialize (Backend/HBOS/Engines/MemoryEngine.ts:22:17)

    console.log
      Knowledge Engine Started

      at KnowledgeEngine.initialize (Backend/HBOS/Engines/KnowledgeEngine.ts:22:17)

    console.log
      Project Pilot Engine Started

      at ProjectPilotEngine.initialize (Backend/HBOS/Engines/ProjectPilotEngine.ts:41:17)

    console.log
      ReasoningEngine Started

      at ReasoningEngine.initialize (Backend/HBOS/Engines/ReasoningEngine.ts:110:17)

    console.log
      OrganizationalIntelligenceEngine Started

      at OrganizationalIntelligenceEngine.initialize (Backend/HBOS/Engines/OrganizationalIntelligenceEngine.ts:132:17)

    console.log
      Governance Engine Started

      at GovernanceEngine.initialize (Backend/HBOS/Engines/GovernanceEngine.ts:140:17)

    console.log
      Memory Engine Started

      at MemoryEngine.initialize (Backend/HBOS/Engines/MemoryEngine.ts:22:17)

    console.log
      Memory Engine Started

      at MemoryEngine.initialize (Backend/HBOS/Engines/MemoryEngine.ts:22:17)

    console.log
      Knowledge Engine Started

      at KnowledgeEngine.initialize (Backend/HBOS/Engines/KnowledgeEngine.ts:22:17)

    console.log
      Project Pilot Engine Started

      at ProjectPilotEngine.initialize (Backend/HBOS/Engines/ProjectPilotEngine.ts:41:17)

    console.log
      ReasoningEngine Started

      at ReasoningEngine.initialize (Backend/HBOS/Engines/ReasoningEngine.ts:110:17)

    console.log
      OrganizationalIntelligenceEngine Started

      at OrganizationalIntelligenceEngine.initialize (Backend/HBOS/Engines/OrganizationalIntelligenceEngine.ts:132:17)

    console.log
      Governance Engine Started

      at GovernanceEngine.initialize (Backend/HBOS/Engines/GovernanceEngine.ts:140:17)

    console.log
      ExecutiveIntelligenceEngine Started

      at ExecutiveIntelligenceEngine.initialize (Backend/HBOS/Engines/ExecutiveIntelligenceEngine.ts:152:17)

    console.log
      Decision Engine Started

      at DecisionEngine.initialize (Backend/HBOS/Engines/DecisionEngine.ts:14:17)

    console.log
      Project Pilot Engine Started

      at ProjectPilotEngine.initialize (Backend/HBOS/Engines/ProjectPilotEngine.ts:41:17)

    console.log
      Governance Engine Started

      at GovernanceEngine.initialize (Backend/HBOS/Engines/GovernanceEngine.ts:140:17)

    console.log
      AutonomousOperationsEngine Started

      at AutonomousOperationsEngine.initialize (Backend/HBOS/Engines/AutonomousOperationsEngine.ts:152:17)

    console.log
      Knowledge Engine Started

      at KnowledgeEngine.initialize (Backend/HBOS/Engines/KnowledgeEngine.ts:22:17)

    console.log
      ReasoningEngine Started

      at ReasoningEngine.initialize (Backend/HBOS/Engines/ReasoningEngine.ts:110:17)

    console.log
      Memory Engine Started

      at MemoryEngine.initialize (Backend/HBOS/Engines/MemoryEngine.ts:22:17)

    console.log
      Knowledge Engine Started

      at KnowledgeEngine.initialize (Backend/HBOS/Engines/KnowledgeEngine.ts:22:17)

    console.log
      Project Pilot Engine Started

      at ProjectPilotEngine.initialize (Backend/HBOS/Engines/ProjectPilotEngine.ts:41:17)

    console.log
      ReasoningEngine Started

      at ReasoningEngine.initialize (Backend/HBOS/Engines/ReasoningEngine.ts:110:17)

    console.log
      OrganizationalIntelligenceEngine Started

      at OrganizationalIntelligenceEngine.initialize (Backend/HBOS/Engines/OrganizationalIntelligenceEngine.ts:132:17)

    console.log
      Governance Engine Started

      at GovernanceEngine.initialize (Backend/HBOS/Engines/GovernanceEngine.ts:140:17)

    console.log
      Memory Engine Started

      at MemoryEngine.initialize (Backend/HBOS/Engines/MemoryEngine.ts:22:17)

    console.log
      Memory Engine Started

      at MemoryEngine.initialize (Backend/HBOS/Engines/MemoryEngine.ts:22:17)

    console.log
      Knowledge Engine Started

      at KnowledgeEngine.initialize (Backend/HBOS/Engines/KnowledgeEngine.ts:22:17)

    console.log
      Project Pilot Engine Started

      at ProjectPilotEngine.initialize (Backend/HBOS/Engines/ProjectPilotEngine.ts:41:17)

    console.log
      ReasoningEngine Started

      at ReasoningEngine.initialize (Backend/HBOS/Engines/ReasoningEngine.ts:110:17)

    console.log
      OrganizationalIntelligenceEngine Started

      at OrganizationalIntelligenceEngine.initialize (Backend/HBOS/Engines/OrganizationalIntelligenceEngine.ts:132:17)

    console.log
      Governance Engine Started

      at GovernanceEngine.initialize (Backend/HBOS/Engines/GovernanceEngine.ts:140:17)

    console.log
      ExecutiveIntelligenceEngine Started

      at ExecutiveIntelligenceEngine.initialize (Backend/HBOS/Engines/ExecutiveIntelligenceEngine.ts:152:17)

    console.log
      Decision Engine Started

      at DecisionEngine.initialize (Backend/HBOS/Engines/DecisionEngine.ts:14:17)

    console.log
      Project Pilot Engine Started

      at ProjectPilotEngine.initialize (Backend/HBOS/Engines/ProjectPilotEngine.ts:41:17)

    console.log
      Governance Engine Started

      at GovernanceEngine.initialize (Backend/HBOS/Engines/GovernanceEngine.ts:140:17)

    console.log
      AutonomousOperationsEngine Started

      at AutonomousOperationsEngine.initialize (Backend/HBOS/Engines/AutonomousOperationsEngine.ts:152:17)

    console.log
      Knowledge Engine Started

      at KnowledgeEngine.initialize (Backend/HBOS/Engines/KnowledgeEngine.ts:22:17)

    console.log
      ReasoningEngine Started

      at ReasoningEngine.initialize (Backend/HBOS/Engines/ReasoningEngine.ts:110:17)

    console.log
      Memory Engine Started

      at MemoryEngine.initialize (Backend/HBOS/Engines/MemoryEngine.ts:22:17)

    console.log
      Knowledge Engine Started

      at KnowledgeEngine.initialize (Backend/HBOS/Engines/KnowledgeEngine.ts:22:17)

    console.log
      Project Pilot Engine Started

      at ProjectPilotEngine.initialize (Backend/HBOS/Engines/ProjectPilotEngine.ts:41:17)

    console.log
      ReasoningEngine Started

      at ReasoningEngine.initialize (Backend/HBOS/Engines/ReasoningEngine.ts:110:17)

    console.log
      OrganizationalIntelligenceEngine Started

      at OrganizationalIntelligenceEngine.initialize (Backend/HBOS/Engines/OrganizationalIntelligenceEngine.ts:132:17)

    console.log
      Governance Engine Started

      at GovernanceEngine.initialize (Backend/HBOS/Engines/GovernanceEngine.ts:140:17)

    console.log
      Memory Engine Started

      at MemoryEngine.initialize (Backend/HBOS/Engines/MemoryEngine.ts:22:17)

    console.log
      Memory Engine Started

      at MemoryEngine.initialize (Backend/HBOS/Engines/MemoryEngine.ts:22:17)

    console.log
      Knowledge Engine Started

      at KnowledgeEngine.initialize (Backend/HBOS/Engines/KnowledgeEngine.ts:22:17)

    console.log
      Project Pilot Engine Started

      at ProjectPilotEngine.initialize (Backend/HBOS/Engines/ProjectPilotEngine.ts:41:17)

    console.log
      ReasoningEngine Started

      at ReasoningEngine.initialize (Backend/HBOS/Engines/ReasoningEngine.ts:110:17)

    console.log
      OrganizationalIntelligenceEngine Started

      at OrganizationalIntelligenceEngine.initialize (Backend/HBOS/Engines/OrganizationalIntelligenceEngine.ts:132:17)

    console.log
      Governance Engine Started

      at GovernanceEngine.initialize (Backend/HBOS/Engines/GovernanceEngine.ts:140:17)

    console.log
      ExecutiveIntelligenceEngine Started

      at ExecutiveIntelligenceEngine.initialize (Backend/HBOS/Engines/ExecutiveIntelligenceEngine.ts:152:17)

    console.log
      Decision Engine Started

      at DecisionEngine.initialize (Backend/HBOS/Engines/DecisionEngine.ts:14:17)

    console.log
      Project Pilot Engine Started

      at ProjectPilotEngine.initialize (Backend/HBOS/Engines/ProjectPilotEngine.ts:41:17)

    console.log
      Governance Engine Started

      at GovernanceEngine.initialize (Backend/HBOS/Engines/GovernanceEngine.ts:140:17)

    console.log
      AutonomousOperationsEngine Started

      at AutonomousOperationsEngine.initialize (Backend/HBOS/Engines/AutonomousOperationsEngine.ts:152:17)

    console.log
      Knowledge Engine Started

      at KnowledgeEngine.initialize (Backend/HBOS/Engines/KnowledgeEngine.ts:22:17)

    console.log
      ReasoningEngine Started

      at ReasoningEngine.initialize (Backend/HBOS/Engines/ReasoningEngine.ts:110:17)

    console.log
      Memory Engine Started

      at MemoryEngine.initialize (Backend/HBOS/Engines/MemoryEngine.ts:22:17)

    console.log
      Knowledge Engine Started

      at KnowledgeEngine.initialize (Backend/HBOS/Engines/KnowledgeEngine.ts:22:17)

    console.log
      Project Pilot Engine Started

      at ProjectPilotEngine.initialize (Backend/HBOS/Engines/ProjectPilotEngine.ts:41:17)

    console.log
      ReasoningEngine Started

      at ReasoningEngine.initialize (Backend/HBOS/Engines/ReasoningEngine.ts:110:17)

    console.log
      OrganizationalIntelligenceEngine Started

      at OrganizationalIntelligenceEngine.initialize (Backend/HBOS/Engines/OrganizationalIntelligenceEngine.ts:132:17)

    console.log
      Governance Engine Started

      at GovernanceEngine.initialize (Backend/HBOS/Engines/GovernanceEngine.ts:140:17)

    console.log
      Memory Engine Started

      at MemoryEngine.initialize (Backend/HBOS/Engines/MemoryEngine.ts:22:17)

    console.log
      Memory Engine Started

      at MemoryEngine.initialize (Backend/HBOS/Engines/MemoryEngine.ts:22:17)

    console.log
      Knowledge Engine Started

      at KnowledgeEngine.initialize (Backend/HBOS/Engines/KnowledgeEngine.ts:22:17)

    console.log
      Project Pilot Engine Started

      at ProjectPilotEngine.initialize (Backend/HBOS/Engines/ProjectPilotEngine.ts:41:17)

    console.log
      ReasoningEngine Started

      at ReasoningEngine.initialize (Backend/HBOS/Engines/ReasoningEngine.ts:110:17)

    console.log
      OrganizationalIntelligenceEngine Started

      at OrganizationalIntelligenceEngine.initialize (Backend/HBOS/Engines/OrganizationalIntelligenceEngine.ts:132:17)

    console.log
      Governance Engine Started

      at GovernanceEngine.initialize (Backend/HBOS/Engines/GovernanceEngine.ts:140:17)

    console.log
      ExecutiveIntelligenceEngine Started

      at ExecutiveIntelligenceEngine.initialize (Backend/HBOS/Engines/ExecutiveIntelligenceEngine.ts:152:17)

    console.log
      Decision Engine Started

      at DecisionEngine.initialize (Backend/HBOS/Engines/DecisionEngine.ts:14:17)

    console.log
      Project Pilot Engine Started

      at ProjectPilotEngine.initialize (Backend/HBOS/Engines/ProjectPilotEngine.ts:41:17)

    console.log
      Governance Engine Started

      at GovernanceEngine.initialize (Backend/HBOS/Engines/GovernanceEngine.ts:140:17)

    console.log
      AutonomousOperationsEngine Started

      at AutonomousOperationsEngine.initialize (Backend/HBOS/Engines/AutonomousOperationsEngine.ts:152:17)

    console.log
      Knowledge Engine Started

      at KnowledgeEngine.initialize (Backend/HBOS/Engines/KnowledgeEngine.ts:22:17)

PASS Backend/HBOS/test/OfflineSyncClient.test.ts (14.567 s)
PASS Backend/HBOS/test/Phase06H.test.ts
PASS Backend/HBOS/test/FinancialDocumentUnderstanding.test.ts
PASS Backend/HBOS/test/Phase05C-C.test.ts
PASS Backend/HBOS/test/CrossEngineOrchestration.phase-11-1.9.test.ts
  ● Console

    console.log
      Memory Engine Started

      at MemoryEngine.initialize (Backend/HBOS/Engines/MemoryEngine.ts:22:17)

    console.log
      Knowledge Engine Started

      at KnowledgeEngine.initialize (Backend/HBOS/Engines/KnowledgeEngine.ts:22:17)

    console.log
      Decision Engine Started

      at DecisionEngine.initialize (Backend/HBOS/Engines/DecisionEngine.ts:14:17)

    console.log
      Project Pilot Engine Started

      at ProjectPilotEngine.initialize (Backend/HBOS/Engines/ProjectPilotEngine.ts:41:17)

    console.log
      Memory Engine Started

      at MemoryEngine.initialize (Backend/HBOS/Engines/MemoryEngine.ts:22:17)

    console.log
      Knowledge Engine Started

      at KnowledgeEngine.initialize (Backend/HBOS/Engines/KnowledgeEngine.ts:22:17)

    console.log
      Project Pilot Engine Started

      at ProjectPilotEngine.initialize (Backend/HBOS/Engines/ProjectPilotEngine.ts:41:17)

    console.log
      ReasoningEngine Started

      at ReasoningEngine.initialize (Backend/HBOS/Engines/ReasoningEngine.ts:110:17)

    console.log
      OrganizationalIntelligenceEngine Started

      at OrganizationalIntelligenceEngine.initialize (Backend/HBOS/Engines/OrganizationalIntelligenceEngine.ts:132:17)

    console.log
      Memory Engine Started

      at MemoryEngine.initialize (Backend/HBOS/Engines/MemoryEngine.ts:22:17)

    console.log
      Memory Engine Started

      at MemoryEngine.initialize (Backend/HBOS/Engines/MemoryEngine.ts:22:17)

    console.log
      Knowledge Engine Started

      at KnowledgeEngine.initialize (Backend/HBOS/Engines/KnowledgeEngine.ts:22:17)

    console.log
      Project Pilot Engine Started

      at ProjectPilotEngine.initialize (Backend/HBOS/Engines/ProjectPilotEngine.ts:41:17)

    console.log
      ReasoningEngine Started

      at ReasoningEngine.initialize (Backend/HBOS/Engines/ReasoningEngine.ts:110:17)

    console.log
      OrganizationalIntelligenceEngine Started

      at OrganizationalIntelligenceEngine.initialize (Backend/HBOS/Engines/OrganizationalIntelligenceEngine.ts:132:17)

    console.log
      Governance Engine Started

      at GovernanceEngine.initialize (Backend/HBOS/Engines/GovernanceEngine.ts:140:17)

    console.log
      ExecutiveIntelligenceEngine Started

      at ExecutiveIntelligenceEngine.initialize (Backend/HBOS/Engines/ExecutiveIntelligenceEngine.ts:152:17)

    console.log
      Decision Engine Started

      at DecisionEngine.initialize (Backend/HBOS/Engines/DecisionEngine.ts:14:17)

    console.log
      Project Pilot Engine Started

      at ProjectPilotEngine.initialize (Backend/HBOS/Engines/ProjectPilotEngine.ts:41:17)

    console.log
      Governance Engine Started

      at GovernanceEngine.initialize (Backend/HBOS/Engines/GovernanceEngine.ts:140:17)

    console.log
      AutonomousOperationsEngine Started

      at AutonomousOperationsEngine.initialize (Backend/HBOS/Engines/AutonomousOperationsEngine.ts:152:17)

    console.log
      Governance Engine Started

      at GovernanceEngine.initialize (Backend/HBOS/Engines/GovernanceEngine.ts:140:17)

    console.log
      ReasoningEngine Started

      at ReasoningEngine.initialize (Backend/HBOS/Engines/ReasoningEngine.ts:110:17)

    console.log
      Assistant Engine Started

      at AssistantEngine.initialize (Backend/HBOS/Engines/AssistantEngine.ts:51:17)

    console.log
      Memory Engine Started

      at MemoryEngine.initialize (Backend/HBOS/Engines/MemoryEngine.ts:22:17)

    console.log
      ReasoningEngine Started

      at ReasoningEngine.initialize (Backend/HBOS/Engines/ReasoningEngine.ts:110:17)

    console.log
      Memory Engine Started

      at MemoryEngine.initialize (Backend/HBOS/Engines/MemoryEngine.ts:22:17)

    console.log
      Knowledge Engine Started

      at KnowledgeEngine.initialize (Backend/HBOS/Engines/KnowledgeEngine.ts:22:17)

    console.log
      Project Pilot Engine Started

      at ProjectPilotEngine.initialize (Backend/HBOS/Engines/ProjectPilotEngine.ts:41:17)

    console.log
      ReasoningEngine Started

      at ReasoningEngine.initialize (Backend/HBOS/Engines/ReasoningEngine.ts:110:17)

    console.log
      OrganizationalIntelligenceEngine Started

      at OrganizationalIntelligenceEngine.initialize (Backend/HBOS/Engines/OrganizationalIntelligenceEngine.ts:132:17)

    console.log
      Memory Engine Started

      at MemoryEngine.initialize (Backend/HBOS/Engines/MemoryEngine.ts:22:17)

    console.log
      Memory Engine Started

      at MemoryEngine.initialize (Backend/HBOS/Engines/MemoryEngine.ts:22:17)

    console.log
      Memory Engine Started

      at MemoryEngine.initialize (Backend/HBOS/Engines/MemoryEngine.ts:22:17)

    console.log
      Knowledge Engine Started

      at KnowledgeEngine.initialize (Backend/HBOS/Engines/KnowledgeEngine.ts:22:17)

    console.log
      Project Pilot Engine Started

      at ProjectPilotEngine.initialize (Backend/HBOS/Engines/ProjectPilotEngine.ts:41:17)

    console.log
      ReasoningEngine Started

      at ReasoningEngine.initialize (Backend/HBOS/Engines/ReasoningEngine.ts:110:17)

    console.log
      OrganizationalIntelligenceEngine Started

      at OrganizationalIntelligenceEngine.initialize (Backend/HBOS/Engines/OrganizationalIntelligenceEngine.ts:132:17)

    console.log
      Governance Engine Started

      at GovernanceEngine.initialize (Backend/HBOS/Engines/GovernanceEngine.ts:140:17)

    console.log
      ExecutiveIntelligenceEngine Started

      at ExecutiveIntelligenceEngine.initialize (Backend/HBOS/Engines/ExecutiveIntelligenceEngine.ts:152:17)

    console.log
      Memory Engine Started

      at MemoryEngine.initialize (Backend/HBOS/Engines/MemoryEngine.ts:22:17)

    console.log
      Decision Engine Started

      at DecisionEngine.initialize (Backend/HBOS/Engines/DecisionEngine.ts:14:17)

    console.log
      Project Pilot Engine Started

      at ProjectPilotEngine.initialize (Backend/HBOS/Engines/ProjectPilotEngine.ts:41:17)

    console.log
      Governance Engine Started

      at GovernanceEngine.initialize (Backend/HBOS/Engines/GovernanceEngine.ts:140:17)

    console.log
      Decision Engine Started

      at DecisionEngine.initialize (Backend/HBOS/Engines/DecisionEngine.ts:14:17)

    console.log
      Project Pilot Engine Started

      at ProjectPilotEngine.initialize (Backend/HBOS/Engines/ProjectPilotEngine.ts:41:17)

    console.log
      Governance Engine Started

      at GovernanceEngine.initialize (Backend/HBOS/Engines/GovernanceEngine.ts:140:17)

    console.log
      AutonomousOperationsEngine Started

      at AutonomousOperationsEngine.initialize (Backend/HBOS/Engines/AutonomousOperationsEngine.ts:152:17)

    console.log
      Governance Engine Started

      at GovernanceEngine.initialize (Backend/HBOS/Engines/GovernanceEngine.ts:140:17)

    console.log
      ReasoningEngine Started

      at ReasoningEngine.initialize (Backend/HBOS/Engines/ReasoningEngine.ts:110:17)

    console.log
      Assistant Engine Started

      at AssistantEngine.initialize (Backend/HBOS/Engines/AssistantEngine.ts:51:17)

    console.log
      Memory Engine Started

      at MemoryEngine.initialize (Backend/HBOS/Engines/MemoryEngine.ts:22:17)

    console.log
      Memory Engine Started

      at MemoryEngine.initialize (Backend/HBOS/Engines/MemoryEngine.ts:22:17)

    console.log
      Knowledge Engine Started

      at KnowledgeEngine.initialize (Backend/HBOS/Engines/KnowledgeEngine.ts:22:17)

    console.log
      Project Pilot Engine Started

      at ProjectPilotEngine.initialize (Backend/HBOS/Engines/ProjectPilotEngine.ts:41:17)

    console.log
      ReasoningEngine Started

      at ReasoningEngine.initialize (Backend/HBOS/Engines/ReasoningEngine.ts:110:17)

    console.log
      OrganizationalIntelligenceEngine Started

      at OrganizationalIntelligenceEngine.initialize (Backend/HBOS/Engines/OrganizationalIntelligenceEngine.ts:132:17)

    console.log
      Decision Engine Started

      at DecisionEngine.initialize (Backend/HBOS/Engines/DecisionEngine.ts:14:17)

    console.log
      Project Pilot Engine Started

      at ProjectPilotEngine.initialize (Backend/HBOS/Engines/ProjectPilotEngine.ts:41:17)

    console.log
      Governance Engine Started

      at GovernanceEngine.initialize (Backend/HBOS/Engines/GovernanceEngine.ts:140:17)

    console.log
      AutonomousOperationsEngine Started

      at AutonomousOperationsEngine.initialize (Backend/HBOS/Engines/AutonomousOperationsEngine.ts:152:17)

    console.log
      Memory Engine Started

      at MemoryEngine.initialize (Backend/HBOS/Engines/MemoryEngine.ts:22:17)

    console.log
      Memory Engine Started

      at MemoryEngine.initialize (Backend/HBOS/Engines/MemoryEngine.ts:22:17)

    console.log
      Memory Engine Started

      at MemoryEngine.initialize (Backend/HBOS/Engines/MemoryEngine.ts:22:17)

    console.log
      Knowledge Engine Started

      at KnowledgeEngine.initialize (Backend/HBOS/Engines/KnowledgeEngine.ts:22:17)

    console.log
      Project Pilot Engine Started

      at ProjectPilotEngine.initialize (Backend/HBOS/Engines/ProjectPilotEngine.ts:41:17)

    console.log
      ReasoningEngine Started

      at ReasoningEngine.initialize (Backend/HBOS/Engines/ReasoningEngine.ts:110:17)

    console.log
      OrganizationalIntelligenceEngine Started

      at OrganizationalIntelligenceEngine.initialize (Backend/HBOS/Engines/OrganizationalIntelligenceEngine.ts:132:17)

    console.log
      Governance Engine Started

      at GovernanceEngine.initialize (Backend/HBOS/Engines/GovernanceEngine.ts:140:17)

    console.log
      ExecutiveIntelligenceEngine Started

      at ExecutiveIntelligenceEngine.initialize (Backend/HBOS/Engines/ExecutiveIntelligenceEngine.ts:152:17)

    console.log
      Memory Engine Started

      at MemoryEngine.initialize (Backend/HBOS/Engines/MemoryEngine.ts:22:17)

    console.log
      Memory Engine Started

      at MemoryEngine.initialize (Backend/HBOS/Engines/MemoryEngine.ts:22:17)

    console.log
      Knowledge Engine Started

      at KnowledgeEngine.initialize (Backend/HBOS/Engines/KnowledgeEngine.ts:22:17)

    console.log
      Project Pilot Engine Started

      at ProjectPilotEngine.initialize (Backend/HBOS/Engines/ProjectPilotEngine.ts:41:17)

    console.log
      ReasoningEngine Started

      at ReasoningEngine.initialize (Backend/HBOS/Engines/ReasoningEngine.ts:110:17)

    console.log
      OrganizationalIntelligenceEngine Started

      at OrganizationalIntelligenceEngine.initialize (Backend/HBOS/Engines/OrganizationalIntelligenceEngine.ts:132:17)

    console.log
      Memory Engine Started

      at MemoryEngine.initialize (Backend/HBOS/Engines/MemoryEngine.ts:22:17)

    console.log
      Memory Engine Started

      at MemoryEngine.initialize (Backend/HBOS/Engines/MemoryEngine.ts:22:17)

    console.log
      Knowledge Engine Started

      at KnowledgeEngine.initialize (Backend/HBOS/Engines/KnowledgeEngine.ts:22:17)

    console.log
      Project Pilot Engine Started

      at ProjectPilotEngine.initialize (Backend/HBOS/Engines/ProjectPilotEngine.ts:41:17)

    console.log
      ReasoningEngine Started

      at ReasoningEngine.initialize (Backend/HBOS/Engines/ReasoningEngine.ts:110:17)

    console.log
      OrganizationalIntelligenceEngine Started

      at OrganizationalIntelligenceEngine.initialize (Backend/HBOS/Engines/OrganizationalIntelligenceEngine.ts:132:17)

    console.log
      Governance Engine Started

      at GovernanceEngine.initialize (Backend/HBOS/Engines/GovernanceEngine.ts:140:17)

    console.log
      ExecutiveIntelligenceEngine Started

      at ExecutiveIntelligenceEngine.initialize (Backend/HBOS/Engines/ExecutiveIntelligenceEngine.ts:152:17)

    console.log
      Decision Engine Started

      at DecisionEngine.initialize (Backend/HBOS/Engines/DecisionEngine.ts:14:17)

    console.log
      Project Pilot Engine Started

      at ProjectPilotEngine.initialize (Backend/HBOS/Engines/ProjectPilotEngine.ts:41:17)

    console.log
      Governance Engine Started

      at GovernanceEngine.initialize (Backend/HBOS/Engines/GovernanceEngine.ts:140:17)

    console.log
      AutonomousOperationsEngine Started

      at AutonomousOperationsEngine.initialize (Backend/HBOS/Engines/AutonomousOperationsEngine.ts:152:17)

    console.log
      ReasoningEngine Started

      at ReasoningEngine.initialize (Backend/HBOS/Engines/ReasoningEngine.ts:110:17)

PASS Backend/HBOS/test/OrganizationalExecutionRuntime.test.ts (21.747 s)
  ● Console

    console.log
      ReasoningEngine Started

      at ReasoningEngine.initialize (Backend/HBOS/Engines/ReasoningEngine.ts:110:17)

    console.log
      Memory Engine Started

      at MemoryEngine.initialize (Backend/HBOS/Engines/MemoryEngine.ts:22:17)

    console.log
      Knowledge Engine Started

      at KnowledgeEngine.initialize (Backend/HBOS/Engines/KnowledgeEngine.ts:22:17)

    console.log
      Project Pilot Engine Started

      at ProjectPilotEngine.initialize (Backend/HBOS/Engines/ProjectPilotEngine.ts:41:17)

    console.log
      ReasoningEngine Started

      at ReasoningEngine.initialize (Backend/HBOS/Engines/ReasoningEngine.ts:110:17)

    console.log
      OrganizationalIntelligenceEngine Started

      at OrganizationalIntelligenceEngine.initialize (Backend/HBOS/Engines/OrganizationalIntelligenceEngine.ts:132:17)

    console.log
      Governance Engine Started

      at GovernanceEngine.initialize (Backend/HBOS/Engines/GovernanceEngine.ts:140:17)

    console.log
      Memory Engine Started

      at MemoryEngine.initialize (Backend/HBOS/Engines/MemoryEngine.ts:22:17)

    console.log
      Memory Engine Started

      at MemoryEngine.initialize (Backend/HBOS/Engines/MemoryEngine.ts:22:17)

    console.log
      Knowledge Engine Started

      at KnowledgeEngine.initialize (Backend/HBOS/Engines/KnowledgeEngine.ts:22:17)

    console.log
      Project Pilot Engine Started

      at ProjectPilotEngine.initialize (Backend/HBOS/Engines/ProjectPilotEngine.ts:41:17)

    console.log
      ReasoningEngine Started

      at ReasoningEngine.initialize (Backend/HBOS/Engines/ReasoningEngine.ts:110:17)

    console.log
      OrganizationalIntelligenceEngine Started

      at OrganizationalIntelligenceEngine.initialize (Backend/HBOS/Engines/OrganizationalIntelligenceEngine.ts:132:17)

    console.log
      Governance Engine Started

      at GovernanceEngine.initialize (Backend/HBOS/Engines/GovernanceEngine.ts:140:17)

    console.log
      ExecutiveIntelligenceEngine Started

      at ExecutiveIntelligenceEngine.initialize (Backend/HBOS/Engines/ExecutiveIntelligenceEngine.ts:152:17)

    console.log
      Decision Engine Started

      at DecisionEngine.initialize (Backend/HBOS/Engines/DecisionEngine.ts:14:17)

    console.log
      Project Pilot Engine Started

      at ProjectPilotEngine.initialize (Backend/HBOS/Engines/ProjectPilotEngine.ts:41:17)

    console.log
      Governance Engine Started

      at GovernanceEngine.initialize (Backend/HBOS/Engines/GovernanceEngine.ts:140:17)

    console.log
      AutonomousOperationsEngine Started

      at AutonomousOperationsEngine.initialize (Backend/HBOS/Engines/AutonomousOperationsEngine.ts:152:17)

    console.log
      Knowledge Engine Started

      at KnowledgeEngine.initialize (Backend/HBOS/Engines/KnowledgeEngine.ts:22:17)

    console.log
      ReasoningEngine Started

      at ReasoningEngine.initialize (Backend/HBOS/Engines/ReasoningEngine.ts:110:17)

    console.log
      Memory Engine Started

      at MemoryEngine.initialize (Backend/HBOS/Engines/MemoryEngine.ts:22:17)

    console.log
      Knowledge Engine Started

      at KnowledgeEngine.initialize (Backend/HBOS/Engines/KnowledgeEngine.ts:22:17)

    console.log
      Project Pilot Engine Started

      at ProjectPilotEngine.initialize (Backend/HBOS/Engines/ProjectPilotEngine.ts:41:17)

    console.log
      ReasoningEngine Started

      at ReasoningEngine.initialize (Backend/HBOS/Engines/ReasoningEngine.ts:110:17)

    console.log
      OrganizationalIntelligenceEngine Started

      at OrganizationalIntelligenceEngine.initialize (Backend/HBOS/Engines/OrganizationalIntelligenceEngine.ts:132:17)

    console.log
      Governance Engine Started

      at GovernanceEngine.initialize (Backend/HBOS/Engines/GovernanceEngine.ts:140:17)

    console.log
      Memory Engine Started

      at MemoryEngine.initialize (Backend/HBOS/Engines/MemoryEngine.ts:22:17)

    console.log
      Memory Engine Started

      at MemoryEngine.initialize (Backend/HBOS/Engines/MemoryEngine.ts:22:17)

    console.log
      Knowledge Engine Started

      at KnowledgeEngine.initialize (Backend/HBOS/Engines/KnowledgeEngine.ts:22:17)

    console.log
      Project Pilot Engine Started

      at ProjectPilotEngine.initialize (Backend/HBOS/Engines/ProjectPilotEngine.ts:41:17)

    console.log
      ReasoningEngine Started

      at ReasoningEngine.initialize (Backend/HBOS/Engines/ReasoningEngine.ts:110:17)

    console.log
      OrganizationalIntelligenceEngine Started

      at OrganizationalIntelligenceEngine.initialize (Backend/HBOS/Engines/OrganizationalIntelligenceEngine.ts:132:17)

    console.log
      Governance Engine Started

      at GovernanceEngine.initialize (Backend/HBOS/Engines/GovernanceEngine.ts:140:17)

    console.log
      ExecutiveIntelligenceEngine Started

      at ExecutiveIntelligenceEngine.initialize (Backend/HBOS/Engines/ExecutiveIntelligenceEngine.ts:152:17)

    console.log
      Decision Engine Started

      at DecisionEngine.initialize (Backend/HBOS/Engines/DecisionEngine.ts:14:17)

    console.log
      Project Pilot Engine Started

      at ProjectPilotEngine.initialize (Backend/HBOS/Engines/ProjectPilotEngine.ts:41:17)

    console.log
      Governance Engine Started

      at GovernanceEngine.initialize (Backend/HBOS/Engines/GovernanceEngine.ts:140:17)

    console.log
      AutonomousOperationsEngine Started

      at AutonomousOperationsEngine.initialize (Backend/HBOS/Engines/AutonomousOperationsEngine.ts:152:17)

    console.log
      Knowledge Engine Started

      at KnowledgeEngine.initialize (Backend/HBOS/Engines/KnowledgeEngine.ts:22:17)

    console.log
      ReasoningEngine Started

      at ReasoningEngine.initialize (Backend/HBOS/Engines/ReasoningEngine.ts:110:17)

    console.log
      Memory Engine Started

      at MemoryEngine.initialize (Backend/HBOS/Engines/MemoryEngine.ts:22:17)

    console.log
      Knowledge Engine Started

      at KnowledgeEngine.initialize (Backend/HBOS/Engines/KnowledgeEngine.ts:22:17)

    console.log
      Project Pilot Engine Started

      at ProjectPilotEngine.initialize (Backend/HBOS/Engines/ProjectPilotEngine.ts:41:17)

    console.log
      ReasoningEngine Started

      at ReasoningEngine.initialize (Backend/HBOS/Engines/ReasoningEngine.ts:110:17)

    console.log
      OrganizationalIntelligenceEngine Started

      at OrganizationalIntelligenceEngine.initialize (Backend/HBOS/Engines/OrganizationalIntelligenceEngine.ts:132:17)

    console.log
      Governance Engine Started

      at GovernanceEngine.initialize (Backend/HBOS/Engines/GovernanceEngine.ts:140:17)

    console.log
      Memory Engine Started

      at MemoryEngine.initialize (Backend/HBOS/Engines/MemoryEngine.ts:22:17)

    console.log
      Memory Engine Started

      at MemoryEngine.initialize (Backend/HBOS/Engines/MemoryEngine.ts:22:17)

    console.log
      Knowledge Engine Started

      at KnowledgeEngine.initialize (Backend/HBOS/Engines/KnowledgeEngine.ts:22:17)

    console.log
      Project Pilot Engine Started

      at ProjectPilotEngine.initialize (Backend/HBOS/Engines/ProjectPilotEngine.ts:41:17)

    console.log
      ReasoningEngine Started

      at ReasoningEngine.initialize (Backend/HBOS/Engines/ReasoningEngine.ts:110:17)

    console.log
      OrganizationalIntelligenceEngine Started

      at OrganizationalIntelligenceEngine.initialize (Backend/HBOS/Engines/OrganizationalIntelligenceEngine.ts:132:17)

    console.log
      Governance Engine Started

      at GovernanceEngine.initialize (Backend/HBOS/Engines/GovernanceEngine.ts:140:17)

    console.log
      ExecutiveIntelligenceEngine Started

      at ExecutiveIntelligenceEngine.initialize (Backend/HBOS/Engines/ExecutiveIntelligenceEngine.ts:152:17)

    console.log
      Decision Engine Started

      at DecisionEngine.initialize (Backend/HBOS/Engines/DecisionEngine.ts:14:17)

    console.log
      Project Pilot Engine Started

      at ProjectPilotEngine.initialize (Backend/HBOS/Engines/ProjectPilotEngine.ts:41:17)

    console.log
      Governance Engine Started

      at GovernanceEngine.initialize (Backend/HBOS/Engines/GovernanceEngine.ts:140:17)

    console.log
      AutonomousOperationsEngine Started

      at AutonomousOperationsEngine.initialize (Backend/HBOS/Engines/AutonomousOperationsEngine.ts:152:17)

    console.log
      Knowledge Engine Started

      at KnowledgeEngine.initialize (Backend/HBOS/Engines/KnowledgeEngine.ts:22:17)

    console.log
      ReasoningEngine Started

      at ReasoningEngine.initialize (Backend/HBOS/Engines/ReasoningEngine.ts:110:17)

    console.log
      Memory Engine Started

      at MemoryEngine.initialize (Backend/HBOS/Engines/MemoryEngine.ts:22:17)

    console.log
      Knowledge Engine Started

      at KnowledgeEngine.initialize (Backend/HBOS/Engines/KnowledgeEngine.ts:22:17)

    console.log
      Project Pilot Engine Started

      at ProjectPilotEngine.initialize (Backend/HBOS/Engines/ProjectPilotEngine.ts:41:17)

    console.log
      ReasoningEngine Started

      at ReasoningEngine.initialize (Backend/HBOS/Engines/ReasoningEngine.ts:110:17)

    console.log
      OrganizationalIntelligenceEngine Started

      at OrganizationalIntelligenceEngine.initialize (Backend/HBOS/Engines/OrganizationalIntelligenceEngine.ts:132:17)

    console.log
      Governance Engine Started

      at GovernanceEngine.initialize (Backend/HBOS/Engines/GovernanceEngine.ts:140:17)

    console.log
      Memory Engine Started

      at MemoryEngine.initialize (Backend/HBOS/Engines/MemoryEngine.ts:22:17)

    console.log
      Memory Engine Started

      at MemoryEngine.initialize (Backend/HBOS/Engines/MemoryEngine.ts:22:17)

    console.log
      Knowledge Engine Started

      at KnowledgeEngine.initialize (Backend/HBOS/Engines/KnowledgeEngine.ts:22:17)

    console.log
      Project Pilot Engine Started

      at ProjectPilotEngine.initialize (Backend/HBOS/Engines/ProjectPilotEngine.ts:41:17)

    console.log
      ReasoningEngine Started

      at ReasoningEngine.initialize (Backend/HBOS/Engines/ReasoningEngine.ts:110:17)

    console.log
      OrganizationalIntelligenceEngine Started

      at OrganizationalIntelligenceEngine.initialize (Backend/HBOS/Engines/OrganizationalIntelligenceEngine.ts:132:17)

    console.log
      Governance Engine Started

      at GovernanceEngine.initialize (Backend/HBOS/Engines/GovernanceEngine.ts:140:17)

    console.log
      ExecutiveIntelligenceEngine Started

      at ExecutiveIntelligenceEngine.initialize (Backend/HBOS/Engines/ExecutiveIntelligenceEngine.ts:152:17)

    console.log
      Decision Engine Started

      at DecisionEngine.initialize (Backend/HBOS/Engines/DecisionEngine.ts:14:17)

    console.log
      Project Pilot Engine Started

      at ProjectPilotEngine.initialize (Backend/HBOS/Engines/ProjectPilotEngine.ts:41:17)

    console.log
      Governance Engine Started

      at GovernanceEngine.initialize (Backend/HBOS/Engines/GovernanceEngine.ts:140:17)

    console.log
      AutonomousOperationsEngine Started

      at AutonomousOperationsEngine.initialize (Backend/HBOS/Engines/AutonomousOperationsEngine.ts:152:17)

    console.log
      Knowledge Engine Started

      at KnowledgeEngine.initialize (Backend/HBOS/Engines/KnowledgeEngine.ts:22:17)

    console.log
      ReasoningEngine Started

      at ReasoningEngine.initialize (Backend/HBOS/Engines/ReasoningEngine.ts:110:17)

    console.log
      Memory Engine Started

      at MemoryEngine.initialize (Backend/HBOS/Engines/MemoryEngine.ts:22:17)

    console.log
      Knowledge Engine Started

      at KnowledgeEngine.initialize (Backend/HBOS/Engines/KnowledgeEngine.ts:22:17)

    console.log
      Project Pilot Engine Started

      at ProjectPilotEngine.initialize (Backend/HBOS/Engines/ProjectPilotEngine.ts:41:17)

    console.log
      ReasoningEngine Started

      at ReasoningEngine.initialize (Backend/HBOS/Engines/ReasoningEngine.ts:110:17)

    console.log
      OrganizationalIntelligenceEngine Started

      at OrganizationalIntelligenceEngine.initialize (Backend/HBOS/Engines/OrganizationalIntelligenceEngine.ts:132:17)

    console.log
      Governance Engine Started

      at GovernanceEngine.initialize (Backend/HBOS/Engines/GovernanceEngine.ts:140:17)

    console.log
      Memory Engine Started

      at MemoryEngine.initialize (Backend/HBOS/Engines/MemoryEngine.ts:22:17)

    console.log
      Memory Engine Started

      at MemoryEngine.initialize (Backend/HBOS/Engines/MemoryEngine.ts:22:17)

    console.log
      Knowledge Engine Started

      at KnowledgeEngine.initialize (Backend/HBOS/Engines/KnowledgeEngine.ts:22:17)

    console.log
      Project Pilot Engine Started

      at ProjectPilotEngine.initialize (Backend/HBOS/Engines/ProjectPilotEngine.ts:41:17)

    console.log
      ReasoningEngine Started

      at ReasoningEngine.initialize (Backend/HBOS/Engines/ReasoningEngine.ts:110:17)

    console.log
      OrganizationalIntelligenceEngine Started

      at OrganizationalIntelligenceEngine.initialize (Backend/HBOS/Engines/OrganizationalIntelligenceEngine.ts:132:17)

    console.log
      Governance Engine Started

      at GovernanceEngine.initialize (Backend/HBOS/Engines/GovernanceEngine.ts:140:17)

    console.log
      ExecutiveIntelligenceEngine Started

      at ExecutiveIntelligenceEngine.initialize (Backend/HBOS/Engines/ExecutiveIntelligenceEngine.ts:152:17)

    console.log
      Decision Engine Started

      at DecisionEngine.initialize (Backend/HBOS/Engines/DecisionEngine.ts:14:17)

    console.log
      Project Pilot Engine Started

      at ProjectPilotEngine.initialize (Backend/HBOS/Engines/ProjectPilotEngine.ts:41:17)

    console.log
      Governance Engine Started

      at GovernanceEngine.initialize (Backend/HBOS/Engines/GovernanceEngine.ts:140:17)

    console.log
      AutonomousOperationsEngine Started

      at AutonomousOperationsEngine.initialize (Backend/HBOS/Engines/AutonomousOperationsEngine.ts:152:17)

    console.log
      Knowledge Engine Started

      at KnowledgeEngine.initialize (Backend/HBOS/Engines/KnowledgeEngine.ts:22:17)

    console.log
      ReasoningEngine Started

      at ReasoningEngine.initialize (Backend/HBOS/Engines/ReasoningEngine.ts:110:17)

    console.log
      Memory Engine Started

      at MemoryEngine.initialize (Backend/HBOS/Engines/MemoryEngine.ts:22:17)

    console.log
      Knowledge Engine Started

      at KnowledgeEngine.initialize (Backend/HBOS/Engines/KnowledgeEngine.ts:22:17)

    console.log
      Project Pilot Engine Started

      at ProjectPilotEngine.initialize (Backend/HBOS/Engines/ProjectPilotEngine.ts:41:17)

    console.log
      ReasoningEngine Started

      at ReasoningEngine.initialize (Backend/HBOS/Engines/ReasoningEngine.ts:110:17)

    console.log
      OrganizationalIntelligenceEngine Started

      at OrganizationalIntelligenceEngine.initialize (Backend/HBOS/Engines/OrganizationalIntelligenceEngine.ts:132:17)

    console.log
      Governance Engine Started

      at GovernanceEngine.initialize (Backend/HBOS/Engines/GovernanceEngine.ts:140:17)

    console.log
      Memory Engine Started

      at MemoryEngine.initialize (Backend/HBOS/Engines/MemoryEngine.ts:22:17)

    console.log
      Memory Engine Started

      at MemoryEngine.initialize (Backend/HBOS/Engines/MemoryEngine.ts:22:17)

    console.log
      Knowledge Engine Started

      at KnowledgeEngine.initialize (Backend/HBOS/Engines/KnowledgeEngine.ts:22:17)

    console.log
      Project Pilot Engine Started

      at ProjectPilotEngine.initialize (Backend/HBOS/Engines/ProjectPilotEngine.ts:41:17)

    console.log
      ReasoningEngine Started

      at ReasoningEngine.initialize (Backend/HBOS/Engines/ReasoningEngine.ts:110:17)

    console.log
      OrganizationalIntelligenceEngine Started

      at OrganizationalIntelligenceEngine.initialize (Backend/HBOS/Engines/OrganizationalIntelligenceEngine.ts:132:17)

    console.log
      Governance Engine Started

      at GovernanceEngine.initialize (Backend/HBOS/Engines/GovernanceEngine.ts:140:17)

    console.log
      ExecutiveIntelligenceEngine Started

      at ExecutiveIntelligenceEngine.initialize (Backend/HBOS/Engines/ExecutiveIntelligenceEngine.ts:152:17)

    console.log
      Decision Engine Started

      at DecisionEngine.initialize (Backend/HBOS/Engines/DecisionEngine.ts:14:17)

    console.log
      Project Pilot Engine Started

      at ProjectPilotEngine.initialize (Backend/HBOS/Engines/ProjectPilotEngine.ts:41:17)

    console.log
      Governance Engine Started

      at GovernanceEngine.initialize (Backend/HBOS/Engines/GovernanceEngine.ts:140:17)

    console.log
      AutonomousOperationsEngine Started

      at AutonomousOperationsEngine.initialize (Backend/HBOS/Engines/AutonomousOperationsEngine.ts:152:17)

    console.log
      Knowledge Engine Started

      at KnowledgeEngine.initialize (Backend/HBOS/Engines/KnowledgeEngine.ts:22:17)

    console.log
      ReasoningEngine Started

      at ReasoningEngine.initialize (Backend/HBOS/Engines/ReasoningEngine.ts:110:17)

    console.log
      Memory Engine Started

      at MemoryEngine.initialize (Backend/HBOS/Engines/MemoryEngine.ts:22:17)

    console.log
      Knowledge Engine Started

      at KnowledgeEngine.initialize (Backend/HBOS/Engines/KnowledgeEngine.ts:22:17)

    console.log
      Project Pilot Engine Started

      at ProjectPilotEngine.initialize (Backend/HBOS/Engines/ProjectPilotEngine.ts:41:17)

    console.log
      ReasoningEngine Started

      at ReasoningEngine.initialize (Backend/HBOS/Engines/ReasoningEngine.ts:110:17)

    console.log
      OrganizationalIntelligenceEngine Started

      at OrganizationalIntelligenceEngine.initialize (Backend/HBOS/Engines/OrganizationalIntelligenceEngine.ts:132:17)

    console.log
      Governance Engine Started

      at GovernanceEngine.initialize (Backend/HBOS/Engines/GovernanceEngine.ts:140:17)

    console.log
      Memory Engine Started

      at MemoryEngine.initialize (Backend/HBOS/Engines/MemoryEngine.ts:22:17)

    console.log
      Memory Engine Started

      at MemoryEngine.initialize (Backend/HBOS/Engines/MemoryEngine.ts:22:17)

    console.log
      Knowledge Engine Started

      at KnowledgeEngine.initialize (Backend/HBOS/Engines/KnowledgeEngine.ts:22:17)

    console.log
      Project Pilot Engine Started

      at ProjectPilotEngine.initialize (Backend/HBOS/Engines/ProjectPilotEngine.ts:41:17)

    console.log
      ReasoningEngine Started

      at ReasoningEngine.initialize (Backend/HBOS/Engines/ReasoningEngine.ts:110:17)

    console.log
      OrganizationalIntelligenceEngine Started

      at OrganizationalIntelligenceEngine.initialize (Backend/HBOS/Engines/OrganizationalIntelligenceEngine.ts:132:17)

    console.log
      Governance Engine Started

      at GovernanceEngine.initialize (Backend/HBOS/Engines/GovernanceEngine.ts:140:17)

    console.log
      ExecutiveIntelligenceEngine Started

      at ExecutiveIntelligenceEngine.initialize (Backend/HBOS/Engines/ExecutiveIntelligenceEngine.ts:152:17)

    console.log
      Decision Engine Started

      at DecisionEngine.initialize (Backend/HBOS/Engines/DecisionEngine.ts:14:17)

    console.log
      Project Pilot Engine Started

      at ProjectPilotEngine.initialize (Backend/HBOS/Engines/ProjectPilotEngine.ts:41:17)

    console.log
      Governance Engine Started

      at GovernanceEngine.initialize (Backend/HBOS/Engines/GovernanceEngine.ts:140:17)

    console.log
      AutonomousOperationsEngine Started

      at AutonomousOperationsEngine.initialize (Backend/HBOS/Engines/AutonomousOperationsEngine.ts:152:17)

    console.log
      Knowledge Engine Started

      at KnowledgeEngine.initialize (Backend/HBOS/Engines/KnowledgeEngine.ts:22:17)

PASS Backend/HBOS/test/FileSourceContract.test.ts
PASS Backend/HBOS/Autonomous/Runtime/AutonomousBuildDaemon.test.ts (6.743 s)
  ● Console

    console.log
      {"type":"AUTONOMOUS_WEAVING_PLAN","cycle":1,"plan":{"safe":true,"action":"BUILD","capabilityId":"platform.user-ma
nagement","targetEngine":"User Management Engine","rationale":"weave the selected knot only after its dependency 
colors are already anchored","preconditions":["selected capability belongs to the canonical mission","architecture 
owner is explicit","dependencies are evaluated before execution","verification evidence is required before 
advancement"],"dependencyOrder":["HBOS Core","Governance Engine"],"verificationOrder":["focused test","integration 
verification","repository evidence audit"],"stopConditions":["execution reports failure","verification evidence is 
incomplete","repository change is not produced when a build was required","a second capability owner is detected"],"ris
k":"LOW"},"performance":{"startedAt":1790491648812,"now":1790491648813,"elapsedMs":1,"remainingMs":604799999,"deadlineE
xceeded":false,"cycleCount":0,"totalCycleElapsedMs":0,"averageCycleElapsedMs":0}}

      at AutonomousBuildDaemon.run (Backend/HBOS/Autonomous/Runtime/AutonomousBuildDaemon.ts:255:21)

    console.log
      {"type":"AUTONOMOUS_PLATFORM_CONTINUATION","cycle":1,"continuation":{"capabilityId":"platform.continuation","capa
bility":"continue autonomous construction of HooshyarOS platform capabilities","instruction":"AUDIT → SELECT NEXT 
GENUINELY MISSING CAPABILITY → IMPLEMENT → TEST → INTEGRATE → VERIFY → COMMIT → PUSH → AUDIT AGAIN","source":"assistant
.completion.gate"},"mission":{"capabilityId":"platform.user-management","capability":"implement the Phase 2 User 
Management capability","targetEngine":"User Management Engine","dependencies":["HBOS Core","Governance Engine"]}}

      at AutonomousBuildDaemon.run (Backend/HBOS/Autonomous/Runtime/AutonomousBuildDaemon.ts:263:68)

    console.log
      {"type":"AUTONOMOUS_MISSION","cycle":1,"commit":"before","capability":"implement the Phase 2 User Management 
capability","targetEngine":"User Management Engine"}

      at AutonomousBuildDaemon.run (Backend/HBOS/Autonomous/Runtime/AutonomousBuildDaemon.ts:264:21)

    console.log
      {"type":"AUTONOMOUS_KNOT_CHECK","cycle":1,"recovery":{"recover":false,"action":"ADVANCE","checkpoint":{"capabilit
yId":"platform.user-management","commit":"before"},"rationale":"knot execution, verification and repository evidence 
agree; advance to the next knot","stopConditions":["new verification failure","checkpoint evidence becomes 
inconsistent","unexpected capability owner appears"]}}

      at AutonomousBuildDaemon.run (Backend/HBOS/Autonomous/Runtime/AutonomousBuildDaemon.ts:317:21)

    console.log
      {"type":"AUTONOMOUS_PROGRESS","cycle":1,"latestCommit":"after","status":"completed","assistantGatePassed":true,"i
dempotent":false,"performance":{"startedAt":1790491648812,"now":1790491648827,"elapsedMs":15,"remainingMs":604799985,"d
eadlineExceeded":false,"cycleCount":1,"totalCycleElapsedMs":14,"averageCycleElapsedMs":14}}

      at AutonomousBuildDaemon.run (Backend/HBOS/Autonomous/Runtime/AutonomousBuildDaemon.ts:336:57)

    console.log
      {"type":"AUTONOMOUS_CYCLE_LIMIT","cycles":1,"performance":{"startedAt":1790491648812,"now":1790491648828,"elapsed
Ms":16,"remainingMs":604799984,"deadlineExceeded":false,"cycleCount":1,"totalCycleElapsedMs":14,"averageCycleElapsedMs"
:14}}

      at AutonomousBuildDaemon.run (Backend/HBOS/Autonomous/Runtime/AutonomousBuildDaemon.ts:338:17)

    console.log
      {"type":"AUTONOMOUS_BLOCKED","cycle":1,"performance":{"startedAt":1790491648833,"now":1790491649923,"elapsedMs":1
090,"remainingMs":604798910,"deadlineExceeded":false,"cycleCount":1,"totalCycleElapsedMs":1090,"averageCycleElapsedMs":
1090},"result":{"goal":{"capabilityId":"platform.continuation.audit","capability":"BLOCKED_EXTERNAL_DEPENDENCY","target
Engine":"Autonomous Operations Engine","dependencies":[]},"result":{"ok":false,"status":"BLOCKED","attempts":0,"selecte
dTool":"audit","issues":["BLOCKED_EXTERNAL_DEPENDENCY"],"trace":["ARCHITECTURE","AUDIT","FINALIZE"],"details":"{\"compl
ete\":false,\"contractPresent\":true,\"missingLayers\":[],\"blockedExternalDependencies\":[\"payment-provider-activatio
n\",\"production-cloud-resources\"],\"applicationEvidence\":{\"present\":true,\"passed\":true,\"fresh\":false,\"blocked
\":false,\"artifact\":\".hooshyar/web-acceptance-success.json, .hooshyar/security-acceptance-success.json\",\"detail\":
\"application-evidence-passed\"},\"acceptanceEvidence\":{\"present\":true,\"passed\":true,\"fresh\":false,\"blocked\":f
alse,\"artifact\":\".hooshyar/web-acceptance-success.json, .hooshyar/security-acceptance-success.json\",\"detail\":\"ac
ceptance-evidence-passed\"},\"evidenceGaps\":[\"external-dependency-blocked\",\"application-evidence-stale\",\"acceptan
ce-evidence-stale\"],\"terminal\":true}","stage":"FINALIZE"},"status":"blocked"}}

      at AutonomousBuildDaemon.run (Backend/HBOS/Autonomous/Runtime/AutonomousBuildDaemon.ts:249:25)

PASS Backend/HBOS/test/AutonomousOperationsEngine.phase-11-1.5.test.ts
  ● Console

    console.log
      Decision Engine Started

      at DecisionEngine.initialize (Backend/HBOS/Engines/DecisionEngine.ts:14:17)

    console.log
      Project Pilot Engine Started

      at ProjectPilotEngine.initialize (Backend/HBOS/Engines/ProjectPilotEngine.ts:41:17)

    console.log
      Governance Engine Started

      at GovernanceEngine.initialize (Backend/HBOS/Engines/GovernanceEngine.ts:140:17)

    console.log
      AutonomousOperationsEngine Started

      at AutonomousOperationsEngine.initialize (Backend/HBOS/Engines/AutonomousOperationsEngine.ts:152:17)

    console.log
      Decision Engine Started

      at DecisionEngine.initialize (Backend/HBOS/Engines/DecisionEngine.ts:14:17)

    console.log
      Project Pilot Engine Started

      at ProjectPilotEngine.initialize (Backend/HBOS/Engines/ProjectPilotEngine.ts:41:17)

    console.log
      Governance Engine Started

      at GovernanceEngine.initialize (Backend/HBOS/Engines/GovernanceEngine.ts:140:17)

    console.log
      AutonomousOperationsEngine Started

      at AutonomousOperationsEngine.initialize (Backend/HBOS/Engines/AutonomousOperationsEngine.ts:152:17)

    console.log
      Decision Engine Started

      at DecisionEngine.initialize (Backend/HBOS/Engines/DecisionEngine.ts:14:17)

    console.log
      Project Pilot Engine Started

      at ProjectPilotEngine.initialize (Backend/HBOS/Engines/ProjectPilotEngine.ts:41:17)

    console.log
      Governance Engine Started

      at GovernanceEngine.initialize (Backend/HBOS/Engines/GovernanceEngine.ts:140:17)

    console.log
      AutonomousOperationsEngine Started

      at AutonomousOperationsEngine.initialize (Backend/HBOS/Engines/AutonomousOperationsEngine.ts:152:17)

    console.log
      Decision Engine Started

      at DecisionEngine.initialize (Backend/HBOS/Engines/DecisionEngine.ts:14:17)

    console.log
      Project Pilot Engine Started

      at ProjectPilotEngine.initialize (Backend/HBOS/Engines/ProjectPilotEngine.ts:41:17)

    console.log
      Governance Engine Started

      at GovernanceEngine.initialize (Backend/HBOS/Engines/GovernanceEngine.ts:140:17)

    console.log
      AutonomousOperationsEngine Started

      at AutonomousOperationsEngine.initialize (Backend/HBOS/Engines/AutonomousOperationsEngine.ts:152:17)

    console.log
      Decision Engine Started

      at DecisionEngine.initialize (Backend/HBOS/Engines/DecisionEngine.ts:14:17)

    console.log
      Project Pilot Engine Started

      at ProjectPilotEngine.initialize (Backend/HBOS/Engines/ProjectPilotEngine.ts:41:17)

    console.log
      Governance Engine Started

      at GovernanceEngine.initialize (Backend/HBOS/Engines/GovernanceEngine.ts:140:17)

    console.log
      AutonomousOperationsEngine Started

      at AutonomousOperationsEngine.initialize (Backend/HBOS/Engines/AutonomousOperationsEngine.ts:152:17)

    console.log
      Decision Engine Started

      at DecisionEngine.initialize (Backend/HBOS/Engines/DecisionEngine.ts:14:17)

    console.log
      Project Pilot Engine Started

      at ProjectPilotEngine.initialize (Backend/HBOS/Engines/ProjectPilotEngine.ts:41:17)

    console.log
      Governance Engine Started

      at GovernanceEngine.initialize (Backend/HBOS/Engines/GovernanceEngine.ts:140:17)

    console.log
      AutonomousOperationsEngine Started

      at AutonomousOperationsEngine.initialize (Backend/HBOS/Engines/AutonomousOperationsEngine.ts:152:17)

    console.log
      Decision Engine Started

      at DecisionEngine.initialize (Backend/HBOS/Engines/DecisionEngine.ts:14:17)

    console.log
      Project Pilot Engine Started

      at ProjectPilotEngine.initialize (Backend/HBOS/Engines/ProjectPilotEngine.ts:41:17)

    console.log
      Governance Engine Started

      at GovernanceEngine.initialize (Backend/HBOS/Engines/GovernanceEngine.ts:140:17)

    console.log
      AutonomousOperationsEngine Started

      at AutonomousOperationsEngine.initialize (Backend/HBOS/Engines/AutonomousOperationsEngine.ts:152:17)

    console.log
      Decision Engine Started

      at DecisionEngine.initialize (Backend/HBOS/Engines/DecisionEngine.ts:14:17)

    console.log
      Project Pilot Engine Started

      at ProjectPilotEngine.initialize (Backend/HBOS/Engines/ProjectPilotEngine.ts:41:17)

    console.log
      Governance Engine Started

      at GovernanceEngine.initialize (Backend/HBOS/Engines/GovernanceEngine.ts:140:17)

    console.log
      AutonomousOperationsEngine Started

      at AutonomousOperationsEngine.initialize (Backend/HBOS/Engines/AutonomousOperationsEngine.ts:152:17)

    console.log
      Decision Engine Started

      at DecisionEngine.initialize (Backend/HBOS/Engines/DecisionEngine.ts:14:17)

    console.log
      Project Pilot Engine Started

      at ProjectPilotEngine.initialize (Backend/HBOS/Engines/ProjectPilotEngine.ts:41:17)

    console.log
      Governance Engine Started

      at GovernanceEngine.initialize (Backend/HBOS/Engines/GovernanceEngine.ts:140:17)

    console.log
      AutonomousOperationsEngine Started

      at AutonomousOperationsEngine.initialize (Backend/HBOS/Engines/AutonomousOperationsEngine.ts:152:17)

    console.log
      Decision Engine Started

      at DecisionEngine.initialize (Backend/HBOS/Engines/DecisionEngine.ts:14:17)

    console.log
      Project Pilot Engine Started

      at ProjectPilotEngine.initialize (Backend/HBOS/Engines/ProjectPilotEngine.ts:41:17)

    console.log
      Governance Engine Started

      at GovernanceEngine.initialize (Backend/HBOS/Engines/GovernanceEngine.ts:140:17)

    console.log
      AutonomousOperationsEngine Started

      at AutonomousOperationsEngine.initialize (Backend/HBOS/Engines/AutonomousOperationsEngine.ts:152:17)

    console.log
      Decision Engine Started

      at DecisionEngine.initialize (Backend/HBOS/Engines/DecisionEngine.ts:14:17)

    console.log
      Project Pilot Engine Started

      at ProjectPilotEngine.initialize (Backend/HBOS/Engines/ProjectPilotEngine.ts:41:17)

    console.log
      Governance Engine Started

      at GovernanceEngine.initialize (Backend/HBOS/Engines/GovernanceEngine.ts:140:17)

    console.log
      AutonomousOperationsEngine Started

      at AutonomousOperationsEngine.initialize (Backend/HBOS/Engines/AutonomousOperationsEngine.ts:152:17)

    console.log
      Decision Engine Started

      at DecisionEngine.initialize (Backend/HBOS/Engines/DecisionEngine.ts:14:17)

    console.log
      Project Pilot Engine Started

      at ProjectPilotEngine.initialize (Backend/HBOS/Engines/ProjectPilotEngine.ts:41:17)

    console.log
      Governance Engine Started

      at GovernanceEngine.initialize (Backend/HBOS/Engines/GovernanceEngine.ts:140:17)

    console.log
      AutonomousOperationsEngine Started

      at AutonomousOperationsEngine.initialize (Backend/HBOS/Engines/AutonomousOperationsEngine.ts:152:17)

    console.log
      Decision Engine Started

      at DecisionEngine.initialize (Backend/HBOS/Engines/DecisionEngine.ts:14:17)

    console.log
      Project Pilot Engine Started

      at ProjectPilotEngine.initialize (Backend/HBOS/Engines/ProjectPilotEngine.ts:41:17)

    console.log
      Governance Engine Started

      at GovernanceEngine.initialize (Backend/HBOS/Engines/GovernanceEngine.ts:140:17)

    console.log
      AutonomousOperationsEngine Started

      at AutonomousOperationsEngine.initialize (Backend/HBOS/Engines/AutonomousOperationsEngine.ts:152:17)

    console.log
      Decision Engine Started

      at DecisionEngine.initialize (Backend/HBOS/Engines/DecisionEngine.ts:14:17)

    console.log
      Project Pilot Engine Started

      at ProjectPilotEngine.initialize (Backend/HBOS/Engines/ProjectPilotEngine.ts:41:17)

    console.log
      Governance Engine Started

      at GovernanceEngine.initialize (Backend/HBOS/Engines/GovernanceEngine.ts:140:17)

    console.log
      AutonomousOperationsEngine Started

      at AutonomousOperationsEngine.initialize (Backend/HBOS/Engines/AutonomousOperationsEngine.ts:152:17)

    console.log
      Decision Engine Started

      at DecisionEngine.initialize (Backend/HBOS/Engines/DecisionEngine.ts:14:17)

    console.log
      Project Pilot Engine Started

      at ProjectPilotEngine.initialize (Backend/HBOS/Engines/ProjectPilotEngine.ts:41:17)

    console.log
      Governance Engine Started

      at GovernanceEngine.initialize (Backend/HBOS/Engines/GovernanceEngine.ts:140:17)

    console.log
      AutonomousOperationsEngine Started

      at AutonomousOperationsEngine.initialize (Backend/HBOS/Engines/AutonomousOperationsEngine.ts:152:17)

    console.log
      Decision Engine Started

      at DecisionEngine.initialize (Backend/HBOS/Engines/DecisionEngine.ts:14:17)

    console.log
      Project Pilot Engine Started

      at ProjectPilotEngine.initialize (Backend/HBOS/Engines/ProjectPilotEngine.ts:41:17)

    console.log
      Governance Engine Started

      at GovernanceEngine.initialize (Backend/HBOS/Engines/GovernanceEngine.ts:140:17)

    console.log
      AutonomousOperationsEngine Started

      at AutonomousOperationsEngine.initialize (Backend/HBOS/Engines/AutonomousOperationsEngine.ts:152:17)

    console.log
      Decision Engine Started

      at DecisionEngine.initialize (Backend/HBOS/Engines/DecisionEngine.ts:14:17)

    console.log
      Project Pilot Engine Started

      at ProjectPilotEngine.initialize (Backend/HBOS/Engines/ProjectPilotEngine.ts:41:17)

    console.log
      Governance Engine Started

      at GovernanceEngine.initialize (Backend/HBOS/Engines/GovernanceEngine.ts:140:17)

    console.log
      AutonomousOperationsEngine Started

      at AutonomousOperationsEngine.initialize (Backend/HBOS/Engines/AutonomousOperationsEngine.ts:152:17)

    console.log
      Decision Engine Started

      at DecisionEngine.initialize (Backend/HBOS/Engines/DecisionEngine.ts:14:17)

    console.log
      Project Pilot Engine Started

      at ProjectPilotEngine.initialize (Backend/HBOS/Engines/ProjectPilotEngine.ts:41:17)

    console.log
      Governance Engine Started

      at GovernanceEngine.initialize (Backend/HBOS/Engines/GovernanceEngine.ts:140:17)

    console.log
      AutonomousOperationsEngine Started

      at AutonomousOperationsEngine.initialize (Backend/HBOS/Engines/AutonomousOperationsEngine.ts:152:17)

    console.log
      Decision Engine Started

      at DecisionEngine.initialize (Backend/HBOS/Engines/DecisionEngine.ts:14:17)

    console.log
      Project Pilot Engine Started

      at ProjectPilotEngine.initialize (Backend/HBOS/Engines/ProjectPilotEngine.ts:41:17)

    console.log
      Governance Engine Started

      at GovernanceEngine.initialize (Backend/HBOS/Engines/GovernanceEngine.ts:140:17)

    console.log
      AutonomousOperationsEngine Started

      at AutonomousOperationsEngine.initialize (Backend/HBOS/Engines/AutonomousOperationsEngine.ts:152:17)

    console.log
      Decision Engine Started

      at DecisionEngine.initialize (Backend/HBOS/Engines/DecisionEngine.ts:14:17)

    console.log
      Project Pilot Engine Started

      at ProjectPilotEngine.initialize (Backend/HBOS/Engines/ProjectPilotEngine.ts:41:17)

    console.log
      Governance Engine Started

      at GovernanceEngine.initialize (Backend/HBOS/Engines/GovernanceEngine.ts:140:17)

    console.log
      AutonomousOperationsEngine Started

      at AutonomousOperationsEngine.initialize (Backend/HBOS/Engines/AutonomousOperationsEngine.ts:152:17)

    console.log
      Decision Engine Started

      at DecisionEngine.initialize (Backend/HBOS/Engines/DecisionEngine.ts:14:17)

    console.log
      Project Pilot Engine Started

      at ProjectPilotEngine.initialize (Backend/HBOS/Engines/ProjectPilotEngine.ts:41:17)

    console.log
      Governance Engine Started

      at GovernanceEngine.initialize (Backend/HBOS/Engines/GovernanceEngine.ts:140:17)

    console.log
      AutonomousOperationsEngine Started

      at AutonomousOperationsEngine.initialize (Backend/HBOS/Engines/AutonomousOperationsEngine.ts:152:17)

    console.log
      Decision Engine Started

      at DecisionEngine.initialize (Backend/HBOS/Engines/DecisionEngine.ts:14:17)

    console.log
      Project Pilot Engine Started

      at ProjectPilotEngine.initialize (Backend/HBOS/Engines/ProjectPilotEngine.ts:41:17)

    console.log
      Governance Engine Started

      at GovernanceEngine.initialize (Backend/HBOS/Engines/GovernanceEngine.ts:140:17)

    console.log
      AutonomousOperationsEngine Started

      at AutonomousOperationsEngine.initialize (Backend/HBOS/Engines/AutonomousOperationsEngine.ts:152:17)

    console.log
      Decision Engine Started

      at DecisionEngine.initialize (Backend/HBOS/Engines/DecisionEngine.ts:14:17)

    console.log
      Project Pilot Engine Started

      at ProjectPilotEngine.initialize (Backend/HBOS/Engines/ProjectPilotEngine.ts:41:17)

    console.log
      Governance Engine Started

      at GovernanceEngine.initialize (Backend/HBOS/Engines/GovernanceEngine.ts:140:17)

    console.log
      AutonomousOperationsEngine Started

      at AutonomousOperationsEngine.initialize (Backend/HBOS/Engines/AutonomousOperationsEngine.ts:152:17)

    console.log
      Decision Engine Started

      at DecisionEngine.initialize (Backend/HBOS/Engines/DecisionEngine.ts:14:17)

    console.log
      Project Pilot Engine Started

      at ProjectPilotEngine.initialize (Backend/HBOS/Engines/ProjectPilotEngine.ts:41:17)

    console.log
      Governance Engine Started

      at GovernanceEngine.initialize (Backend/HBOS/Engines/GovernanceEngine.ts:140:17)

    console.log
      AutonomousOperationsEngine Started

      at AutonomousOperationsEngine.initialize (Backend/HBOS/Engines/AutonomousOperationsEngine.ts:152:17)

    console.log
      Decision Engine Started

      at DecisionEngine.initialize (Backend/HBOS/Engines/DecisionEngine.ts:14:17)

    console.log
      Project Pilot Engine Started

      at ProjectPilotEngine.initialize (Backend/HBOS/Engines/ProjectPilotEngine.ts:41:17)

    console.log
      Governance Engine Started

      at GovernanceEngine.initialize (Backend/HBOS/Engines/GovernanceEngine.ts:140:17)

    console.log
      AutonomousOperationsEngine Started

      at AutonomousOperationsEngine.initialize (Backend/HBOS/Engines/AutonomousOperationsEngine.ts:152:17)

    console.log
      Decision Engine Started

      at DecisionEngine.initialize (Backend/HBOS/Engines/DecisionEngine.ts:14:17)

    console.log
      Project Pilot Engine Started

      at ProjectPilotEngine.initialize (Backend/HBOS/Engines/ProjectPilotEngine.ts:41:17)

    console.log
      Governance Engine Started

      at GovernanceEngine.initialize (Backend/HBOS/Engines/GovernanceEngine.ts:140:17)

    console.log
      AutonomousOperationsEngine Started

      at AutonomousOperationsEngine.initialize (Backend/HBOS/Engines/AutonomousOperationsEngine.ts:152:17)

    console.log
      Decision Engine Started

      at DecisionEngine.initialize (Backend/HBOS/Engines/DecisionEngine.ts:14:17)

    console.log
      Project Pilot Engine Started

      at ProjectPilotEngine.initialize (Backend/HBOS/Engines/ProjectPilotEngine.ts:41:17)

    console.log
      Governance Engine Started

      at GovernanceEngine.initialize (Backend/HBOS/Engines/GovernanceEngine.ts:140:17)

    console.log
      AutonomousOperationsEngine Started

      at AutonomousOperationsEngine.initialize (Backend/HBOS/Engines/AutonomousOperationsEngine.ts:152:17)

PASS Backend/HBOS/test/CommercialAcceptanceBarrier.test.ts (6.259 s)
  ● Console

    console.log
      ReasoningEngine Started

      at ReasoningEngine.initialize (Backend/HBOS/Engines/ReasoningEngine.ts:110:17)

    console.log
      Memory Engine Started

      at MemoryEngine.initialize (Backend/HBOS/Engines/MemoryEngine.ts:22:17)

    console.log
      Knowledge Engine Started

      at KnowledgeEngine.initialize (Backend/HBOS/Engines/KnowledgeEngine.ts:22:17)

    console.log
      Project Pilot Engine Started

      at ProjectPilotEngine.initialize (Backend/HBOS/Engines/ProjectPilotEngine.ts:41:17)

    console.log
      ReasoningEngine Started

      at ReasoningEngine.initialize (Backend/HBOS/Engines/ReasoningEngine.ts:110:17)

    console.log
      OrganizationalIntelligenceEngine Started

      at OrganizationalIntelligenceEngine.initialize (Backend/HBOS/Engines/OrganizationalIntelligenceEngine.ts:132:17)

    console.log
      Governance Engine Started

      at GovernanceEngine.initialize (Backend/HBOS/Engines/GovernanceEngine.ts:140:17)

    console.log
      Memory Engine Started

      at MemoryEngine.initialize (Backend/HBOS/Engines/MemoryEngine.ts:22:17)

    console.log
      Memory Engine Started

      at MemoryEngine.initialize (Backend/HBOS/Engines/MemoryEngine.ts:22:17)

    console.log
      Knowledge Engine Started

      at KnowledgeEngine.initialize (Backend/HBOS/Engines/KnowledgeEngine.ts:22:17)

    console.log
      Project Pilot Engine Started

      at ProjectPilotEngine.initialize (Backend/HBOS/Engines/ProjectPilotEngine.ts:41:17)

    console.log
      ReasoningEngine Started

      at ReasoningEngine.initialize (Backend/HBOS/Engines/ReasoningEngine.ts:110:17)

    console.log
      OrganizationalIntelligenceEngine Started

      at OrganizationalIntelligenceEngine.initialize (Backend/HBOS/Engines/OrganizationalIntelligenceEngine.ts:132:17)

    console.log
      Governance Engine Started

      at GovernanceEngine.initialize (Backend/HBOS/Engines/GovernanceEngine.ts:140:17)

    console.log
      ExecutiveIntelligenceEngine Started

      at ExecutiveIntelligenceEngine.initialize (Backend/HBOS/Engines/ExecutiveIntelligenceEngine.ts:152:17)

    console.log
      Decision Engine Started

      at DecisionEngine.initialize (Backend/HBOS/Engines/DecisionEngine.ts:14:17)

    console.log
      Project Pilot Engine Started

      at ProjectPilotEngine.initialize (Backend/HBOS/Engines/ProjectPilotEngine.ts:41:17)

    console.log
      Governance Engine Started

      at GovernanceEngine.initialize (Backend/HBOS/Engines/GovernanceEngine.ts:140:17)

    console.log
      AutonomousOperationsEngine Started

      at AutonomousOperationsEngine.initialize (Backend/HBOS/Engines/AutonomousOperationsEngine.ts:152:17)

    console.log
      Knowledge Engine Started

      at KnowledgeEngine.initialize (Backend/HBOS/Engines/KnowledgeEngine.ts:22:17)

    console.log
      ReasoningEngine Started

      at ReasoningEngine.initialize (Backend/HBOS/Engines/ReasoningEngine.ts:110:17)

    console.log
      Memory Engine Started

      at MemoryEngine.initialize (Backend/HBOS/Engines/MemoryEngine.ts:22:17)

    console.log
      Knowledge Engine Started

      at KnowledgeEngine.initialize (Backend/HBOS/Engines/KnowledgeEngine.ts:22:17)

    console.log
      Project Pilot Engine Started

      at ProjectPilotEngine.initialize (Backend/HBOS/Engines/ProjectPilotEngine.ts:41:17)

    console.log
      ReasoningEngine Started

      at ReasoningEngine.initialize (Backend/HBOS/Engines/ReasoningEngine.ts:110:17)

    console.log
      OrganizationalIntelligenceEngine Started

      at OrganizationalIntelligenceEngine.initialize (Backend/HBOS/Engines/OrganizationalIntelligenceEngine.ts:132:17)

    console.log
      Governance Engine Started

      at GovernanceEngine.initialize (Backend/HBOS/Engines/GovernanceEngine.ts:140:17)

    console.log
      Memory Engine Started

      at MemoryEngine.initialize (Backend/HBOS/Engines/MemoryEngine.ts:22:17)

    console.log
      Memory Engine Started

      at MemoryEngine.initialize (Backend/HBOS/Engines/MemoryEngine.ts:22:17)

    console.log
      Knowledge Engine Started

      at KnowledgeEngine.initialize (Backend/HBOS/Engines/KnowledgeEngine.ts:22:17)

    console.log
      Project Pilot Engine Started

      at ProjectPilotEngine.initialize (Backend/HBOS/Engines/ProjectPilotEngine.ts:41:17)

    console.log
      ReasoningEngine Started

      at ReasoningEngine.initialize (Backend/HBOS/Engines/ReasoningEngine.ts:110:17)

    console.log
      OrganizationalIntelligenceEngine Started

      at OrganizationalIntelligenceEngine.initialize (Backend/HBOS/Engines/OrganizationalIntelligenceEngine.ts:132:17)

    console.log
      Governance Engine Started

      at GovernanceEngine.initialize (Backend/HBOS/Engines/GovernanceEngine.ts:140:17)

    console.log
      ExecutiveIntelligenceEngine Started

      at ExecutiveIntelligenceEngine.initialize (Backend/HBOS/Engines/ExecutiveIntelligenceEngine.ts:152:17)

    console.log
      Decision Engine Started

      at DecisionEngine.initialize (Backend/HBOS/Engines/DecisionEngine.ts:14:17)

    console.log
      Project Pilot Engine Started

      at ProjectPilotEngine.initialize (Backend/HBOS/Engines/ProjectPilotEngine.ts:41:17)

    console.log
      Governance Engine Started

      at GovernanceEngine.initialize (Backend/HBOS/Engines/GovernanceEngine.ts:140:17)

    console.log
      AutonomousOperationsEngine Started

      at AutonomousOperationsEngine.initialize (Backend/HBOS/Engines/AutonomousOperationsEngine.ts:152:17)

    console.log
      Knowledge Engine Started

      at KnowledgeEngine.initialize (Backend/HBOS/Engines/KnowledgeEngine.ts:22:17)

    console.log
      ReasoningEngine Started

      at ReasoningEngine.initialize (Backend/HBOS/Engines/ReasoningEngine.ts:110:17)

    console.log
      Memory Engine Started

      at MemoryEngine.initialize (Backend/HBOS/Engines/MemoryEngine.ts:22:17)

    console.log
      Knowledge Engine Started

      at KnowledgeEngine.initialize (Backend/HBOS/Engines/KnowledgeEngine.ts:22:17)

    console.log
      Project Pilot Engine Started

      at ProjectPilotEngine.initialize (Backend/HBOS/Engines/ProjectPilotEngine.ts:41:17)

    console.log
      ReasoningEngine Started

      at ReasoningEngine.initialize (Backend/HBOS/Engines/ReasoningEngine.ts:110:17)

    console.log
      OrganizationalIntelligenceEngine Started

      at OrganizationalIntelligenceEngine.initialize (Backend/HBOS/Engines/OrganizationalIntelligenceEngine.ts:132:17)

    console.log
      Governance Engine Started

      at GovernanceEngine.initialize (Backend/HBOS/Engines/GovernanceEngine.ts:140:17)

    console.log
      Memory Engine Started

      at MemoryEngine.initialize (Backend/HBOS/Engines/MemoryEngine.ts:22:17)

    console.log
      Memory Engine Started

      at MemoryEngine.initialize (Backend/HBOS/Engines/MemoryEngine.ts:22:17)

    console.log
      Knowledge Engine Started

      at KnowledgeEngine.initialize (Backend/HBOS/Engines/KnowledgeEngine.ts:22:17)

    console.log
      Project Pilot Engine Started

      at ProjectPilotEngine.initialize (Backend/HBOS/Engines/ProjectPilotEngine.ts:41:17)

    console.log
      ReasoningEngine Started

      at ReasoningEngine.initialize (Backend/HBOS/Engines/ReasoningEngine.ts:110:17)

    console.log
      OrganizationalIntelligenceEngine Started

      at OrganizationalIntelligenceEngine.initialize (Backend/HBOS/Engines/OrganizationalIntelligenceEngine.ts:132:17)

    console.log
      Governance Engine Started

      at GovernanceEngine.initialize (Backend/HBOS/Engines/GovernanceEngine.ts:140:17)

    console.log
      ExecutiveIntelligenceEngine Started

      at ExecutiveIntelligenceEngine.initialize (Backend/HBOS/Engines/ExecutiveIntelligenceEngine.ts:152:17)

    console.log
      Decision Engine Started

      at DecisionEngine.initialize (Backend/HBOS/Engines/DecisionEngine.ts:14:17)

    console.log
      Project Pilot Engine Started

      at ProjectPilotEngine.initialize (Backend/HBOS/Engines/ProjectPilotEngine.ts:41:17)

    console.log
      Governance Engine Started

      at GovernanceEngine.initialize (Backend/HBOS/Engines/GovernanceEngine.ts:140:17)

    console.log
      AutonomousOperationsEngine Started

      at AutonomousOperationsEngine.initialize (Backend/HBOS/Engines/AutonomousOperationsEngine.ts:152:17)

    console.log
      Knowledge Engine Started

      at KnowledgeEngine.initialize (Backend/HBOS/Engines/KnowledgeEngine.ts:22:17)

    console.log
      ReasoningEngine Started

      at ReasoningEngine.initialize (Backend/HBOS/Engines/ReasoningEngine.ts:110:17)

    console.log
      Memory Engine Started

      at MemoryEngine.initialize (Backend/HBOS/Engines/MemoryEngine.ts:22:17)

    console.log
      Knowledge Engine Started

      at KnowledgeEngine.initialize (Backend/HBOS/Engines/KnowledgeEngine.ts:22:17)

    console.log
      Project Pilot Engine Started

      at ProjectPilotEngine.initialize (Backend/HBOS/Engines/ProjectPilotEngine.ts:41:17)

    console.log
      ReasoningEngine Started

      at ReasoningEngine.initialize (Backend/HBOS/Engines/ReasoningEngine.ts:110:17)

    console.log
      OrganizationalIntelligenceEngine Started

      at OrganizationalIntelligenceEngine.initialize (Backend/HBOS/Engines/OrganizationalIntelligenceEngine.ts:132:17)

    console.log
      Governance Engine Started

      at GovernanceEngine.initialize (Backend/HBOS/Engines/GovernanceEngine.ts:140:17)

    console.log
      Memory Engine Started

      at MemoryEngine.initialize (Backend/HBOS/Engines/MemoryEngine.ts:22:17)

    console.log
      Memory Engine Started

      at MemoryEngine.initialize (Backend/HBOS/Engines/MemoryEngine.ts:22:17)

    console.log
      Knowledge Engine Started

      at KnowledgeEngine.initialize (Backend/HBOS/Engines/KnowledgeEngine.ts:22:17)

    console.log
      Project Pilot Engine Started

      at ProjectPilotEngine.initialize (Backend/HBOS/Engines/ProjectPilotEngine.ts:41:17)

    console.log
      ReasoningEngine Started

      at ReasoningEngine.initialize (Backend/HBOS/Engines/ReasoningEngine.ts:110:17)

    console.log
      OrganizationalIntelligenceEngine Started

      at OrganizationalIntelligenceEngine.initialize (Backend/HBOS/Engines/OrganizationalIntelligenceEngine.ts:132:17)

    console.log
      Governance Engine Started

      at GovernanceEngine.initialize (Backend/HBOS/Engines/GovernanceEngine.ts:140:17)

    console.log
      ExecutiveIntelligenceEngine Started

      at ExecutiveIntelligenceEngine.initialize (Backend/HBOS/Engines/ExecutiveIntelligenceEngine.ts:152:17)

    console.log
      Decision Engine Started

      at DecisionEngine.initialize (Backend/HBOS/Engines/DecisionEngine.ts:14:17)

    console.log
      Project Pilot Engine Started

      at ProjectPilotEngine.initialize (Backend/HBOS/Engines/ProjectPilotEngine.ts:41:17)

    console.log
      Governance Engine Started

      at GovernanceEngine.initialize (Backend/HBOS/Engines/GovernanceEngine.ts:140:17)

    console.log
      AutonomousOperationsEngine Started

      at AutonomousOperationsEngine.initialize (Backend/HBOS/Engines/AutonomousOperationsEngine.ts:152:17)

    console.log
      Knowledge Engine Started

      at KnowledgeEngine.initialize (Backend/HBOS/Engines/KnowledgeEngine.ts:22:17)

    console.log
      ReasoningEngine Started

      at ReasoningEngine.initialize (Backend/HBOS/Engines/ReasoningEngine.ts:110:17)

    console.log
      Memory Engine Started

      at MemoryEngine.initialize (Backend/HBOS/Engines/MemoryEngine.ts:22:17)

    console.log
      Knowledge Engine Started

      at KnowledgeEngine.initialize (Backend/HBOS/Engines/KnowledgeEngine.ts:22:17)

    console.log
      Project Pilot Engine Started

      at ProjectPilotEngine.initialize (Backend/HBOS/Engines/ProjectPilotEngine.ts:41:17)

    console.log
      ReasoningEngine Started

      at ReasoningEngine.initialize (Backend/HBOS/Engines/ReasoningEngine.ts:110:17)

    console.log
      OrganizationalIntelligenceEngine Started

      at OrganizationalIntelligenceEngine.initialize (Backend/HBOS/Engines/OrganizationalIntelligenceEngine.ts:132:17)

    console.log
      Governance Engine Started

      at GovernanceEngine.initialize (Backend/HBOS/Engines/GovernanceEngine.ts:140:17)

    console.log
      Memory Engine Started

      at MemoryEngine.initialize (Backend/HBOS/Engines/MemoryEngine.ts:22:17)

    console.log
      Memory Engine Started

      at MemoryEngine.initialize (Backend/HBOS/Engines/MemoryEngine.ts:22:17)

    console.log
      Knowledge Engine Started

      at KnowledgeEngine.initialize (Backend/HBOS/Engines/KnowledgeEngine.ts:22:17)

    console.log
      Project Pilot Engine Started

      at ProjectPilotEngine.initialize (Backend/HBOS/Engines/ProjectPilotEngine.ts:41:17)

    console.log
      ReasoningEngine Started

      at ReasoningEngine.initialize (Backend/HBOS/Engines/ReasoningEngine.ts:110:17)

    console.log
      OrganizationalIntelligenceEngine Started

      at OrganizationalIntelligenceEngine.initialize (Backend/HBOS/Engines/OrganizationalIntelligenceEngine.ts:132:17)

    console.log
      Governance Engine Started

      at GovernanceEngine.initialize (Backend/HBOS/Engines/GovernanceEngine.ts:140:17)

    console.log
      ExecutiveIntelligenceEngine Started

      at ExecutiveIntelligenceEngine.initialize (Backend/HBOS/Engines/ExecutiveIntelligenceEngine.ts:152:17)

    console.log
      Decision Engine Started

      at DecisionEngine.initialize (Backend/HBOS/Engines/DecisionEngine.ts:14:17)

    console.log
      Project Pilot Engine Started

      at ProjectPilotEngine.initialize (Backend/HBOS/Engines/ProjectPilotEngine.ts:41:17)

    console.log
      Governance Engine Started

      at GovernanceEngine.initialize (Backend/HBOS/Engines/GovernanceEngine.ts:140:17)

    console.log
      AutonomousOperationsEngine Started

      at AutonomousOperationsEngine.initialize (Backend/HBOS/Engines/AutonomousOperationsEngine.ts:152:17)

    console.log
      Knowledge Engine Started

      at KnowledgeEngine.initialize (Backend/HBOS/Engines/KnowledgeEngine.ts:22:17)

    console.log
      ReasoningEngine Started

      at ReasoningEngine.initialize (Backend/HBOS/Engines/ReasoningEngine.ts:110:17)

    console.log
      Memory Engine Started

      at MemoryEngine.initialize (Backend/HBOS/Engines/MemoryEngine.ts:22:17)

    console.log
      Knowledge Engine Started

      at KnowledgeEngine.initialize (Backend/HBOS/Engines/KnowledgeEngine.ts:22:17)

    console.log
      Project Pilot Engine Started

      at ProjectPilotEngine.initialize (Backend/HBOS/Engines/ProjectPilotEngine.ts:41:17)

    console.log
      ReasoningEngine Started

      at ReasoningEngine.initialize (Backend/HBOS/Engines/ReasoningEngine.ts:110:17)

    console.log
      OrganizationalIntelligenceEngine Started

      at OrganizationalIntelligenceEngine.initialize (Backend/HBOS/Engines/OrganizationalIntelligenceEngine.ts:132:17)

    console.log
      Governance Engine Started

      at GovernanceEngine.initialize (Backend/HBOS/Engines/GovernanceEngine.ts:140:17)

    console.log
      Memory Engine Started

      at MemoryEngine.initialize (Backend/HBOS/Engines/MemoryEngine.ts:22:17)

    console.log
      Memory Engine Started

      at MemoryEngine.initialize (Backend/HBOS/Engines/MemoryEngine.ts:22:17)

    console.log
      Knowledge Engine Started

      at KnowledgeEngine.initialize (Backend/HBOS/Engines/KnowledgeEngine.ts:22:17)

    console.log
      Project Pilot Engine Started

      at ProjectPilotEngine.initialize (Backend/HBOS/Engines/ProjectPilotEngine.ts:41:17)

    console.log
      ReasoningEngine Started

      at ReasoningEngine.initialize (Backend/HBOS/Engines/ReasoningEngine.ts:110:17)

    console.log
      OrganizationalIntelligenceEngine Started

      at OrganizationalIntelligenceEngine.initialize (Backend/HBOS/Engines/OrganizationalIntelligenceEngine.ts:132:17)

    console.log
      Governance Engine Started

      at GovernanceEngine.initialize (Backend/HBOS/Engines/GovernanceEngine.ts:140:17)

    console.log
      ExecutiveIntelligenceEngine Started

      at ExecutiveIntelligenceEngine.initialize (Backend/HBOS/Engines/ExecutiveIntelligenceEngine.ts:152:17)

    console.log
      Decision Engine Started

      at DecisionEngine.initialize (Backend/HBOS/Engines/DecisionEngine.ts:14:17)

    console.log
      Project Pilot Engine Started

      at ProjectPilotEngine.initialize (Backend/HBOS/Engines/ProjectPilotEngine.ts:41:17)

    console.log
      Governance Engine Started

      at GovernanceEngine.initialize (Backend/HBOS/Engines/GovernanceEngine.ts:140:17)

    console.log
      AutonomousOperationsEngine Started

      at AutonomousOperationsEngine.initialize (Backend/HBOS/Engines/AutonomousOperationsEngine.ts:152:17)

    console.log
      Knowledge Engine Started

      at KnowledgeEngine.initialize (Backend/HBOS/Engines/KnowledgeEngine.ts:22:17)

    console.log
      ReasoningEngine Started

      at ReasoningEngine.initialize (Backend/HBOS/Engines/ReasoningEngine.ts:110:17)

    console.log
      Memory Engine Started

      at MemoryEngine.initialize (Backend/HBOS/Engines/MemoryEngine.ts:22:17)

    console.log
      Knowledge Engine Started

      at KnowledgeEngine.initialize (Backend/HBOS/Engines/KnowledgeEngine.ts:22:17)

    console.log
      Project Pilot Engine Started

      at ProjectPilotEngine.initialize (Backend/HBOS/Engines/ProjectPilotEngine.ts:41:17)

    console.log
      ReasoningEngine Started

      at ReasoningEngine.initialize (Backend/HBOS/Engines/ReasoningEngine.ts:110:17)

    console.log
      OrganizationalIntelligenceEngine Started

      at OrganizationalIntelligenceEngine.initialize (Backend/HBOS/Engines/OrganizationalIntelligenceEngine.ts:132:17)

    console.log
      Governance Engine Started

      at GovernanceEngine.initialize (Backend/HBOS/Engines/GovernanceEngine.ts:140:17)

    console.log
      Memory Engine Started

      at MemoryEngine.initialize (Backend/HBOS/Engines/MemoryEngine.ts:22:17)

    console.log
      Memory Engine Started

      at MemoryEngine.initialize (Backend/HBOS/Engines/MemoryEngine.ts:22:17)

    console.log
      Knowledge Engine Started

      at KnowledgeEngine.initialize (Backend/HBOS/Engines/KnowledgeEngine.ts:22:17)

    console.log
      Project Pilot Engine Started

      at ProjectPilotEngine.initialize (Backend/HBOS/Engines/ProjectPilotEngine.ts:41:17)

    console.log
      ReasoningEngine Started

      at ReasoningEngine.initialize (Backend/HBOS/Engines/ReasoningEngine.ts:110:17)

    console.log
      OrganizationalIntelligenceEngine Started

      at OrganizationalIntelligenceEngine.initialize (Backend/HBOS/Engines/OrganizationalIntelligenceEngine.ts:132:17)

    console.log
      Governance Engine Started

      at GovernanceEngine.initialize (Backend/HBOS/Engines/GovernanceEngine.ts:140:17)

    console.log
      ExecutiveIntelligenceEngine Started

      at ExecutiveIntelligenceEngine.initialize (Backend/HBOS/Engines/ExecutiveIntelligenceEngine.ts:152:17)

    console.log
      Decision Engine Started

      at DecisionEngine.initialize (Backend/HBOS/Engines/DecisionEngine.ts:14:17)

    console.log
      Project Pilot Engine Started

      at ProjectPilotEngine.initialize (Backend/HBOS/Engines/ProjectPilotEngine.ts:41:17)

    console.log
      Governance Engine Started

      at GovernanceEngine.initialize (Backend/HBOS/Engines/GovernanceEngine.ts:140:17)

    console.log
      AutonomousOperationsEngine Started

      at AutonomousOperationsEngine.initialize (Backend/HBOS/Engines/AutonomousOperationsEngine.ts:152:17)

    console.log
      Knowledge Engine Started

      at KnowledgeEngine.initialize (Backend/HBOS/Engines/KnowledgeEngine.ts:22:17)

    console.log
      ReasoningEngine Started

      at ReasoningEngine.initialize (Backend/HBOS/Engines/ReasoningEngine.ts:110:17)

    console.log
      Memory Engine Started

      at MemoryEngine.initialize (Backend/HBOS/Engines/MemoryEngine.ts:22:17)

    console.log
      Knowledge Engine Started

      at KnowledgeEngine.initialize (Backend/HBOS/Engines/KnowledgeEngine.ts:22:17)

    console.log
      Project Pilot Engine Started

      at ProjectPilotEngine.initialize (Backend/HBOS/Engines/ProjectPilotEngine.ts:41:17)

    console.log
      ReasoningEngine Started

      at ReasoningEngine.initialize (Backend/HBOS/Engines/ReasoningEngine.ts:110:17)

    console.log
      OrganizationalIntelligenceEngine Started

      at OrganizationalIntelligenceEngine.initialize (Backend/HBOS/Engines/OrganizationalIntelligenceEngine.ts:132:17)

    console.log
      Governance Engine Started

      at GovernanceEngine.initialize (Backend/HBOS/Engines/GovernanceEngine.ts:140:17)

    console.log
      Memory Engine Started

      at MemoryEngine.initialize (Backend/HBOS/Engines/MemoryEngine.ts:22:17)

    console.log
      Memory Engine Started

      at MemoryEngine.initialize (Backend/HBOS/Engines/MemoryEngine.ts:22:17)

    console.log
      Knowledge Engine Started

      at KnowledgeEngine.initialize (Backend/HBOS/Engines/KnowledgeEngine.ts:22:17)

    console.log
      Project Pilot Engine Started

      at ProjectPilotEngine.initialize (Backend/HBOS/Engines/ProjectPilotEngine.ts:41:17)

    console.log
      ReasoningEngine Started

      at ReasoningEngine.initialize (Backend/HBOS/Engines/ReasoningEngine.ts:110:17)

    console.log
      OrganizationalIntelligenceEngine Started

      at OrganizationalIntelligenceEngine.initialize (Backend/HBOS/Engines/OrganizationalIntelligenceEngine.ts:132:17)

    console.log
      Governance Engine Started

      at GovernanceEngine.initialize (Backend/HBOS/Engines/GovernanceEngine.ts:140:17)

    console.log
      ExecutiveIntelligenceEngine Started

      at ExecutiveIntelligenceEngine.initialize (Backend/HBOS/Engines/ExecutiveIntelligenceEngine.ts:152:17)

    console.log
      Decision Engine Started

      at DecisionEngine.initialize (Backend/HBOS/Engines/DecisionEngine.ts:14:17)

    console.log
      Project Pilot Engine Started

      at ProjectPilotEngine.initialize (Backend/HBOS/Engines/ProjectPilotEngine.ts:41:17)

    console.log
      Governance Engine Started

      at GovernanceEngine.initialize (Backend/HBOS/Engines/GovernanceEngine.ts:140:17)

    console.log
      AutonomousOperationsEngine Started

      at AutonomousOperationsEngine.initialize (Backend/HBOS/Engines/AutonomousOperationsEngine.ts:152:17)

    console.log
      Knowledge Engine Started

      at KnowledgeEngine.initialize (Backend/HBOS/Engines/KnowledgeEngine.ts:22:17)

    console.log
      ReasoningEngine Started

      at ReasoningEngine.initialize (Backend/HBOS/Engines/ReasoningEngine.ts:110:17)

    console.log
      Memory Engine Started

      at MemoryEngine.initialize (Backend/HBOS/Engines/MemoryEngine.ts:22:17)

    console.log
      Knowledge Engine Started

      at KnowledgeEngine.initialize (Backend/HBOS/Engines/KnowledgeEngine.ts:22:17)

    console.log
      Project Pilot Engine Started

      at ProjectPilotEngine.initialize (Backend/HBOS/Engines/ProjectPilotEngine.ts:41:17)

    console.log
      ReasoningEngine Started

      at ReasoningEngine.initialize (Backend/HBOS/Engines/ReasoningEngine.ts:110:17)

    console.log
      OrganizationalIntelligenceEngine Started

      at OrganizationalIntelligenceEngine.initialize (Backend/HBOS/Engines/OrganizationalIntelligenceEngine.ts:132:17)

    console.log
      Governance Engine Started

      at GovernanceEngine.initialize (Backend/HBOS/Engines/GovernanceEngine.ts:140:17)

    console.log
      Memory Engine Started

      at MemoryEngine.initialize (Backend/HBOS/Engines/MemoryEngine.ts:22:17)

    console.log
      Memory Engine Started

      at MemoryEngine.initialize (Backend/HBOS/Engines/MemoryEngine.ts:22:17)

    console.log
      Knowledge Engine Started

      at KnowledgeEngine.initialize (Backend/HBOS/Engines/KnowledgeEngine.ts:22:17)

    console.log
      Project Pilot Engine Started

      at ProjectPilotEngine.initialize (Backend/HBOS/Engines/ProjectPilotEngine.ts:41:17)

    console.log
      ReasoningEngine Started

      at ReasoningEngine.initialize (Backend/HBOS/Engines/ReasoningEngine.ts:110:17)

    console.log
      OrganizationalIntelligenceEngine Started

      at OrganizationalIntelligenceEngine.initialize (Backend/HBOS/Engines/OrganizationalIntelligenceEngine.ts:132:17)

    console.log
      Governance Engine Started

      at GovernanceEngine.initialize (Backend/HBOS/Engines/GovernanceEngine.ts:140:17)

    console.log
      ExecutiveIntelligenceEngine Started

      at ExecutiveIntelligenceEngine.initialize (Backend/HBOS/Engines/ExecutiveIntelligenceEngine.ts:152:17)

    console.log
      Decision Engine Started

      at DecisionEngine.initialize (Backend/HBOS/Engines/DecisionEngine.ts:14:17)

    console.log
      Project Pilot Engine Started

      at ProjectPilotEngine.initialize (Backend/HBOS/Engines/ProjectPilotEngine.ts:41:17)

    console.log
      Governance Engine Started

      at GovernanceEngine.initialize (Backend/HBOS/Engines/GovernanceEngine.ts:140:17)

    console.log
      AutonomousOperationsEngine Started

      at AutonomousOperationsEngine.initialize (Backend/HBOS/Engines/AutonomousOperationsEngine.ts:152:17)

    console.log
      Knowledge Engine Started

      at KnowledgeEngine.initialize (Backend/HBOS/Engines/KnowledgeEngine.ts:22:17)

PASS Backend/HBOS/test/OrganizationalExecutionCoordinator.test.ts
PASS Backend/HBOS/test/FinancialReportIngestion.test.ts
PASS Backend/HBOS/test/CommercialRuntimeServer.rateLimiting.test.ts (11.891 s)
  ● Console

    console.log
      ReasoningEngine Started

      at ReasoningEngine.initialize (Backend/HBOS/Engines/ReasoningEngine.ts:110:17)

    console.log
      Memory Engine Started

      at MemoryEngine.initialize (Backend/HBOS/Engines/MemoryEngine.ts:22:17)

    console.log
      Knowledge Engine Started

      at KnowledgeEngine.initialize (Backend/HBOS/Engines/KnowledgeEngine.ts:22:17)

    console.log
      Project Pilot Engine Started

      at ProjectPilotEngine.initialize (Backend/HBOS/Engines/ProjectPilotEngine.ts:41:17)

    console.log
      ReasoningEngine Started

      at ReasoningEngine.initialize (Backend/HBOS/Engines/ReasoningEngine.ts:110:17)

    console.log
      OrganizationalIntelligenceEngine Started

      at OrganizationalIntelligenceEngine.initialize (Backend/HBOS/Engines/OrganizationalIntelligenceEngine.ts:132:17)

    console.log
      Governance Engine Started

      at GovernanceEngine.initialize (Backend/HBOS/Engines/GovernanceEngine.ts:140:17)

    console.log
      Memory Engine Started

      at MemoryEngine.initialize (Backend/HBOS/Engines/MemoryEngine.ts:22:17)

    console.log
      Memory Engine Started

      at MemoryEngine.initialize (Backend/HBOS/Engines/MemoryEngine.ts:22:17)

    console.log
      Knowledge Engine Started

      at KnowledgeEngine.initialize (Backend/HBOS/Engines/KnowledgeEngine.ts:22:17)

    console.log
      Project Pilot Engine Started

      at ProjectPilotEngine.initialize (Backend/HBOS/Engines/ProjectPilotEngine.ts:41:17)

    console.log
      ReasoningEngine Started

      at ReasoningEngine.initialize (Backend/HBOS/Engines/ReasoningEngine.ts:110:17)

    console.log
      OrganizationalIntelligenceEngine Started

      at OrganizationalIntelligenceEngine.initialize (Backend/HBOS/Engines/OrganizationalIntelligenceEngine.ts:132:17)

    console.log
      Governance Engine Started

      at GovernanceEngine.initialize (Backend/HBOS/Engines/GovernanceEngine.ts:140:17)

    console.log
      ExecutiveIntelligenceEngine Started

      at ExecutiveIntelligenceEngine.initialize (Backend/HBOS/Engines/ExecutiveIntelligenceEngine.ts:152:17)

    console.log
      Decision Engine Started

      at DecisionEngine.initialize (Backend/HBOS/Engines/DecisionEngine.ts:14:17)

    console.log
      Project Pilot Engine Started

      at ProjectPilotEngine.initialize (Backend/HBOS/Engines/ProjectPilotEngine.ts:41:17)

    console.log
      Governance Engine Started

      at GovernanceEngine.initialize (Backend/HBOS/Engines/GovernanceEngine.ts:140:17)

    console.log
      AutonomousOperationsEngine Started

      at AutonomousOperationsEngine.initialize (Backend/HBOS/Engines/AutonomousOperationsEngine.ts:152:17)

    console.log
      Knowledge Engine Started

      at KnowledgeEngine.initialize (Backend/HBOS/Engines/KnowledgeEngine.ts:22:17)

    console.log
      ReasoningEngine Started

      at ReasoningEngine.initialize (Backend/HBOS/Engines/ReasoningEngine.ts:110:17)

    console.log
      Memory Engine Started

      at MemoryEngine.initialize (Backend/HBOS/Engines/MemoryEngine.ts:22:17)

    console.log
      Knowledge Engine Started

      at KnowledgeEngine.initialize (Backend/HBOS/Engines/KnowledgeEngine.ts:22:17)

    console.log
      Project Pilot Engine Started

      at ProjectPilotEngine.initialize (Backend/HBOS/Engines/ProjectPilotEngine.ts:41:17)

    console.log
      ReasoningEngine Started

      at ReasoningEngine.initialize (Backend/HBOS/Engines/ReasoningEngine.ts:110:17)

    console.log
      OrganizationalIntelligenceEngine Started

      at OrganizationalIntelligenceEngine.initialize (Backend/HBOS/Engines/OrganizationalIntelligenceEngine.ts:132:17)

    console.log
      Governance Engine Started

      at GovernanceEngine.initialize (Backend/HBOS/Engines/GovernanceEngine.ts:140:17)

    console.log
      Memory Engine Started

      at MemoryEngine.initialize (Backend/HBOS/Engines/MemoryEngine.ts:22:17)

    console.log
      Memory Engine Started

      at MemoryEngine.initialize (Backend/HBOS/Engines/MemoryEngine.ts:22:17)

    console.log
      Knowledge Engine Started

      at KnowledgeEngine.initialize (Backend/HBOS/Engines/KnowledgeEngine.ts:22:17)

    console.log
      Project Pilot Engine Started

      at ProjectPilotEngine.initialize (Backend/HBOS/Engines/ProjectPilotEngine.ts:41:17)

    console.log
      ReasoningEngine Started

      at ReasoningEngine.initialize (Backend/HBOS/Engines/ReasoningEngine.ts:110:17)

    console.log
      OrganizationalIntelligenceEngine Started

      at OrganizationalIntelligenceEngine.initialize (Backend/HBOS/Engines/OrganizationalIntelligenceEngine.ts:132:17)

    console.log
      Governance Engine Started

      at GovernanceEngine.initialize (Backend/HBOS/Engines/GovernanceEngine.ts:140:17)

    console.log
      ExecutiveIntelligenceEngine Started

      at ExecutiveIntelligenceEngine.initialize (Backend/HBOS/Engines/ExecutiveIntelligenceEngine.ts:152:17)

    console.log
      Decision Engine Started

      at DecisionEngine.initialize (Backend/HBOS/Engines/DecisionEngine.ts:14:17)

    console.log
      Project Pilot Engine Started

      at ProjectPilotEngine.initialize (Backend/HBOS/Engines/ProjectPilotEngine.ts:41:17)

    console.log
      Governance Engine Started

      at GovernanceEngine.initialize (Backend/HBOS/Engines/GovernanceEngine.ts:140:17)

    console.log
      AutonomousOperationsEngine Started

      at AutonomousOperationsEngine.initialize (Backend/HBOS/Engines/AutonomousOperationsEngine.ts:152:17)

    console.log
      Knowledge Engine Started

      at KnowledgeEngine.initialize (Backend/HBOS/Engines/KnowledgeEngine.ts:22:17)

    console.log
      ReasoningEngine Started

      at ReasoningEngine.initialize (Backend/HBOS/Engines/ReasoningEngine.ts:110:17)

    console.log
      Memory Engine Started

      at MemoryEngine.initialize (Backend/HBOS/Engines/MemoryEngine.ts:22:17)

    console.log
      Knowledge Engine Started

      at KnowledgeEngine.initialize (Backend/HBOS/Engines/KnowledgeEngine.ts:22:17)

    console.log
      Project Pilot Engine Started

      at ProjectPilotEngine.initialize (Backend/HBOS/Engines/ProjectPilotEngine.ts:41:17)

    console.log
      ReasoningEngine Started

      at ReasoningEngine.initialize (Backend/HBOS/Engines/ReasoningEngine.ts:110:17)

    console.log
      OrganizationalIntelligenceEngine Started

      at OrganizationalIntelligenceEngine.initialize (Backend/HBOS/Engines/OrganizationalIntelligenceEngine.ts:132:17)

    console.log
      Governance Engine Started

      at GovernanceEngine.initialize (Backend/HBOS/Engines/GovernanceEngine.ts:140:17)

    console.log
      Memory Engine Started

      at MemoryEngine.initialize (Backend/HBOS/Engines/MemoryEngine.ts:22:17)

    console.log
      Memory Engine Started

      at MemoryEngine.initialize (Backend/HBOS/Engines/MemoryEngine.ts:22:17)

    console.log
      Knowledge Engine Started

      at KnowledgeEngine.initialize (Backend/HBOS/Engines/KnowledgeEngine.ts:22:17)

    console.log
      Project Pilot Engine Started

      at ProjectPilotEngine.initialize (Backend/HBOS/Engines/ProjectPilotEngine.ts:41:17)

    console.log
      ReasoningEngine Started

      at ReasoningEngine.initialize (Backend/HBOS/Engines/ReasoningEngine.ts:110:17)

    console.log
      OrganizationalIntelligenceEngine Started

      at OrganizationalIntelligenceEngine.initialize (Backend/HBOS/Engines/OrganizationalIntelligenceEngine.ts:132:17)

    console.log
      Governance Engine Started

      at GovernanceEngine.initialize (Backend/HBOS/Engines/GovernanceEngine.ts:140:17)

    console.log
      ExecutiveIntelligenceEngine Started

      at ExecutiveIntelligenceEngine.initialize (Backend/HBOS/Engines/ExecutiveIntelligenceEngine.ts:152:17)

    console.log
      Decision Engine Started

      at DecisionEngine.initialize (Backend/HBOS/Engines/DecisionEngine.ts:14:17)

    console.log
      Project Pilot Engine Started

      at ProjectPilotEngine.initialize (Backend/HBOS/Engines/ProjectPilotEngine.ts:41:17)

    console.log
      Governance Engine Started

      at GovernanceEngine.initialize (Backend/HBOS/Engines/GovernanceEngine.ts:140:17)

    console.log
      AutonomousOperationsEngine Started

      at AutonomousOperationsEngine.initialize (Backend/HBOS/Engines/AutonomousOperationsEngine.ts:152:17)

    console.log
      Knowledge Engine Started

      at KnowledgeEngine.initialize (Backend/HBOS/Engines/KnowledgeEngine.ts:22:17)

    console.log
      ReasoningEngine Started

      at ReasoningEngine.initialize (Backend/HBOS/Engines/ReasoningEngine.ts:110:17)

    console.log
      Memory Engine Started

      at MemoryEngine.initialize (Backend/HBOS/Engines/MemoryEngine.ts:22:17)

    console.log
      Knowledge Engine Started

      at KnowledgeEngine.initialize (Backend/HBOS/Engines/KnowledgeEngine.ts:22:17)

    console.log
      Project Pilot Engine Started

      at ProjectPilotEngine.initialize (Backend/HBOS/Engines/ProjectPilotEngine.ts:41:17)

    console.log
      ReasoningEngine Started

      at ReasoningEngine.initialize (Backend/HBOS/Engines/ReasoningEngine.ts:110:17)

    console.log
      OrganizationalIntelligenceEngine Started

      at OrganizationalIntelligenceEngine.initialize (Backend/HBOS/Engines/OrganizationalIntelligenceEngine.ts:132:17)

    console.log
      Governance Engine Started

      at GovernanceEngine.initialize (Backend/HBOS/Engines/GovernanceEngine.ts:140:17)

    console.log
      Memory Engine Started

      at MemoryEngine.initialize (Backend/HBOS/Engines/MemoryEngine.ts:22:17)

    console.log
      Memory Engine Started

      at MemoryEngine.initialize (Backend/HBOS/Engines/MemoryEngine.ts:22:17)

    console.log
      Knowledge Engine Started

      at KnowledgeEngine.initialize (Backend/HBOS/Engines/KnowledgeEngine.ts:22:17)

    console.log
      Project Pilot Engine Started

      at ProjectPilotEngine.initialize (Backend/HBOS/Engines/ProjectPilotEngine.ts:41:17)

    console.log
      ReasoningEngine Started

      at ReasoningEngine.initialize (Backend/HBOS/Engines/ReasoningEngine.ts:110:17)

    console.log
      OrganizationalIntelligenceEngine Started

      at OrganizationalIntelligenceEngine.initialize (Backend/HBOS/Engines/OrganizationalIntelligenceEngine.ts:132:17)

    console.log
      Governance Engine Started

      at GovernanceEngine.initialize (Backend/HBOS/Engines/GovernanceEngine.ts:140:17)

    console.log
      ExecutiveIntelligenceEngine Started

      at ExecutiveIntelligenceEngine.initialize (Backend/HBOS/Engines/ExecutiveIntelligenceEngine.ts:152:17)

    console.log
      Decision Engine Started

      at DecisionEngine.initialize (Backend/HBOS/Engines/DecisionEngine.ts:14:17)

    console.log
      Project Pilot Engine Started

      at ProjectPilotEngine.initialize (Backend/HBOS/Engines/ProjectPilotEngine.ts:41:17)

    console.log
      Governance Engine Started

      at GovernanceEngine.initialize (Backend/HBOS/Engines/GovernanceEngine.ts:140:17)

    console.log
      AutonomousOperationsEngine Started

      at AutonomousOperationsEngine.initialize (Backend/HBOS/Engines/AutonomousOperationsEngine.ts:152:17)

    console.log
      Knowledge Engine Started

      at KnowledgeEngine.initialize (Backend/HBOS/Engines/KnowledgeEngine.ts:22:17)

    console.log
      ReasoningEngine Started

      at ReasoningEngine.initialize (Backend/HBOS/Engines/ReasoningEngine.ts:110:17)

    console.log
      Memory Engine Started

      at MemoryEngine.initialize (Backend/HBOS/Engines/MemoryEngine.ts:22:17)

    console.log
      Knowledge Engine Started

      at KnowledgeEngine.initialize (Backend/HBOS/Engines/KnowledgeEngine.ts:22:17)

    console.log
      Project Pilot Engine Started

      at ProjectPilotEngine.initialize (Backend/HBOS/Engines/ProjectPilotEngine.ts:41:17)

    console.log
      ReasoningEngine Started

      at ReasoningEngine.initialize (Backend/HBOS/Engines/ReasoningEngine.ts:110:17)

    console.log
      OrganizationalIntelligenceEngine Started

      at OrganizationalIntelligenceEngine.initialize (Backend/HBOS/Engines/OrganizationalIntelligenceEngine.ts:132:17)

    console.log
      Governance Engine Started

      at GovernanceEngine.initialize (Backend/HBOS/Engines/GovernanceEngine.ts:140:17)

    console.log
      Memory Engine Started

      at MemoryEngine.initialize (Backend/HBOS/Engines/MemoryEngine.ts:22:17)

    console.log
      Memory Engine Started

      at MemoryEngine.initialize (Backend/HBOS/Engines/MemoryEngine.ts:22:17)

    console.log
      Knowledge Engine Started

      at KnowledgeEngine.initialize (Backend/HBOS/Engines/KnowledgeEngine.ts:22:17)

    console.log
      Project Pilot Engine Started

      at ProjectPilotEngine.initialize (Backend/HBOS/Engines/ProjectPilotEngine.ts:41:17)

    console.log
      ReasoningEngine Started

      at ReasoningEngine.initialize (Backend/HBOS/Engines/ReasoningEngine.ts:110:17)

    console.log
      OrganizationalIntelligenceEngine Started

      at OrganizationalIntelligenceEngine.initialize (Backend/HBOS/Engines/OrganizationalIntelligenceEngine.ts:132:17)

    console.log
      Governance Engine Started

      at GovernanceEngine.initialize (Backend/HBOS/Engines/GovernanceEngine.ts:140:17)

    console.log
      ExecutiveIntelligenceEngine Started

      at ExecutiveIntelligenceEngine.initialize (Backend/HBOS/Engines/ExecutiveIntelligenceEngine.ts:152:17)

    console.log
      Decision Engine Started

      at DecisionEngine.initialize (Backend/HBOS/Engines/DecisionEngine.ts:14:17)

    console.log
      Project Pilot Engine Started

      at ProjectPilotEngine.initialize (Backend/HBOS/Engines/ProjectPilotEngine.ts:41:17)

    console.log
      Governance Engine Started

      at GovernanceEngine.initialize (Backend/HBOS/Engines/GovernanceEngine.ts:140:17)

    console.log
      AutonomousOperationsEngine Started

      at AutonomousOperationsEngine.initialize (Backend/HBOS/Engines/AutonomousOperationsEngine.ts:152:17)

    console.log
      Knowledge Engine Started

      at KnowledgeEngine.initialize (Backend/HBOS/Engines/KnowledgeEngine.ts:22:17)

    console.log
      ReasoningEngine Started

      at ReasoningEngine.initialize (Backend/HBOS/Engines/ReasoningEngine.ts:110:17)

    console.log
      Memory Engine Started

      at MemoryEngine.initialize (Backend/HBOS/Engines/MemoryEngine.ts:22:17)

    console.log
      Knowledge Engine Started

      at KnowledgeEngine.initialize (Backend/HBOS/Engines/KnowledgeEngine.ts:22:17)

    console.log
      Project Pilot Engine Started

      at ProjectPilotEngine.initialize (Backend/HBOS/Engines/ProjectPilotEngine.ts:41:17)

    console.log
      ReasoningEngine Started

      at ReasoningEngine.initialize (Backend/HBOS/Engines/ReasoningEngine.ts:110:17)

    console.log
      OrganizationalIntelligenceEngine Started

      at OrganizationalIntelligenceEngine.initialize (Backend/HBOS/Engines/OrganizationalIntelligenceEngine.ts:132:17)

    console.log
      Governance Engine Started

      at GovernanceEngine.initialize (Backend/HBOS/Engines/GovernanceEngine.ts:140:17)

    console.log
      Memory Engine Started

      at MemoryEngine.initialize (Backend/HBOS/Engines/MemoryEngine.ts:22:17)

    console.log
      Memory Engine Started

      at MemoryEngine.initialize (Backend/HBOS/Engines/MemoryEngine.ts:22:17)

    console.log
      Knowledge Engine Started

      at KnowledgeEngine.initialize (Backend/HBOS/Engines/KnowledgeEngine.ts:22:17)

    console.log
      Project Pilot Engine Started

      at ProjectPilotEngine.initialize (Backend/HBOS/Engines/ProjectPilotEngine.ts:41:17)

    console.log
      ReasoningEngine Started

      at ReasoningEngine.initialize (Backend/HBOS/Engines/ReasoningEngine.ts:110:17)

    console.log
      OrganizationalIntelligenceEngine Started

      at OrganizationalIntelligenceEngine.initialize (Backend/HBOS/Engines/OrganizationalIntelligenceEngine.ts:132:17)

    console.log
      Governance Engine Started

      at GovernanceEngine.initialize (Backend/HBOS/Engines/GovernanceEngine.ts:140:17)

    console.log
      ExecutiveIntelligenceEngine Started

      at ExecutiveIntelligenceEngine.initialize (Backend/HBOS/Engines/ExecutiveIntelligenceEngine.ts:152:17)

    console.log
      Decision Engine Started

      at DecisionEngine.initialize (Backend/HBOS/Engines/DecisionEngine.ts:14:17)

    console.log
      Project Pilot Engine Started

      at ProjectPilotEngine.initialize (Backend/HBOS/Engines/ProjectPilotEngine.ts:41:17)

    console.log
      Governance Engine Started

      at GovernanceEngine.initialize (Backend/HBOS/Engines/GovernanceEngine.ts:140:17)

    console.log
      AutonomousOperationsEngine Started

      at AutonomousOperationsEngine.initialize (Backend/HBOS/Engines/AutonomousOperationsEngine.ts:152:17)

    console.log
      Knowledge Engine Started

      at KnowledgeEngine.initialize (Backend/HBOS/Engines/KnowledgeEngine.ts:22:17)

    console.log
      ReasoningEngine Started

      at ReasoningEngine.initialize (Backend/HBOS/Engines/ReasoningEngine.ts:110:17)

    console.log
      Memory Engine Started

      at MemoryEngine.initialize (Backend/HBOS/Engines/MemoryEngine.ts:22:17)

    console.log
      Knowledge Engine Started

      at KnowledgeEngine.initialize (Backend/HBOS/Engines/KnowledgeEngine.ts:22:17)

    console.log
      Project Pilot Engine Started

      at ProjectPilotEngine.initialize (Backend/HBOS/Engines/ProjectPilotEngine.ts:41:17)

    console.log
      ReasoningEngine Started

      at ReasoningEngine.initialize (Backend/HBOS/Engines/ReasoningEngine.ts:110:17)

    console.log
      OrganizationalIntelligenceEngine Started

      at OrganizationalIntelligenceEngine.initialize (Backend/HBOS/Engines/OrganizationalIntelligenceEngine.ts:132:17)

    console.log
      Governance Engine Started

      at GovernanceEngine.initialize (Backend/HBOS/Engines/GovernanceEngine.ts:140:17)

    console.log
      Memory Engine Started

      at MemoryEngine.initialize (Backend/HBOS/Engines/MemoryEngine.ts:22:17)

    console.log
      Memory Engine Started

      at MemoryEngine.initialize (Backend/HBOS/Engines/MemoryEngine.ts:22:17)

    console.log
      Knowledge Engine Started

      at KnowledgeEngine.initialize (Backend/HBOS/Engines/KnowledgeEngine.ts:22:17)

    console.log
      Project Pilot Engine Started

      at ProjectPilotEngine.initialize (Backend/HBOS/Engines/ProjectPilotEngine.ts:41:17)

    console.log
      ReasoningEngine Started

      at ReasoningEngine.initialize (Backend/HBOS/Engines/ReasoningEngine.ts:110:17)

    console.log
      OrganizationalIntelligenceEngine Started

      at OrganizationalIntelligenceEngine.initialize (Backend/HBOS/Engines/OrganizationalIntelligenceEngine.ts:132:17)

    console.log
      Governance Engine Started

      at GovernanceEngine.initialize (Backend/HBOS/Engines/GovernanceEngine.ts:140:17)

    console.log
      ExecutiveIntelligenceEngine Started

      at ExecutiveIntelligenceEngine.initialize (Backend/HBOS/Engines/ExecutiveIntelligenceEngine.ts:152:17)

    console.log
      Decision Engine Started

      at DecisionEngine.initialize (Backend/HBOS/Engines/DecisionEngine.ts:14:17)

    console.log
      Project Pilot Engine Started

      at ProjectPilotEngine.initialize (Backend/HBOS/Engines/ProjectPilotEngine.ts:41:17)

    console.log
      Governance Engine Started

      at GovernanceEngine.initialize (Backend/HBOS/Engines/GovernanceEngine.ts:140:17)

    console.log
      AutonomousOperationsEngine Started

      at AutonomousOperationsEngine.initialize (Backend/HBOS/Engines/AutonomousOperationsEngine.ts:152:17)

    console.log
      Knowledge Engine Started

      at KnowledgeEngine.initialize (Backend/HBOS/Engines/KnowledgeEngine.ts:22:17)

    console.log
      ReasoningEngine Started

      at ReasoningEngine.initialize (Backend/HBOS/Engines/ReasoningEngine.ts:110:17)

    console.log
      Memory Engine Started

      at MemoryEngine.initialize (Backend/HBOS/Engines/MemoryEngine.ts:22:17)

    console.log
      Knowledge Engine Started

      at KnowledgeEngine.initialize (Backend/HBOS/Engines/KnowledgeEngine.ts:22:17)

    console.log
      Project Pilot Engine Started

      at ProjectPilotEngine.initialize (Backend/HBOS/Engines/ProjectPilotEngine.ts:41:17)

    console.log
      ReasoningEngine Started

      at ReasoningEngine.initialize (Backend/HBOS/Engines/ReasoningEngine.ts:110:17)

    console.log
      OrganizationalIntelligenceEngine Started

      at OrganizationalIntelligenceEngine.initialize (Backend/HBOS/Engines/OrganizationalIntelligenceEngine.ts:132:17)

    console.log
      Governance Engine Started

      at GovernanceEngine.initialize (Backend/HBOS/Engines/GovernanceEngine.ts:140:17)

    console.log
      Memory Engine Started

      at MemoryEngine.initialize (Backend/HBOS/Engines/MemoryEngine.ts:22:17)

    console.log
      Memory Engine Started

      at MemoryEngine.initialize (Backend/HBOS/Engines/MemoryEngine.ts:22:17)

    console.log
      Knowledge Engine Started

      at KnowledgeEngine.initialize (Backend/HBOS/Engines/KnowledgeEngine.ts:22:17)

    console.log
      Project Pilot Engine Started

      at ProjectPilotEngine.initialize (Backend/HBOS/Engines/ProjectPilotEngine.ts:41:17)

    console.log
      ReasoningEngine Started

      at ReasoningEngine.initialize (Backend/HBOS/Engines/ReasoningEngine.ts:110:17)

    console.log
      OrganizationalIntelligenceEngine Started

      at OrganizationalIntelligenceEngine.initialize (Backend/HBOS/Engines/OrganizationalIntelligenceEngine.ts:132:17)

    console.log
      Governance Engine Started

      at GovernanceEngine.initialize (Backend/HBOS/Engines/GovernanceEngine.ts:140:17)

    console.log
      ExecutiveIntelligenceEngine Started

      at ExecutiveIntelligenceEngine.initialize (Backend/HBOS/Engines/ExecutiveIntelligenceEngine.ts:152:17)

    console.log
      Decision Engine Started

      at DecisionEngine.initialize (Backend/HBOS/Engines/DecisionEngine.ts:14:17)

    console.log
      Project Pilot Engine Started

      at ProjectPilotEngine.initialize (Backend/HBOS/Engines/ProjectPilotEngine.ts:41:17)

    console.log
      Governance Engine Started

      at GovernanceEngine.initialize (Backend/HBOS/Engines/GovernanceEngine.ts:140:17)

    console.log
      AutonomousOperationsEngine Started

      at AutonomousOperationsEngine.initialize (Backend/HBOS/Engines/AutonomousOperationsEngine.ts:152:17)

    console.log
      Knowledge Engine Started

      at KnowledgeEngine.initialize (Backend/HBOS/Engines/KnowledgeEngine.ts:22:17)

    console.log
      ReasoningEngine Started

      at ReasoningEngine.initialize (Backend/HBOS/Engines/ReasoningEngine.ts:110:17)

    console.log
      Memory Engine Started

      at MemoryEngine.initialize (Backend/HBOS/Engines/MemoryEngine.ts:22:17)

    console.log
      Knowledge Engine Started

      at KnowledgeEngine.initialize (Backend/HBOS/Engines/KnowledgeEngine.ts:22:17)

    console.log
      Project Pilot Engine Started

      at ProjectPilotEngine.initialize (Backend/HBOS/Engines/ProjectPilotEngine.ts:41:17)

    console.log
      ReasoningEngine Started

      at ReasoningEngine.initialize (Backend/HBOS/Engines/ReasoningEngine.ts:110:17)

    console.log
      OrganizationalIntelligenceEngine Started

      at OrganizationalIntelligenceEngine.initialize (Backend/HBOS/Engines/OrganizationalIntelligenceEngine.ts:132:17)

    console.log
      Governance Engine Started

      at GovernanceEngine.initialize (Backend/HBOS/Engines/GovernanceEngine.ts:140:17)

    console.log
      Memory Engine Started

      at MemoryEngine.initialize (Backend/HBOS/Engines/MemoryEngine.ts:22:17)

    console.log
      Memory Engine Started

      at MemoryEngine.initialize (Backend/HBOS/Engines/MemoryEngine.ts:22:17)

    console.log
      Knowledge Engine Started

      at KnowledgeEngine.initialize (Backend/HBOS/Engines/KnowledgeEngine.ts:22:17)

    console.log
      Project Pilot Engine Started

      at ProjectPilotEngine.initialize (Backend/HBOS/Engines/ProjectPilotEngine.ts:41:17)

    console.log
      ReasoningEngine Started

      at ReasoningEngine.initialize (Backend/HBOS/Engines/ReasoningEngine.ts:110:17)

    console.log
      OrganizationalIntelligenceEngine Started

      at OrganizationalIntelligenceEngine.initialize (Backend/HBOS/Engines/OrganizationalIntelligenceEngine.ts:132:17)

    console.log
      Governance Engine Started

      at GovernanceEngine.initialize (Backend/HBOS/Engines/GovernanceEngine.ts:140:17)

    console.log
      ExecutiveIntelligenceEngine Started

      at ExecutiveIntelligenceEngine.initialize (Backend/HBOS/Engines/ExecutiveIntelligenceEngine.ts:152:17)

    console.log
      Decision Engine Started

      at DecisionEngine.initialize (Backend/HBOS/Engines/DecisionEngine.ts:14:17)

    console.log
      Project Pilot Engine Started

      at ProjectPilotEngine.initialize (Backend/HBOS/Engines/ProjectPilotEngine.ts:41:17)

    console.log
      Governance Engine Started

      at GovernanceEngine.initialize (Backend/HBOS/Engines/GovernanceEngine.ts:140:17)

    console.log
      AutonomousOperationsEngine Started

      at AutonomousOperationsEngine.initialize (Backend/HBOS/Engines/AutonomousOperationsEngine.ts:152:17)

    console.log
      Knowledge Engine Started

      at KnowledgeEngine.initialize (Backend/HBOS/Engines/KnowledgeEngine.ts:22:17)

    console.log
      ReasoningEngine Started

      at ReasoningEngine.initialize (Backend/HBOS/Engines/ReasoningEngine.ts:110:17)

    console.log
      Memory Engine Started

      at MemoryEngine.initialize (Backend/HBOS/Engines/MemoryEngine.ts:22:17)

    console.log
      Knowledge Engine Started

      at KnowledgeEngine.initialize (Backend/HBOS/Engines/KnowledgeEngine.ts:22:17)

    console.log
      Project Pilot Engine Started

      at ProjectPilotEngine.initialize (Backend/HBOS/Engines/ProjectPilotEngine.ts:41:17)

    console.log
      ReasoningEngine Started

      at ReasoningEngine.initialize (Backend/HBOS/Engines/ReasoningEngine.ts:110:17)

    console.log
      OrganizationalIntelligenceEngine Started

      at OrganizationalIntelligenceEngine.initialize (Backend/HBOS/Engines/OrganizationalIntelligenceEngine.ts:132:17)

    console.log
      Governance Engine Started

      at GovernanceEngine.initialize (Backend/HBOS/Engines/GovernanceEngine.ts:140:17)

    console.log
      Memory Engine Started

      at MemoryEngine.initialize (Backend/HBOS/Engines/MemoryEngine.ts:22:17)

    console.log
      Memory Engine Started

      at MemoryEngine.initialize (Backend/HBOS/Engines/MemoryEngine.ts:22:17)

    console.log
      Knowledge Engine Started

      at KnowledgeEngine.initialize (Backend/HBOS/Engines/KnowledgeEngine.ts:22:17)

    console.log
      Project Pilot Engine Started

      at ProjectPilotEngine.initialize (Backend/HBOS/Engines/ProjectPilotEngine.ts:41:17)

    console.log
      ReasoningEngine Started

      at ReasoningEngine.initialize (Backend/HBOS/Engines/ReasoningEngine.ts:110:17)

    console.log
      OrganizationalIntelligenceEngine Started

      at OrganizationalIntelligenceEngine.initialize (Backend/HBOS/Engines/OrganizationalIntelligenceEngine.ts:132:17)

    console.log
      Governance Engine Started

      at GovernanceEngine.initialize (Backend/HBOS/Engines/GovernanceEngine.ts:140:17)

    console.log
      ExecutiveIntelligenceEngine Started

      at ExecutiveIntelligenceEngine.initialize (Backend/HBOS/Engines/ExecutiveIntelligenceEngine.ts:152:17)

    console.log
      Decision Engine Started

      at DecisionEngine.initialize (Backend/HBOS/Engines/DecisionEngine.ts:14:17)

    console.log
      Project Pilot Engine Started

      at ProjectPilotEngine.initialize (Backend/HBOS/Engines/ProjectPilotEngine.ts:41:17)

    console.log
      Governance Engine Started

      at GovernanceEngine.initialize (Backend/HBOS/Engines/GovernanceEngine.ts:140:17)

    console.log
      AutonomousOperationsEngine Started

      at AutonomousOperationsEngine.initialize (Backend/HBOS/Engines/AutonomousOperationsEngine.ts:152:17)

    console.log
      Knowledge Engine Started

      at KnowledgeEngine.initialize (Backend/HBOS/Engines/KnowledgeEngine.ts:22:17)

PASS Backend/HBOS/test/MultiFormatAcquisition.test.ts (17.113 s)
PASS Backend/HBOS/test/WebProductAcceptancePacing.test.ts
  ● Console

    console.log
      ReasoningEngine Started

      at ReasoningEngine.initialize (Backend/HBOS/Engines/ReasoningEngine.ts:110:17)

    console.log
      Memory Engine Started

      at MemoryEngine.initialize (Backend/HBOS/Engines/MemoryEngine.ts:22:17)

    console.log
      Knowledge Engine Started

      at KnowledgeEngine.initialize (Backend/HBOS/Engines/KnowledgeEngine.ts:22:17)

    console.log
      Project Pilot Engine Started

      at ProjectPilotEngine.initialize (Backend/HBOS/Engines/ProjectPilotEngine.ts:41:17)

    console.log
      ReasoningEngine Started

      at ReasoningEngine.initialize (Backend/HBOS/Engines/ReasoningEngine.ts:110:17)

    console.log
      OrganizationalIntelligenceEngine Started

      at OrganizationalIntelligenceEngine.initialize (Backend/HBOS/Engines/OrganizationalIntelligenceEngine.ts:132:17)

    console.log
      Governance Engine Started

      at GovernanceEngine.initialize (Backend/HBOS/Engines/GovernanceEngine.ts:140:17)

    console.log
      Memory Engine Started

      at MemoryEngine.initialize (Backend/HBOS/Engines/MemoryEngine.ts:22:17)

    console.log
      Memory Engine Started

      at MemoryEngine.initialize (Backend/HBOS/Engines/MemoryEngine.ts:22:17)

    console.log
      Knowledge Engine Started

      at KnowledgeEngine.initialize (Backend/HBOS/Engines/KnowledgeEngine.ts:22:17)

    console.log
      Project Pilot Engine Started

      at ProjectPilotEngine.initialize (Backend/HBOS/Engines/ProjectPilotEngine.ts:41:17)

    console.log
      ReasoningEngine Started

      at ReasoningEngine.initialize (Backend/HBOS/Engines/ReasoningEngine.ts:110:17)

    console.log
      OrganizationalIntelligenceEngine Started

      at OrganizationalIntelligenceEngine.initialize (Backend/HBOS/Engines/OrganizationalIntelligenceEngine.ts:132:17)

    console.log
      Governance Engine Started

      at GovernanceEngine.initialize (Backend/HBOS/Engines/GovernanceEngine.ts:140:17)

    console.log
      ExecutiveIntelligenceEngine Started

      at ExecutiveIntelligenceEngine.initialize (Backend/HBOS/Engines/ExecutiveIntelligenceEngine.ts:152:17)

    console.log
      Decision Engine Started

      at DecisionEngine.initialize (Backend/HBOS/Engines/DecisionEngine.ts:14:17)

    console.log
      Project Pilot Engine Started

      at ProjectPilotEngine.initialize (Backend/HBOS/Engines/ProjectPilotEngine.ts:41:17)

    console.log
      Governance Engine Started

      at GovernanceEngine.initialize (Backend/HBOS/Engines/GovernanceEngine.ts:140:17)

    console.log
      AutonomousOperationsEngine Started

      at AutonomousOperationsEngine.initialize (Backend/HBOS/Engines/AutonomousOperationsEngine.ts:152:17)

    console.log
      Knowledge Engine Started

      at KnowledgeEngine.initialize (Backend/HBOS/Engines/KnowledgeEngine.ts:22:17)

    console.log
      ReasoningEngine Started

      at ReasoningEngine.initialize (Backend/HBOS/Engines/ReasoningEngine.ts:110:17)

    console.log
      Memory Engine Started

      at MemoryEngine.initialize (Backend/HBOS/Engines/MemoryEngine.ts:22:17)

    console.log
      Knowledge Engine Started

      at KnowledgeEngine.initialize (Backend/HBOS/Engines/KnowledgeEngine.ts:22:17)

    console.log
      Project Pilot Engine Started

      at ProjectPilotEngine.initialize (Backend/HBOS/Engines/ProjectPilotEngine.ts:41:17)

    console.log
      ReasoningEngine Started

      at ReasoningEngine.initialize (Backend/HBOS/Engines/ReasoningEngine.ts:110:17)

    console.log
      OrganizationalIntelligenceEngine Started

      at OrganizationalIntelligenceEngine.initialize (Backend/HBOS/Engines/OrganizationalIntelligenceEngine.ts:132:17)

    console.log
      Governance Engine Started

      at GovernanceEngine.initialize (Backend/HBOS/Engines/GovernanceEngine.ts:140:17)

    console.log
      Memory Engine Started

      at MemoryEngine.initialize (Backend/HBOS/Engines/MemoryEngine.ts:22:17)

    console.log
      Memory Engine Started

      at MemoryEngine.initialize (Backend/HBOS/Engines/MemoryEngine.ts:22:17)

    console.log
      Knowledge Engine Started

      at KnowledgeEngine.initialize (Backend/HBOS/Engines/KnowledgeEngine.ts:22:17)

    console.log
      Project Pilot Engine Started

      at ProjectPilotEngine.initialize (Backend/HBOS/Engines/ProjectPilotEngine.ts:41:17)

    console.log
      ReasoningEngine Started

      at ReasoningEngine.initialize (Backend/HBOS/Engines/ReasoningEngine.ts:110:17)

    console.log
      OrganizationalIntelligenceEngine Started

      at OrganizationalIntelligenceEngine.initialize (Backend/HBOS/Engines/OrganizationalIntelligenceEngine.ts:132:17)

    console.log
      Governance Engine Started

      at GovernanceEngine.initialize (Backend/HBOS/Engines/GovernanceEngine.ts:140:17)

    console.log
      ExecutiveIntelligenceEngine Started

      at ExecutiveIntelligenceEngine.initialize (Backend/HBOS/Engines/ExecutiveIntelligenceEngine.ts:152:17)

    console.log
      Decision Engine Started

      at DecisionEngine.initialize (Backend/HBOS/Engines/DecisionEngine.ts:14:17)

    console.log
      Project Pilot Engine Started

      at ProjectPilotEngine.initialize (Backend/HBOS/Engines/ProjectPilotEngine.ts:41:17)

    console.log
      Governance Engine Started

      at GovernanceEngine.initialize (Backend/HBOS/Engines/GovernanceEngine.ts:140:17)

    console.log
      AutonomousOperationsEngine Started

      at AutonomousOperationsEngine.initialize (Backend/HBOS/Engines/AutonomousOperationsEngine.ts:152:17)

    console.log
      Knowledge Engine Started

      at KnowledgeEngine.initialize (Backend/HBOS/Engines/KnowledgeEngine.ts:22:17)

PASS Backend/HBOS/test/SecurityAuditEngine.phase-10-1.5.test.ts (29.694 s)
Error in pixReadStream: Unknown format: no pix returned
PASS Backend/HBOS/test/RuntimePagination.test.ts
  ● Console

    console.log
      ReasoningEngine Started

      at ReasoningEngine.initialize (Backend/HBOS/Engines/ReasoningEngine.ts:110:17)

    console.log
      Memory Engine Started

      at MemoryEngine.initialize (Backend/HBOS/Engines/MemoryEngine.ts:22:17)

    console.log
      Knowledge Engine Started

      at KnowledgeEngine.initialize (Backend/HBOS/Engines/KnowledgeEngine.ts:22:17)

    console.log
      Project Pilot Engine Started

      at ProjectPilotEngine.initialize (Backend/HBOS/Engines/ProjectPilotEngine.ts:41:17)

    console.log
      ReasoningEngine Started

      at ReasoningEngine.initialize (Backend/HBOS/Engines/ReasoningEngine.ts:110:17)

    console.log
      OrganizationalIntelligenceEngine Started

      at OrganizationalIntelligenceEngine.initialize (Backend/HBOS/Engines/OrganizationalIntelligenceEngine.ts:132:17)

    console.log
      Governance Engine Started

      at GovernanceEngine.initialize (Backend/HBOS/Engines/GovernanceEngine.ts:140:17)

    console.log
      Memory Engine Started

      at MemoryEngine.initialize (Backend/HBOS/Engines/MemoryEngine.ts:22:17)

    console.log
      Memory Engine Started

      at MemoryEngine.initialize (Backend/HBOS/Engines/MemoryEngine.ts:22:17)

    console.log
      Knowledge Engine Started

      at KnowledgeEngine.initialize (Backend/HBOS/Engines/KnowledgeEngine.ts:22:17)

    console.log
      Project Pilot Engine Started

      at ProjectPilotEngine.initialize (Backend/HBOS/Engines/ProjectPilotEngine.ts:41:17)

    console.log
      ReasoningEngine Started

      at ReasoningEngine.initialize (Backend/HBOS/Engines/ReasoningEngine.ts:110:17)

    console.log
      OrganizationalIntelligenceEngine Started

      at OrganizationalIntelligenceEngine.initialize (Backend/HBOS/Engines/OrganizationalIntelligenceEngine.ts:132:17)

    console.log
      Governance Engine Started

      at GovernanceEngine.initialize (Backend/HBOS/Engines/GovernanceEngine.ts:140:17)

    console.log
      ExecutiveIntelligenceEngine Started

      at ExecutiveIntelligenceEngine.initialize (Backend/HBOS/Engines/ExecutiveIntelligenceEngine.ts:152:17)

    console.log
      Decision Engine Started

      at DecisionEngine.initialize (Backend/HBOS/Engines/DecisionEngine.ts:14:17)

    console.log
      Project Pilot Engine Started

      at ProjectPilotEngine.initialize (Backend/HBOS/Engines/ProjectPilotEngine.ts:41:17)

    console.log
      Governance Engine Started

      at GovernanceEngine.initialize (Backend/HBOS/Engines/GovernanceEngine.ts:140:17)

    console.log
      AutonomousOperationsEngine Started

      at AutonomousOperationsEngine.initialize (Backend/HBOS/Engines/AutonomousOperationsEngine.ts:152:17)

    console.log
      Knowledge Engine Started

      at KnowledgeEngine.initialize (Backend/HBOS/Engines/KnowledgeEngine.ts:22:17)

    console.log
      ReasoningEngine Started

      at ReasoningEngine.initialize (Backend/HBOS/Engines/ReasoningEngine.ts:110:17)

    console.log
      Memory Engine Started

      at MemoryEngine.initialize (Backend/HBOS/Engines/MemoryEngine.ts:22:17)

    console.log
      Knowledge Engine Started

      at KnowledgeEngine.initialize (Backend/HBOS/Engines/KnowledgeEngine.ts:22:17)

    console.log
      Project Pilot Engine Started

      at ProjectPilotEngine.initialize (Backend/HBOS/Engines/ProjectPilotEngine.ts:41:17)

    console.log
      ReasoningEngine Started

      at ReasoningEngine.initialize (Backend/HBOS/Engines/ReasoningEngine.ts:110:17)

    console.log
      OrganizationalIntelligenceEngine Started

      at OrganizationalIntelligenceEngine.initialize (Backend/HBOS/Engines/OrganizationalIntelligenceEngine.ts:132:17)

    console.log
      Governance Engine Started

      at GovernanceEngine.initialize (Backend/HBOS/Engines/GovernanceEngine.ts:140:17)

    console.log
      Memory Engine Started

      at MemoryEngine.initialize (Backend/HBOS/Engines/MemoryEngine.ts:22:17)

    console.log
      Memory Engine Started

      at MemoryEngine.initialize (Backend/HBOS/Engines/MemoryEngine.ts:22:17)

    console.log
      Knowledge Engine Started

      at KnowledgeEngine.initialize (Backend/HBOS/Engines/KnowledgeEngine.ts:22:17)

    console.log
      Project Pilot Engine Started

      at ProjectPilotEngine.initialize (Backend/HBOS/Engines/ProjectPilotEngine.ts:41:17)

    console.log
      ReasoningEngine Started

      at ReasoningEngine.initialize (Backend/HBOS/Engines/ReasoningEngine.ts:110:17)

    console.log
      OrganizationalIntelligenceEngine Started

      at OrganizationalIntelligenceEngine.initialize (Backend/HBOS/Engines/OrganizationalIntelligenceEngine.ts:132:17)

    console.log
      Governance Engine Started

      at GovernanceEngine.initialize (Backend/HBOS/Engines/GovernanceEngine.ts:140:17)

    console.log
      ExecutiveIntelligenceEngine Started

      at ExecutiveIntelligenceEngine.initialize (Backend/HBOS/Engines/ExecutiveIntelligenceEngine.ts:152:17)

    console.log
      Decision Engine Started

      at DecisionEngine.initialize (Backend/HBOS/Engines/DecisionEngine.ts:14:17)

    console.log
      Project Pilot Engine Started

      at ProjectPilotEngine.initialize (Backend/HBOS/Engines/ProjectPilotEngine.ts:41:17)

    console.log
      Governance Engine Started

      at GovernanceEngine.initialize (Backend/HBOS/Engines/GovernanceEngine.ts:140:17)

    console.log
      AutonomousOperationsEngine Started

      at AutonomousOperationsEngine.initialize (Backend/HBOS/Engines/AutonomousOperationsEngine.ts:152:17)

    console.log
      Knowledge Engine Started

      at KnowledgeEngine.initialize (Backend/HBOS/Engines/KnowledgeEngine.ts:22:17)

    console.log
      ReasoningEngine Started

      at ReasoningEngine.initialize (Backend/HBOS/Engines/ReasoningEngine.ts:110:17)

    console.log
      Memory Engine Started

      at MemoryEngine.initialize (Backend/HBOS/Engines/MemoryEngine.ts:22:17)

    console.log
      Knowledge Engine Started

      at KnowledgeEngine.initialize (Backend/HBOS/Engines/KnowledgeEngine.ts:22:17)

    console.log
      Project Pilot Engine Started

      at ProjectPilotEngine.initialize (Backend/HBOS/Engines/ProjectPilotEngine.ts:41:17)

    console.log
      ReasoningEngine Started

      at ReasoningEngine.initialize (Backend/HBOS/Engines/ReasoningEngine.ts:110:17)

    console.log
      OrganizationalIntelligenceEngine Started

      at OrganizationalIntelligenceEngine.initialize (Backend/HBOS/Engines/OrganizationalIntelligenceEngine.ts:132:17)

    console.log
      Governance Engine Started

      at GovernanceEngine.initialize (Backend/HBOS/Engines/GovernanceEngine.ts:140:17)

    console.log
      Memory Engine Started

      at MemoryEngine.initialize (Backend/HBOS/Engines/MemoryEngine.ts:22:17)

    console.log
      Memory Engine Started

      at MemoryEngine.initialize (Backend/HBOS/Engines/MemoryEngine.ts:22:17)

    console.log
      Knowledge Engine Started

      at KnowledgeEngine.initialize (Backend/HBOS/Engines/KnowledgeEngine.ts:22:17)

    console.log
      Project Pilot Engine Started

      at ProjectPilotEngine.initialize (Backend/HBOS/Engines/ProjectPilotEngine.ts:41:17)

    console.log
      ReasoningEngine Started

      at ReasoningEngine.initialize (Backend/HBOS/Engines/ReasoningEngine.ts:110:17)

    console.log
      OrganizationalIntelligenceEngine Started

      at OrganizationalIntelligenceEngine.initialize (Backend/HBOS/Engines/OrganizationalIntelligenceEngine.ts:132:17)

    console.log
      Governance Engine Started

      at GovernanceEngine.initialize (Backend/HBOS/Engines/GovernanceEngine.ts:140:17)

    console.log
      ExecutiveIntelligenceEngine Started

      at ExecutiveIntelligenceEngine.initialize (Backend/HBOS/Engines/ExecutiveIntelligenceEngine.ts:152:17)

    console.log
      Decision Engine Started

      at DecisionEngine.initialize (Backend/HBOS/Engines/DecisionEngine.ts:14:17)

    console.log
      Project Pilot Engine Started

      at ProjectPilotEngine.initialize (Backend/HBOS/Engines/ProjectPilotEngine.ts:41:17)

    console.log
      Governance Engine Started

      at GovernanceEngine.initialize (Backend/HBOS/Engines/GovernanceEngine.ts:140:17)

    console.log
      AutonomousOperationsEngine Started

      at AutonomousOperationsEngine.initialize (Backend/HBOS/Engines/AutonomousOperationsEngine.ts:152:17)

    console.log
      Knowledge Engine Started

      at KnowledgeEngine.initialize (Backend/HBOS/Engines/KnowledgeEngine.ts:22:17)

    console.log
      ReasoningEngine Started

      at ReasoningEngine.initialize (Backend/HBOS/Engines/ReasoningEngine.ts:110:17)

    console.log
      Memory Engine Started

      at MemoryEngine.initialize (Backend/HBOS/Engines/MemoryEngine.ts:22:17)

    console.log
      Knowledge Engine Started

      at KnowledgeEngine.initialize (Backend/HBOS/Engines/KnowledgeEngine.ts:22:17)

    console.log
      Project Pilot Engine Started

      at ProjectPilotEngine.initialize (Backend/HBOS/Engines/ProjectPilotEngine.ts:41:17)

    console.log
      ReasoningEngine Started

      at ReasoningEngine.initialize (Backend/HBOS/Engines/ReasoningEngine.ts:110:17)

    console.log
      OrganizationalIntelligenceEngine Started

      at OrganizationalIntelligenceEngine.initialize (Backend/HBOS/Engines/OrganizationalIntelligenceEngine.ts:132:17)

    console.log
      Governance Engine Started

      at GovernanceEngine.initialize (Backend/HBOS/Engines/GovernanceEngine.ts:140:17)

    console.log
      Memory Engine Started

      at MemoryEngine.initialize (Backend/HBOS/Engines/MemoryEngine.ts:22:17)

    console.log
      Memory Engine Started

      at MemoryEngine.initialize (Backend/HBOS/Engines/MemoryEngine.ts:22:17)

    console.log
      Knowledge Engine Started

      at KnowledgeEngine.initialize (Backend/HBOS/Engines/KnowledgeEngine.ts:22:17)

    console.log
      Project Pilot Engine Started

      at ProjectPilotEngine.initialize (Backend/HBOS/Engines/ProjectPilotEngine.ts:41:17)

    console.log
      ReasoningEngine Started

      at ReasoningEngine.initialize (Backend/HBOS/Engines/ReasoningEngine.ts:110:17)

    console.log
      OrganizationalIntelligenceEngine Started

      at OrganizationalIntelligenceEngine.initialize (Backend/HBOS/Engines/OrganizationalIntelligenceEngine.ts:132:17)

    console.log
      Governance Engine Started

      at GovernanceEngine.initialize (Backend/HBOS/Engines/GovernanceEngine.ts:140:17)

    console.log
      ExecutiveIntelligenceEngine Started

      at ExecutiveIntelligenceEngine.initialize (Backend/HBOS/Engines/ExecutiveIntelligenceEngine.ts:152:17)

    console.log
      Decision Engine Started

      at DecisionEngine.initialize (Backend/HBOS/Engines/DecisionEngine.ts:14:17)

    console.log
      Project Pilot Engine Started

      at ProjectPilotEngine.initialize (Backend/HBOS/Engines/ProjectPilotEngine.ts:41:17)

    console.log
      Governance Engine Started

      at GovernanceEngine.initialize (Backend/HBOS/Engines/GovernanceEngine.ts:140:17)

    console.log
      AutonomousOperationsEngine Started

      at AutonomousOperationsEngine.initialize (Backend/HBOS/Engines/AutonomousOperationsEngine.ts:152:17)

    console.log
      Knowledge Engine Started

      at KnowledgeEngine.initialize (Backend/HBOS/Engines/KnowledgeEngine.ts:22:17)

PASS Backend/HBOS/test/Phase05C-B.test.ts
FAIL Backend/HBOS/test/OcrAdapter.test.ts (16.245 s)
  ● OcrAdapter (Stage 08-IMG.2) › optional dependency boundary (fail closed) › recognize fails closed with a real 
recognition error on an unreadable image (no fake text)

    thrown: "Exceeded timeout of 5000 ms for a test.
    Add a timeout value to this test to increase the timeout, if this is a long-running test. See 
https://jestjs.io/docs/api#testname-fn-timeout."

    [0m [90m 125 |[39m     })[33m;[39m
     [90m 126 |[39m
    [31m[1m>[22m[39m[90m 127 |[39m     test([32m"recognize fails closed with a real recognition error on an 
unreadable image (no fake text)"[39m[33m,[39m [36masync[39m () [33m=>[39m {
     [90m     |[39m     [31m[1m^[22m[39m
     [90m 128 |[39m       [90m// The OCR provider is admitted and installed, so the honest fail-closed[39m
     [90m 129 |[39m       [90m// boundary is now a real recognition failure — never fabricated text.[39m
     [90m 130 |[39m       [36mconst[39m adapter [33m=[39m [36mnew[39m 
[33mTesseractOcrAdapter[39m()[33m;[39m[0m

      at Backend/HBOS/test/OcrAdapter.test.ts:127:5
      at Backend/HBOS/test/OcrAdapter.test.ts:108:3
      at Object.<anonymous> (Backend/HBOS/test/OcrAdapter.test.ts:33:1)

PASS Backend/HBOS/test/AuthorizationGuard.phase-10-1.4.test.ts
PASS Backend/HBOS/test/RuntimeObservability.test.ts
  ● Console

    console.log
      ReasoningEngine Started

      at ReasoningEngine.initialize (Backend/HBOS/Engines/ReasoningEngine.ts:110:17)

    console.log
      Memory Engine Started

      at MemoryEngine.initialize (Backend/HBOS/Engines/MemoryEngine.ts:22:17)

    console.log
      Knowledge Engine Started

      at KnowledgeEngine.initialize (Backend/HBOS/Engines/KnowledgeEngine.ts:22:17)

    console.log
      Project Pilot Engine Started

      at ProjectPilotEngine.initialize (Backend/HBOS/Engines/ProjectPilotEngine.ts:41:17)

    console.log
      ReasoningEngine Started

      at ReasoningEngine.initialize (Backend/HBOS/Engines/ReasoningEngine.ts:110:17)

    console.log
      OrganizationalIntelligenceEngine Started

      at OrganizationalIntelligenceEngine.initialize (Backend/HBOS/Engines/OrganizationalIntelligenceEngine.ts:132:17)

    console.log
      Governance Engine Started

      at GovernanceEngine.initialize (Backend/HBOS/Engines/GovernanceEngine.ts:140:17)

    console.log
      Memory Engine Started

      at MemoryEngine.initialize (Backend/HBOS/Engines/MemoryEngine.ts:22:17)

    console.log
      Memory Engine Started

      at MemoryEngine.initialize (Backend/HBOS/Engines/MemoryEngine.ts:22:17)

    console.log
      Knowledge Engine Started

      at KnowledgeEngine.initialize (Backend/HBOS/Engines/KnowledgeEngine.ts:22:17)

    console.log
      Project Pilot Engine Started

      at ProjectPilotEngine.initialize (Backend/HBOS/Engines/ProjectPilotEngine.ts:41:17)

    console.log
      ReasoningEngine Started

      at ReasoningEngine.initialize (Backend/HBOS/Engines/ReasoningEngine.ts:110:17)

    console.log
      OrganizationalIntelligenceEngine Started

      at OrganizationalIntelligenceEngine.initialize (Backend/HBOS/Engines/OrganizationalIntelligenceEngine.ts:132:17)

    console.log
      Governance Engine Started

      at GovernanceEngine.initialize (Backend/HBOS/Engines/GovernanceEngine.ts:140:17)

    console.log
      ExecutiveIntelligenceEngine Started

      at ExecutiveIntelligenceEngine.initialize (Backend/HBOS/Engines/ExecutiveIntelligenceEngine.ts:152:17)

    console.log
      Decision Engine Started

      at DecisionEngine.initialize (Backend/HBOS/Engines/DecisionEngine.ts:14:17)

    console.log
      Project Pilot Engine Started

      at ProjectPilotEngine.initialize (Backend/HBOS/Engines/ProjectPilotEngine.ts:41:17)

    console.log
      Governance Engine Started

      at GovernanceEngine.initialize (Backend/HBOS/Engines/GovernanceEngine.ts:140:17)

    console.log
      AutonomousOperationsEngine Started

      at AutonomousOperationsEngine.initialize (Backend/HBOS/Engines/AutonomousOperationsEngine.ts:152:17)

    console.log
      Knowledge Engine Started

      at KnowledgeEngine.initialize (Backend/HBOS/Engines/KnowledgeEngine.ts:22:17)

    console.log
      ReasoningEngine Started

      at ReasoningEngine.initialize (Backend/HBOS/Engines/ReasoningEngine.ts:110:17)

    console.log
      Memory Engine Started

      at MemoryEngine.initialize (Backend/HBOS/Engines/MemoryEngine.ts:22:17)

    console.log
      Knowledge Engine Started

      at KnowledgeEngine.initialize (Backend/HBOS/Engines/KnowledgeEngine.ts:22:17)

    console.log
      Project Pilot Engine Started

      at ProjectPilotEngine.initialize (Backend/HBOS/Engines/ProjectPilotEngine.ts:41:17)

    console.log
      ReasoningEngine Started

      at ReasoningEngine.initialize (Backend/HBOS/Engines/ReasoningEngine.ts:110:17)

    console.log
      OrganizationalIntelligenceEngine Started

      at OrganizationalIntelligenceEngine.initialize (Backend/HBOS/Engines/OrganizationalIntelligenceEngine.ts:132:17)

    console.log
      Governance Engine Started

      at GovernanceEngine.initialize (Backend/HBOS/Engines/GovernanceEngine.ts:140:17)

    console.log
      Memory Engine Started

      at MemoryEngine.initialize (Backend/HBOS/Engines/MemoryEngine.ts:22:17)

    console.log
      Memory Engine Started

      at MemoryEngine.initialize (Backend/HBOS/Engines/MemoryEngine.ts:22:17)

    console.log
      Knowledge Engine Started

      at KnowledgeEngine.initialize (Backend/HBOS/Engines/KnowledgeEngine.ts:22:17)

    console.log
      Project Pilot Engine Started

      at ProjectPilotEngine.initialize (Backend/HBOS/Engines/ProjectPilotEngine.ts:41:17)

    console.log
      ReasoningEngine Started

      at ReasoningEngine.initialize (Backend/HBOS/Engines/ReasoningEngine.ts:110:17)

    console.log
      OrganizationalIntelligenceEngine Started

      at OrganizationalIntelligenceEngine.initialize (Backend/HBOS/Engines/OrganizationalIntelligenceEngine.ts:132:17)

    console.log
      Governance Engine Started

      at GovernanceEngine.initialize (Backend/HBOS/Engines/GovernanceEngine.ts:140:17)

    console.log
      ExecutiveIntelligenceEngine Started

      at ExecutiveIntelligenceEngine.initialize (Backend/HBOS/Engines/ExecutiveIntelligenceEngine.ts:152:17)

    console.log
      Decision Engine Started

      at DecisionEngine.initialize (Backend/HBOS/Engines/DecisionEngine.ts:14:17)

    console.log
      Project Pilot Engine Started

      at ProjectPilotEngine.initialize (Backend/HBOS/Engines/ProjectPilotEngine.ts:41:17)

    console.log
      Governance Engine Started

      at GovernanceEngine.initialize (Backend/HBOS/Engines/GovernanceEngine.ts:140:17)

    console.log
      AutonomousOperationsEngine Started

      at AutonomousOperationsEngine.initialize (Backend/HBOS/Engines/AutonomousOperationsEngine.ts:152:17)

    console.log
      Knowledge Engine Started

      at KnowledgeEngine.initialize (Backend/HBOS/Engines/KnowledgeEngine.ts:22:17)

    console.log
      ReasoningEngine Started

      at ReasoningEngine.initialize (Backend/HBOS/Engines/ReasoningEngine.ts:110:17)

    console.log
      Memory Engine Started

      at MemoryEngine.initialize (Backend/HBOS/Engines/MemoryEngine.ts:22:17)

    console.log
      Knowledge Engine Started

      at KnowledgeEngine.initialize (Backend/HBOS/Engines/KnowledgeEngine.ts:22:17)

    console.log
      Project Pilot Engine Started

      at ProjectPilotEngine.initialize (Backend/HBOS/Engines/ProjectPilotEngine.ts:41:17)

    console.log
      ReasoningEngine Started

      at ReasoningEngine.initialize (Backend/HBOS/Engines/ReasoningEngine.ts:110:17)

    console.log
      OrganizationalIntelligenceEngine Started

      at OrganizationalIntelligenceEngine.initialize (Backend/HBOS/Engines/OrganizationalIntelligenceEngine.ts:132:17)

    console.log
      Governance Engine Started

      at GovernanceEngine.initialize (Backend/HBOS/Engines/GovernanceEngine.ts:140:17)

    console.log
      Memory Engine Started

      at MemoryEngine.initialize (Backend/HBOS/Engines/MemoryEngine.ts:22:17)

    console.log
      Memory Engine Started

      at MemoryEngine.initialize (Backend/HBOS/Engines/MemoryEngine.ts:22:17)

    console.log
      Knowledge Engine Started

      at KnowledgeEngine.initialize (Backend/HBOS/Engines/KnowledgeEngine.ts:22:17)

    console.log
      Project Pilot Engine Started

      at ProjectPilotEngine.initialize (Backend/HBOS/Engines/ProjectPilotEngine.ts:41:17)

    console.log
      ReasoningEngine Started

      at ReasoningEngine.initialize (Backend/HBOS/Engines/ReasoningEngine.ts:110:17)

    console.log
      OrganizationalIntelligenceEngine Started

      at OrganizationalIntelligenceEngine.initialize (Backend/HBOS/Engines/OrganizationalIntelligenceEngine.ts:132:17)

    console.log
      Governance Engine Started

      at GovernanceEngine.initialize (Backend/HBOS/Engines/GovernanceEngine.ts:140:17)

    console.log
      ExecutiveIntelligenceEngine Started

      at ExecutiveIntelligenceEngine.initialize (Backend/HBOS/Engines/ExecutiveIntelligenceEngine.ts:152:17)

    console.log
      Decision Engine Started

      at DecisionEngine.initialize (Backend/HBOS/Engines/DecisionEngine.ts:14:17)

    console.log
      Project Pilot Engine Started

      at ProjectPilotEngine.initialize (Backend/HBOS/Engines/ProjectPilotEngine.ts:41:17)

    console.log
      Governance Engine Started

      at GovernanceEngine.initialize (Backend/HBOS/Engines/GovernanceEngine.ts:140:17)

    console.log
      AutonomousOperationsEngine Started

      at AutonomousOperationsEngine.initialize (Backend/HBOS/Engines/AutonomousOperationsEngine.ts:152:17)

    console.log
      Knowledge Engine Started

      at KnowledgeEngine.initialize (Backend/HBOS/Engines/KnowledgeEngine.ts:22:17)

PASS Backend/HBOS/test/CommercialRuntimeServer.resilience.test.ts
  ● Console

    console.log
      ReasoningEngine Started

      at ReasoningEngine.initialize (Backend/HBOS/Engines/ReasoningEngine.ts:110:17)

    console.log
      Memory Engine Started

      at MemoryEngine.initialize (Backend/HBOS/Engines/MemoryEngine.ts:22:17)

    console.log
      Knowledge Engine Started

      at KnowledgeEngine.initialize (Backend/HBOS/Engines/KnowledgeEngine.ts:22:17)

    console.log
      Project Pilot Engine Started

      at ProjectPilotEngine.initialize (Backend/HBOS/Engines/ProjectPilotEngine.ts:41:17)

    console.log
      ReasoningEngine Started

      at ReasoningEngine.initialize (Backend/HBOS/Engines/ReasoningEngine.ts:110:17)

    console.log
      OrganizationalIntelligenceEngine Started

      at OrganizationalIntelligenceEngine.initialize (Backend/HBOS/Engines/OrganizationalIntelligenceEngine.ts:132:17)

    console.log
      Governance Engine Started

      at GovernanceEngine.initialize (Backend/HBOS/Engines/GovernanceEngine.ts:140:17)

    console.log
      Memory Engine Started

      at MemoryEngine.initialize (Backend/HBOS/Engines/MemoryEngine.ts:22:17)

    console.log
      Memory Engine Started

      at MemoryEngine.initialize (Backend/HBOS/Engines/MemoryEngine.ts:22:17)

    console.log
      Knowledge Engine Started

      at KnowledgeEngine.initialize (Backend/HBOS/Engines/KnowledgeEngine.ts:22:17)

    console.log
      Project Pilot Engine Started

      at ProjectPilotEngine.initialize (Backend/HBOS/Engines/ProjectPilotEngine.ts:41:17)

    console.log
      ReasoningEngine Started

      at ReasoningEngine.initialize (Backend/HBOS/Engines/ReasoningEngine.ts:110:17)

    console.log
      OrganizationalIntelligenceEngine Started

      at OrganizationalIntelligenceEngine.initialize (Backend/HBOS/Engines/OrganizationalIntelligenceEngine.ts:132:17)

    console.log
      Governance Engine Started

      at GovernanceEngine.initialize (Backend/HBOS/Engines/GovernanceEngine.ts:140:17)

    console.log
      ExecutiveIntelligenceEngine Started

      at ExecutiveIntelligenceEngine.initialize (Backend/HBOS/Engines/ExecutiveIntelligenceEngine.ts:152:17)

    console.log
      Decision Engine Started

      at DecisionEngine.initialize (Backend/HBOS/Engines/DecisionEngine.ts:14:17)

    console.log
      Project Pilot Engine Started

      at ProjectPilotEngine.initialize (Backend/HBOS/Engines/ProjectPilotEngine.ts:41:17)

    console.log
      Governance Engine Started

      at GovernanceEngine.initialize (Backend/HBOS/Engines/GovernanceEngine.ts:140:17)

    console.log
      AutonomousOperationsEngine Started

      at AutonomousOperationsEngine.initialize (Backend/HBOS/Engines/AutonomousOperationsEngine.ts:152:17)

    console.log
      Knowledge Engine Started

      at KnowledgeEngine.initialize (Backend/HBOS/Engines/KnowledgeEngine.ts:22:17)

    console.log
      ReasoningEngine Started

      at ReasoningEngine.initialize (Backend/HBOS/Engines/ReasoningEngine.ts:110:17)

    console.log
      Memory Engine Started

      at MemoryEngine.initialize (Backend/HBOS/Engines/MemoryEngine.ts:22:17)

    console.log
      Knowledge Engine Started

      at KnowledgeEngine.initialize (Backend/HBOS/Engines/KnowledgeEngine.ts:22:17)

    console.log
      Project Pilot Engine Started

      at ProjectPilotEngine.initialize (Backend/HBOS/Engines/ProjectPilotEngine.ts:41:17)

    console.log
      ReasoningEngine Started

      at ReasoningEngine.initialize (Backend/HBOS/Engines/ReasoningEngine.ts:110:17)

    console.log
      OrganizationalIntelligenceEngine Started

      at OrganizationalIntelligenceEngine.initialize (Backend/HBOS/Engines/OrganizationalIntelligenceEngine.ts:132:17)

    console.log
      Governance Engine Started

      at GovernanceEngine.initialize (Backend/HBOS/Engines/GovernanceEngine.ts:140:17)

    console.log
      Memory Engine Started

      at MemoryEngine.initialize (Backend/HBOS/Engines/MemoryEngine.ts:22:17)

    console.log
      Memory Engine Started

      at MemoryEngine.initialize (Backend/HBOS/Engines/MemoryEngine.ts:22:17)

    console.log
      Knowledge Engine Started

      at KnowledgeEngine.initialize (Backend/HBOS/Engines/KnowledgeEngine.ts:22:17)

    console.log
      Project Pilot Engine Started

      at ProjectPilotEngine.initialize (Backend/HBOS/Engines/ProjectPilotEngine.ts:41:17)

    console.log
      ReasoningEngine Started

      at ReasoningEngine.initialize (Backend/HBOS/Engines/ReasoningEngine.ts:110:17)

    console.log
      OrganizationalIntelligenceEngine Started

      at OrganizationalIntelligenceEngine.initialize (Backend/HBOS/Engines/OrganizationalIntelligenceEngine.ts:132:17)

    console.log
      Governance Engine Started

      at GovernanceEngine.initialize (Backend/HBOS/Engines/GovernanceEngine.ts:140:17)

    console.log
      ExecutiveIntelligenceEngine Started

      at ExecutiveIntelligenceEngine.initialize (Backend/HBOS/Engines/ExecutiveIntelligenceEngine.ts:152:17)

    console.log
      Decision Engine Started

      at DecisionEngine.initialize (Backend/HBOS/Engines/DecisionEngine.ts:14:17)

    console.log
      Project Pilot Engine Started

      at ProjectPilotEngine.initialize (Backend/HBOS/Engines/ProjectPilotEngine.ts:41:17)

    console.log
      Governance Engine Started

      at GovernanceEngine.initialize (Backend/HBOS/Engines/GovernanceEngine.ts:140:17)

    console.log
      AutonomousOperationsEngine Started

      at AutonomousOperationsEngine.initialize (Backend/HBOS/Engines/AutonomousOperationsEngine.ts:152:17)

    console.log
      Knowledge Engine Started

      at KnowledgeEngine.initialize (Backend/HBOS/Engines/KnowledgeEngine.ts:22:17)

    console.log
      ReasoningEngine Started

      at ReasoningEngine.initialize (Backend/HBOS/Engines/ReasoningEngine.ts:110:17)

    console.log
      Memory Engine Started

      at MemoryEngine.initialize (Backend/HBOS/Engines/MemoryEngine.ts:22:17)

    console.log
      Knowledge Engine Started

      at KnowledgeEngine.initialize (Backend/HBOS/Engines/KnowledgeEngine.ts:22:17)

    console.log
      Project Pilot Engine Started

      at ProjectPilotEngine.initialize (Backend/HBOS/Engines/ProjectPilotEngine.ts:41:17)

    console.log
      ReasoningEngine Started

      at ReasoningEngine.initialize (Backend/HBOS/Engines/ReasoningEngine.ts:110:17)

    console.log
      OrganizationalIntelligenceEngine Started

      at OrganizationalIntelligenceEngine.initialize (Backend/HBOS/Engines/OrganizationalIntelligenceEngine.ts:132:17)

    console.log
      Governance Engine Started

      at GovernanceEngine.initialize (Backend/HBOS/Engines/GovernanceEngine.ts:140:17)

    console.log
      Memory Engine Started

      at MemoryEngine.initialize (Backend/HBOS/Engines/MemoryEngine.ts:22:17)

    console.log
      Memory Engine Started

      at MemoryEngine.initialize (Backend/HBOS/Engines/MemoryEngine.ts:22:17)

    console.log
      Knowledge Engine Started

      at KnowledgeEngine.initialize (Backend/HBOS/Engines/KnowledgeEngine.ts:22:17)

    console.log
      Project Pilot Engine Started

      at ProjectPilotEngine.initialize (Backend/HBOS/Engines/ProjectPilotEngine.ts:41:17)

    console.log
      ReasoningEngine Started

      at ReasoningEngine.initialize (Backend/HBOS/Engines/ReasoningEngine.ts:110:17)

    console.log
      OrganizationalIntelligenceEngine Started

      at OrganizationalIntelligenceEngine.initialize (Backend/HBOS/Engines/OrganizationalIntelligenceEngine.ts:132:17)

    console.log
      Governance Engine Started

      at GovernanceEngine.initialize (Backend/HBOS/Engines/GovernanceEngine.ts:140:17)

    console.log
      ExecutiveIntelligenceEngine Started

      at ExecutiveIntelligenceEngine.initialize (Backend/HBOS/Engines/ExecutiveIntelligenceEngine.ts:152:17)

    console.log
      Decision Engine Started

      at DecisionEngine.initialize (Backend/HBOS/Engines/DecisionEngine.ts:14:17)

    console.log
      Project Pilot Engine Started

      at ProjectPilotEngine.initialize (Backend/HBOS/Engines/ProjectPilotEngine.ts:41:17)

    console.log
      Governance Engine Started

      at GovernanceEngine.initialize (Backend/HBOS/Engines/GovernanceEngine.ts:140:17)

    console.log
      AutonomousOperationsEngine Started

      at AutonomousOperationsEngine.initialize (Backend/HBOS/Engines/AutonomousOperationsEngine.ts:152:17)

    console.log
      Knowledge Engine Started

      at KnowledgeEngine.initialize (Backend/HBOS/Engines/KnowledgeEngine.ts:22:17)

    console.log
      ReasoningEngine Started

      at ReasoningEngine.initialize (Backend/HBOS/Engines/ReasoningEngine.ts:110:17)

    console.log
      Memory Engine Started

      at MemoryEngine.initialize (Backend/HBOS/Engines/MemoryEngine.ts:22:17)

    console.log
      Knowledge Engine Started

      at KnowledgeEngine.initialize (Backend/HBOS/Engines/KnowledgeEngine.ts:22:17)

    console.log
      Project Pilot Engine Started

      at ProjectPilotEngine.initialize (Backend/HBOS/Engines/ProjectPilotEngine.ts:41:17)

    console.log
      ReasoningEngine Started

      at ReasoningEngine.initialize (Backend/HBOS/Engines/ReasoningEngine.ts:110:17)

    console.log
      OrganizationalIntelligenceEngine Started

      at OrganizationalIntelligenceEngine.initialize (Backend/HBOS/Engines/OrganizationalIntelligenceEngine.ts:132:17)

    console.log
      Governance Engine Started

      at GovernanceEngine.initialize (Backend/HBOS/Engines/GovernanceEngine.ts:140:17)

    console.log
      Memory Engine Started

      at MemoryEngine.initialize (Backend/HBOS/Engines/MemoryEngine.ts:22:17)

    console.log
      Memory Engine Started

      at MemoryEngine.initialize (Backend/HBOS/Engines/MemoryEngine.ts:22:17)

    console.log
      Knowledge Engine Started

      at KnowledgeEngine.initialize (Backend/HBOS/Engines/KnowledgeEngine.ts:22:17)

    console.log
      Project Pilot Engine Started

      at ProjectPilotEngine.initialize (Backend/HBOS/Engines/ProjectPilotEngine.ts:41:17)

    console.log
      ReasoningEngine Started

      at ReasoningEngine.initialize (Backend/HBOS/Engines/ReasoningEngine.ts:110:17)

    console.log
      OrganizationalIntelligenceEngine Started

      at OrganizationalIntelligenceEngine.initialize (Backend/HBOS/Engines/OrganizationalIntelligenceEngine.ts:132:17)

    console.log
      Governance Engine Started

      at GovernanceEngine.initialize (Backend/HBOS/Engines/GovernanceEngine.ts:140:17)

    console.log
      ExecutiveIntelligenceEngine Started

      at ExecutiveIntelligenceEngine.initialize (Backend/HBOS/Engines/ExecutiveIntelligenceEngine.ts:152:17)

    console.log
      Decision Engine Started

      at DecisionEngine.initialize (Backend/HBOS/Engines/DecisionEngine.ts:14:17)

    console.log
      Project Pilot Engine Started

      at ProjectPilotEngine.initialize (Backend/HBOS/Engines/ProjectPilotEngine.ts:41:17)

    console.log
      Governance Engine Started

      at GovernanceEngine.initialize (Backend/HBOS/Engines/GovernanceEngine.ts:140:17)

    console.log
      AutonomousOperationsEngine Started

      at AutonomousOperationsEngine.initialize (Backend/HBOS/Engines/AutonomousOperationsEngine.ts:152:17)

    console.log
      Knowledge Engine Started

      at KnowledgeEngine.initialize (Backend/HBOS/Engines/KnowledgeEngine.ts:22:17)

    console.log
      ReasoningEngine Started

      at ReasoningEngine.initialize (Backend/HBOS/Engines/ReasoningEngine.ts:110:17)

    console.log
      Memory Engine Started

      at MemoryEngine.initialize (Backend/HBOS/Engines/MemoryEngine.ts:22:17)

    console.log
      Knowledge Engine Started

      at KnowledgeEngine.initialize (Backend/HBOS/Engines/KnowledgeEngine.ts:22:17)

    console.log
      Project Pilot Engine Started

      at ProjectPilotEngine.initialize (Backend/HBOS/Engines/ProjectPilotEngine.ts:41:17)

    console.log
      ReasoningEngine Started

      at ReasoningEngine.initialize (Backend/HBOS/Engines/ReasoningEngine.ts:110:17)

    console.log
      OrganizationalIntelligenceEngine Started

      at OrganizationalIntelligenceEngine.initialize (Backend/HBOS/Engines/OrganizationalIntelligenceEngine.ts:132:17)

    console.log
      Governance Engine Started

      at GovernanceEngine.initialize (Backend/HBOS/Engines/GovernanceEngine.ts:140:17)

    console.log
      Memory Engine Started

      at MemoryEngine.initialize (Backend/HBOS/Engines/MemoryEngine.ts:22:17)

    console.log
      Memory Engine Started

      at MemoryEngine.initialize (Backend/HBOS/Engines/MemoryEngine.ts:22:17)

    console.log
      Knowledge Engine Started

      at KnowledgeEngine.initialize (Backend/HBOS/Engines/KnowledgeEngine.ts:22:17)

    console.log
      Project Pilot Engine Started

      at ProjectPilotEngine.initialize (Backend/HBOS/Engines/ProjectPilotEngine.ts:41:17)

    console.log
      ReasoningEngine Started

      at ReasoningEngine.initialize (Backend/HBOS/Engines/ReasoningEngine.ts:110:17)

    console.log
      OrganizationalIntelligenceEngine Started

      at OrganizationalIntelligenceEngine.initialize (Backend/HBOS/Engines/OrganizationalIntelligenceEngine.ts:132:17)

    console.log
      Governance Engine Started

      at GovernanceEngine.initialize (Backend/HBOS/Engines/GovernanceEngine.ts:140:17)

    console.log
      ExecutiveIntelligenceEngine Started

      at ExecutiveIntelligenceEngine.initialize (Backend/HBOS/Engines/ExecutiveIntelligenceEngine.ts:152:17)

    console.log
      Decision Engine Started

      at DecisionEngine.initialize (Backend/HBOS/Engines/DecisionEngine.ts:14:17)

    console.log
      Project Pilot Engine Started

      at ProjectPilotEngine.initialize (Backend/HBOS/Engines/ProjectPilotEngine.ts:41:17)

    console.log
      Governance Engine Started

      at GovernanceEngine.initialize (Backend/HBOS/Engines/GovernanceEngine.ts:140:17)

    console.log
      AutonomousOperationsEngine Started

      at AutonomousOperationsEngine.initialize (Backend/HBOS/Engines/AutonomousOperationsEngine.ts:152:17)

    console.log
      Knowledge Engine Started

      at KnowledgeEngine.initialize (Backend/HBOS/Engines/KnowledgeEngine.ts:22:17)

    console.log
      ReasoningEngine Started

      at ReasoningEngine.initialize (Backend/HBOS/Engines/ReasoningEngine.ts:110:17)

    console.log
      Memory Engine Started

      at MemoryEngine.initialize (Backend/HBOS/Engines/MemoryEngine.ts:22:17)

    console.log
      Knowledge Engine Started

      at KnowledgeEngine.initialize (Backend/HBOS/Engines/KnowledgeEngine.ts:22:17)

    console.log
      Project Pilot Engine Started

      at ProjectPilotEngine.initialize (Backend/HBOS/Engines/ProjectPilotEngine.ts:41:17)

    console.log
      ReasoningEngine Started

      at ReasoningEngine.initialize (Backend/HBOS/Engines/ReasoningEngine.ts:110:17)

    console.log
      OrganizationalIntelligenceEngine Started

      at OrganizationalIntelligenceEngine.initialize (Backend/HBOS/Engines/OrganizationalIntelligenceEngine.ts:132:17)

    console.log
      Governance Engine Started

      at GovernanceEngine.initialize (Backend/HBOS/Engines/GovernanceEngine.ts:140:17)

    console.log
      Memory Engine Started

      at MemoryEngine.initialize (Backend/HBOS/Engines/MemoryEngine.ts:22:17)

    console.log
      Memory Engine Started

      at MemoryEngine.initialize (Backend/HBOS/Engines/MemoryEngine.ts:22:17)

    console.log
      Knowledge Engine Started

      at KnowledgeEngine.initialize (Backend/HBOS/Engines/KnowledgeEngine.ts:22:17)

    console.log
      Project Pilot Engine Started

      at ProjectPilotEngine.initialize (Backend/HBOS/Engines/ProjectPilotEngine.ts:41:17)

    console.log
      ReasoningEngine Started

      at ReasoningEngine.initialize (Backend/HBOS/Engines/ReasoningEngine.ts:110:17)

    console.log
      OrganizationalIntelligenceEngine Started

      at OrganizationalIntelligenceEngine.initialize (Backend/HBOS/Engines/OrganizationalIntelligenceEngine.ts:132:17)

    console.log
      Governance Engine Started

      at GovernanceEngine.initialize (Backend/HBOS/Engines/GovernanceEngine.ts:140:17)

    console.log
      ExecutiveIntelligenceEngine Started

      at ExecutiveIntelligenceEngine.initialize (Backend/HBOS/Engines/ExecutiveIntelligenceEngine.ts:152:17)

    console.log
      Decision Engine Started

      at DecisionEngine.initialize (Backend/HBOS/Engines/DecisionEngine.ts:14:17)

    console.log
      Project Pilot Engine Started

      at ProjectPilotEngine.initialize (Backend/HBOS/Engines/ProjectPilotEngine.ts:41:17)

    console.log
      Governance Engine Started

      at GovernanceEngine.initialize (Backend/HBOS/Engines/GovernanceEngine.ts:140:17)

    console.log
      AutonomousOperationsEngine Started

      at AutonomousOperationsEngine.initialize (Backend/HBOS/Engines/AutonomousOperationsEngine.ts:152:17)

    console.log
      Knowledge Engine Started

      at KnowledgeEngine.initialize (Backend/HBOS/Engines/KnowledgeEngine.ts:22:17)

    console.log
      ReasoningEngine Started

      at ReasoningEngine.initialize (Backend/HBOS/Engines/ReasoningEngine.ts:110:17)

    console.log
      Memory Engine Started

      at MemoryEngine.initialize (Backend/HBOS/Engines/MemoryEngine.ts:22:17)

    console.log
      Knowledge Engine Started

      at KnowledgeEngine.initialize (Backend/HBOS/Engines/KnowledgeEngine.ts:22:17)

    console.log
      Project Pilot Engine Started

      at ProjectPilotEngine.initialize (Backend/HBOS/Engines/ProjectPilotEngine.ts:41:17)

    console.log
      ReasoningEngine Started

      at ReasoningEngine.initialize (Backend/HBOS/Engines/ReasoningEngine.ts:110:17)

    console.log
      OrganizationalIntelligenceEngine Started

      at OrganizationalIntelligenceEngine.initialize (Backend/HBOS/Engines/OrganizationalIntelligenceEngine.ts:132:17)

    console.log
      Governance Engine Started

      at GovernanceEngine.initialize (Backend/HBOS/Engines/GovernanceEngine.ts:140:17)

    console.log
      Memory Engine Started

      at MemoryEngine.initialize (Backend/HBOS/Engines/MemoryEngine.ts:22:17)

    console.log
      Memory Engine Started

      at MemoryEngine.initialize (Backend/HBOS/Engines/MemoryEngine.ts:22:17)

    console.log
      Knowledge Engine Started

      at KnowledgeEngine.initialize (Backend/HBOS/Engines/KnowledgeEngine.ts:22:17)

    console.log
      Project Pilot Engine Started

      at ProjectPilotEngine.initialize (Backend/HBOS/Engines/ProjectPilotEngine.ts:41:17)

    console.log
      ReasoningEngine Started

      at ReasoningEngine.initialize (Backend/HBOS/Engines/ReasoningEngine.ts:110:17)

    console.log
      OrganizationalIntelligenceEngine Started

      at OrganizationalIntelligenceEngine.initialize (Backend/HBOS/Engines/OrganizationalIntelligenceEngine.ts:132:17)

    console.log
      Governance Engine Started

      at GovernanceEngine.initialize (Backend/HBOS/Engines/GovernanceEngine.ts:140:17)

    console.log
      ExecutiveIntelligenceEngine Started

      at ExecutiveIntelligenceEngine.initialize (Backend/HBOS/Engines/ExecutiveIntelligenceEngine.ts:152:17)

    console.log
      Decision Engine Started

      at DecisionEngine.initialize (Backend/HBOS/Engines/DecisionEngine.ts:14:17)

    console.log
      Project Pilot Engine Started

      at ProjectPilotEngine.initialize (Backend/HBOS/Engines/ProjectPilotEngine.ts:41:17)

    console.log
      Governance Engine Started

      at GovernanceEngine.initialize (Backend/HBOS/Engines/GovernanceEngine.ts:140:17)

    console.log
      AutonomousOperationsEngine Started

      at AutonomousOperationsEngine.initialize (Backend/HBOS/Engines/AutonomousOperationsEngine.ts:152:17)

    console.log
      Knowledge Engine Started

      at KnowledgeEngine.initialize (Backend/HBOS/Engines/KnowledgeEngine.ts:22:17)

    console.log
      ReasoningEngine Started

      at ReasoningEngine.initialize (Backend/HBOS/Engines/ReasoningEngine.ts:110:17)

    console.log
      Memory Engine Started

      at MemoryEngine.initialize (Backend/HBOS/Engines/MemoryEngine.ts:22:17)

    console.log
      Knowledge Engine Started

      at KnowledgeEngine.initialize (Backend/HBOS/Engines/KnowledgeEngine.ts:22:17)

    console.log
      Project Pilot Engine Started

      at ProjectPilotEngine.initialize (Backend/HBOS/Engines/ProjectPilotEngine.ts:41:17)

    console.log
      ReasoningEngine Started

      at ReasoningEngine.initialize (Backend/HBOS/Engines/ReasoningEngine.ts:110:17)

    console.log
      OrganizationalIntelligenceEngine Started

      at OrganizationalIntelligenceEngine.initialize (Backend/HBOS/Engines/OrganizationalIntelligenceEngine.ts:132:17)

    console.log
      Governance Engine Started

      at GovernanceEngine.initialize (Backend/HBOS/Engines/GovernanceEngine.ts:140:17)

    console.log
      Memory Engine Started

      at MemoryEngine.initialize (Backend/HBOS/Engines/MemoryEngine.ts:22:17)

    console.log
      Memory Engine Started

      at MemoryEngine.initialize (Backend/HBOS/Engines/MemoryEngine.ts:22:17)

    console.log
      Knowledge Engine Started

      at KnowledgeEngine.initialize (Backend/HBOS/Engines/KnowledgeEngine.ts:22:17)

    console.log
      Project Pilot Engine Started

      at ProjectPilotEngine.initialize (Backend/HBOS/Engines/ProjectPilotEngine.ts:41:17)

    console.log
      ReasoningEngine Started

      at ReasoningEngine.initialize (Backend/HBOS/Engines/ReasoningEngine.ts:110:17)

    console.log
      OrganizationalIntelligenceEngine Started

      at OrganizationalIntelligenceEngine.initialize (Backend/HBOS/Engines/OrganizationalIntelligenceEngine.ts:132:17)

    console.log
      Governance Engine Started

      at GovernanceEngine.initialize (Backend/HBOS/Engines/GovernanceEngine.ts:140:17)

    console.log
      ExecutiveIntelligenceEngine Started

      at ExecutiveIntelligenceEngine.initialize (Backend/HBOS/Engines/ExecutiveIntelligenceEngine.ts:152:17)

    console.log
      Decision Engine Started

      at DecisionEngine.initialize (Backend/HBOS/Engines/DecisionEngine.ts:14:17)

    console.log
      Project Pilot Engine Started

      at ProjectPilotEngine.initialize (Backend/HBOS/Engines/ProjectPilotEngine.ts:41:17)

    console.log
      Governance Engine Started

      at GovernanceEngine.initialize (Backend/HBOS/Engines/GovernanceEngine.ts:140:17)

    console.log
      AutonomousOperationsEngine Started

      at AutonomousOperationsEngine.initialize (Backend/HBOS/Engines/AutonomousOperationsEngine.ts:152:17)

    console.log
      Knowledge Engine Started

      at KnowledgeEngine.initialize (Backend/HBOS/Engines/KnowledgeEngine.ts:22:17)

    console.log
      ReasoningEngine Started

      at ReasoningEngine.initialize (Backend/HBOS/Engines/ReasoningEngine.ts:110:17)

    console.log
      Memory Engine Started

      at MemoryEngine.initialize (Backend/HBOS/Engines/MemoryEngine.ts:22:17)

    console.log
      Knowledge Engine Started

      at KnowledgeEngine.initialize (Backend/HBOS/Engines/KnowledgeEngine.ts:22:17)

    console.log
      Project Pilot Engine Started

      at ProjectPilotEngine.initialize (Backend/HBOS/Engines/ProjectPilotEngine.ts:41:17)

    console.log
      ReasoningEngine Started

      at ReasoningEngine.initialize (Backend/HBOS/Engines/ReasoningEngine.ts:110:17)

    console.log
      OrganizationalIntelligenceEngine Started

      at OrganizationalIntelligenceEngine.initialize (Backend/HBOS/Engines/OrganizationalIntelligenceEngine.ts:132:17)

    console.log
      Governance Engine Started

      at GovernanceEngine.initialize (Backend/HBOS/Engines/GovernanceEngine.ts:140:17)

    console.log
      Memory Engine Started

      at MemoryEngine.initialize (Backend/HBOS/Engines/MemoryEngine.ts:22:17)

    console.log
      Memory Engine Started

      at MemoryEngine.initialize (Backend/HBOS/Engines/MemoryEngine.ts:22:17)

    console.log
      Knowledge Engine Started

      at KnowledgeEngine.initialize (Backend/HBOS/Engines/KnowledgeEngine.ts:22:17)

    console.log
      Project Pilot Engine Started

      at ProjectPilotEngine.initialize (Backend/HBOS/Engines/ProjectPilotEngine.ts:41:17)

    console.log
      ReasoningEngine Started

      at ReasoningEngine.initialize (Backend/HBOS/Engines/ReasoningEngine.ts:110:17)

    console.log
      OrganizationalIntelligenceEngine Started

      at OrganizationalIntelligenceEngine.initialize (Backend/HBOS/Engines/OrganizationalIntelligenceEngine.ts:132:17)

    console.log
      Governance Engine Started

      at GovernanceEngine.initialize (Backend/HBOS/Engines/GovernanceEngine.ts:140:17)

    console.log
      ExecutiveIntelligenceEngine Started

      at ExecutiveIntelligenceEngine.initialize (Backend/HBOS/Engines/ExecutiveIntelligenceEngine.ts:152:17)

    console.log
      Decision Engine Started

      at DecisionEngine.initialize (Backend/HBOS/Engines/DecisionEngine.ts:14:17)

    console.log
      Project Pilot Engine Started

      at ProjectPilotEngine.initialize (Backend/HBOS/Engines/ProjectPilotEngine.ts:41:17)

    console.log
      Governance Engine Started

      at GovernanceEngine.initialize (Backend/HBOS/Engines/GovernanceEngine.ts:140:17)

    console.log
      AutonomousOperationsEngine Started

      at AutonomousOperationsEngine.initialize (Backend/HBOS/Engines/AutonomousOperationsEngine.ts:152:17)

    console.log
      Knowledge Engine Started

      at KnowledgeEngine.initialize (Backend/HBOS/Engines/KnowledgeEngine.ts:22:17)

PASS Backend/HBOS/Autonomous/Runtime/LocalConstructionToolset.test.ts
  ● Console

    console.log
      {
        "type": "AUTONOMOUS_REMOTE_ATTESTATION",
        "branch": "fix/autonomous-product-factory",
        "localHead": "aaaaaaaaaaaaaaaaaaaaaaaaaaaaaaaaaaaaaaaa",
        "originTrackingHead": "aaaaaaaaaaaaaaaaaaaaaaaaaaaaaaaaaaaaaaaa",
        "remoteHead": "aaaaaaaaaaaaaaaaaaaaaaaaaaaaaaaaaaaaaaaa",
        "remoteQuery": "git ls-remote origin refs/heads/fix/autonomous-product-factory",
        "trackingRefAuthoritative": false,
        "parity": true,
        "status": "PASS",
        "reason": null,
        "evidence": [
          "localHead=aaaaaaaaaaaaaaaaaaaaaaaaaaaaaaaaaaaaaaaa",
          "originTrackingHead=aaaaaaaaaaaaaaaaaaaaaaaaaaaaaaaaaaaaaaaa (observability only; not authoritative)",
          "remoteHead=aaaaaaaaaaaaaaaaaaaaaaaaaaaaaaaaaaaaaaaa (independent: git ls-remote origin 
refs/heads/fix/autonomous-product-factory)",
          "local HEAD equals independently queried remote branch HEAD; committed content is identical"
        ],
        "timestamp": "2026-09-27T06:48:21.839Z"
      }

      at Object.execute (Backend/HBOS/Autonomous/Runtime/LocalConstructionToolset.ts:535:25)

    console.log
      {
        "type": "AUTONOMOUS_REMOTE_ATTESTATION",
        "branch": "fix/autonomous-product-factory",
        "localHead": "aaaaaaaaaaaaaaaaaaaaaaaaaaaaaaaaaaaaaaaa",
        "originTrackingHead": "aaaaaaaaaaaaaaaaaaaaaaaaaaaaaaaaaaaaaaaa",
        "remoteHead": "bbbbbbbbbbbbbbbbbbbbbbbbbbbbbbbbbbbbbbbb",
        "remoteQuery": "git ls-remote origin refs/heads/fix/autonomous-product-factory",
        "trackingRefAuthoritative": false,
        "parity": false,
        "status": "FAIL",
        "reason": "LOCAL_REMOTE_SHA_MISMATCH",
        "evidence": [
          "localHead=aaaaaaaaaaaaaaaaaaaaaaaaaaaaaaaaaaaaaaaa",
          "originTrackingHead=aaaaaaaaaaaaaaaaaaaaaaaaaaaaaaaaaaaaaaaa (observability only; not authoritative)",
          "remoteHead=bbbbbbbbbbbbbbbbbbbbbbbbbbbbbbbbbbbbbbbb (independent: git ls-remote origin 
refs/heads/fix/autonomous-product-factory)",
          "local HEAD differs from independently queried remote branch HEAD"
        ],
        "timestamp": "2026-09-27T06:48:21.851Z"
      }

      at Object.execute (Backend/HBOS/Autonomous/Runtime/LocalConstructionToolset.ts:535:25)

    console.log
      {
        "type": "AUTONOMOUS_REMOTE_ATTESTATION",
        "branch": "fix/autonomous-product-factory",
        "localHead": "aaaaaaaaaaaaaaaaaaaaaaaaaaaaaaaaaaaaaaaa",
        "originTrackingHead": "aaaaaaaaaaaaaaaaaaaaaaaaaaaaaaaaaaaaaaaa",
        "remoteHead": null,
        "remoteQuery": "git ls-remote origin refs/heads/fix/autonomous-product-factory",
        "trackingRefAuthoritative": false,
        "parity": false,
        "status": "UNVERIFIED",
        "reason": "REMOTE_BRANCH_RESPONSE_MALFORMED_OR_ABSENT",
        "evidence": [
          "git ls-remote returned no valid commit SHA for the target ref"
        ],
        "timestamp": "2026-09-27T06:48:21.854Z"
      }

      at Object.execute (Backend/HBOS/Autonomous/Runtime/LocalConstructionToolset.ts:535:25)

PASS Backend/HBOS/test/IngestionJobStatus.test.ts
  ● Console

    console.log
      ReasoningEngine Started

      at ReasoningEngine.initialize (Backend/HBOS/Engines/ReasoningEngine.ts:110:17)

    console.log
      Memory Engine Started

      at MemoryEngine.initialize (Backend/HBOS/Engines/MemoryEngine.ts:22:17)

    console.log
      Knowledge Engine Started

      at KnowledgeEngine.initialize (Backend/HBOS/Engines/KnowledgeEngine.ts:22:17)

    console.log
      Project Pilot Engine Started

      at ProjectPilotEngine.initialize (Backend/HBOS/Engines/ProjectPilotEngine.ts:41:17)

    console.log
      ReasoningEngine Started

      at ReasoningEngine.initialize (Backend/HBOS/Engines/ReasoningEngine.ts:110:17)

    console.log
      OrganizationalIntelligenceEngine Started

      at OrganizationalIntelligenceEngine.initialize (Backend/HBOS/Engines/OrganizationalIntelligenceEngine.ts:132:17)

    console.log
      Governance Engine Started

      at GovernanceEngine.initialize (Backend/HBOS/Engines/GovernanceEngine.ts:140:17)

    console.log
      Memory Engine Started

      at MemoryEngine.initialize (Backend/HBOS/Engines/MemoryEngine.ts:22:17)

    console.log
      Memory Engine Started

      at MemoryEngine.initialize (Backend/HBOS/Engines/MemoryEngine.ts:22:17)

    console.log
      Knowledge Engine Started

      at KnowledgeEngine.initialize (Backend/HBOS/Engines/KnowledgeEngine.ts:22:17)

    console.log
      Project Pilot Engine Started

      at ProjectPilotEngine.initialize (Backend/HBOS/Engines/ProjectPilotEngine.ts:41:17)

    console.log
      ReasoningEngine Started

      at ReasoningEngine.initialize (Backend/HBOS/Engines/ReasoningEngine.ts:110:17)

    console.log
      OrganizationalIntelligenceEngine Started

      at OrganizationalIntelligenceEngine.initialize (Backend/HBOS/Engines/OrganizationalIntelligenceEngine.ts:132:17)

    console.log
      Governance Engine Started

      at GovernanceEngine.initialize (Backend/HBOS/Engines/GovernanceEngine.ts:140:17)

    console.log
      ExecutiveIntelligenceEngine Started

      at ExecutiveIntelligenceEngine.initialize (Backend/HBOS/Engines/ExecutiveIntelligenceEngine.ts:152:17)

    console.log
      Decision Engine Started

      at DecisionEngine.initialize (Backend/HBOS/Engines/DecisionEngine.ts:14:17)

    console.log
      Project Pilot Engine Started

      at ProjectPilotEngine.initialize (Backend/HBOS/Engines/ProjectPilotEngine.ts:41:17)

    console.log
      Governance Engine Started

      at GovernanceEngine.initialize (Backend/HBOS/Engines/GovernanceEngine.ts:140:17)

    console.log
      AutonomousOperationsEngine Started

      at AutonomousOperationsEngine.initialize (Backend/HBOS/Engines/AutonomousOperationsEngine.ts:152:17)

    console.log
      Knowledge Engine Started

      at KnowledgeEngine.initialize (Backend/HBOS/Engines/KnowledgeEngine.ts:22:17)

    console.log
      ReasoningEngine Started

      at ReasoningEngine.initialize (Backend/HBOS/Engines/ReasoningEngine.ts:110:17)

    console.log
      Memory Engine Started

      at MemoryEngine.initialize (Backend/HBOS/Engines/MemoryEngine.ts:22:17)

    console.log
      Knowledge Engine Started

      at KnowledgeEngine.initialize (Backend/HBOS/Engines/KnowledgeEngine.ts:22:17)

    console.log
      Project Pilot Engine Started

      at ProjectPilotEngine.initialize (Backend/HBOS/Engines/ProjectPilotEngine.ts:41:17)

    console.log
      ReasoningEngine Started

      at ReasoningEngine.initialize (Backend/HBOS/Engines/ReasoningEngine.ts:110:17)

    console.log
      OrganizationalIntelligenceEngine Started

      at OrganizationalIntelligenceEngine.initialize (Backend/HBOS/Engines/OrganizationalIntelligenceEngine.ts:132:17)

    console.log
      Governance Engine Started

      at GovernanceEngine.initialize (Backend/HBOS/Engines/GovernanceEngine.ts:140:17)

    console.log
      Memory Engine Started

      at MemoryEngine.initialize (Backend/HBOS/Engines/MemoryEngine.ts:22:17)

    console.log
      Memory Engine Started

      at MemoryEngine.initialize (Backend/HBOS/Engines/MemoryEngine.ts:22:17)

    console.log
      Knowledge Engine Started

      at KnowledgeEngine.initialize (Backend/HBOS/Engines/KnowledgeEngine.ts:22:17)

    console.log
      Project Pilot Engine Started

      at ProjectPilotEngine.initialize (Backend/HBOS/Engines/ProjectPilotEngine.ts:41:17)

    console.log
      ReasoningEngine Started

      at ReasoningEngine.initialize (Backend/HBOS/Engines/ReasoningEngine.ts:110:17)

    console.log
      OrganizationalIntelligenceEngine Started

      at OrganizationalIntelligenceEngine.initialize (Backend/HBOS/Engines/OrganizationalIntelligenceEngine.ts:132:17)

    console.log
      Governance Engine Started

      at GovernanceEngine.initialize (Backend/HBOS/Engines/GovernanceEngine.ts:140:17)

    console.log
      ExecutiveIntelligenceEngine Started

      at ExecutiveIntelligenceEngine.initialize (Backend/HBOS/Engines/ExecutiveIntelligenceEngine.ts:152:17)

    console.log
      Decision Engine Started

      at DecisionEngine.initialize (Backend/HBOS/Engines/DecisionEngine.ts:14:17)

    console.log
      Project Pilot Engine Started

      at ProjectPilotEngine.initialize (Backend/HBOS/Engines/ProjectPilotEngine.ts:41:17)

    console.log
      Governance Engine Started

      at GovernanceEngine.initialize (Backend/HBOS/Engines/GovernanceEngine.ts:140:17)

    console.log
      AutonomousOperationsEngine Started

      at AutonomousOperationsEngine.initialize (Backend/HBOS/Engines/AutonomousOperationsEngine.ts:152:17)

    console.log
      Knowledge Engine Started

      at KnowledgeEngine.initialize (Backend/HBOS/Engines/KnowledgeEngine.ts:22:17)

PASS Backend/HBOS/test/RetentionBackup.test.ts (5.057 s)
PASS Backend/HBOS/test/GovernanceEngine.phase-11-1.6.test.ts
  ● Console

    console.log
      Governance Engine Started

      at GovernanceEngine.initialize (Backend/HBOS/Engines/GovernanceEngine.ts:140:17)

    console.log
      Governance Engine Started

      at GovernanceEngine.initialize (Backend/HBOS/Engines/GovernanceEngine.ts:140:17)

    console.log
      Governance Engine Started

      at GovernanceEngine.initialize (Backend/HBOS/Engines/GovernanceEngine.ts:140:17)

    console.log
      Governance Engine Started

      at GovernanceEngine.initialize (Backend/HBOS/Engines/GovernanceEngine.ts:140:17)

    console.log
      Governance Engine Started

      at GovernanceEngine.initialize (Backend/HBOS/Engines/GovernanceEngine.ts:140:17)

    console.log
      Governance Engine Started

      at GovernanceEngine.initialize (Backend/HBOS/Engines/GovernanceEngine.ts:140:17)

    console.log
      Governance Engine Started

      at GovernanceEngine.initialize (Backend/HBOS/Engines/GovernanceEngine.ts:140:17)

    console.log
      Governance Engine Started

      at GovernanceEngine.initialize (Backend/HBOS/Engines/GovernanceEngine.ts:140:17)

    console.log
      Governance Engine Started

      at GovernanceEngine.initialize (Backend/HBOS/Engines/GovernanceEngine.ts:140:17)

    console.log
      Governance Engine Started

      at GovernanceEngine.initialize (Backend/HBOS/Engines/GovernanceEngine.ts:140:17)

    console.log
      Governance Engine Started

      at GovernanceEngine.initialize (Backend/HBOS/Engines/GovernanceEngine.ts:140:17)

    console.log
      Governance Engine Started

      at GovernanceEngine.initialize (Backend/HBOS/Engines/GovernanceEngine.ts:140:17)

    console.log
      Governance Engine Started

      at GovernanceEngine.initialize (Backend/HBOS/Engines/GovernanceEngine.ts:140:17)

    console.log
      Governance Engine Started

      at GovernanceEngine.initialize (Backend/HBOS/Engines/GovernanceEngine.ts:140:17)

    console.log
      Governance Engine Started

      at GovernanceEngine.initialize (Backend/HBOS/Engines/GovernanceEngine.ts:140:17)

    console.log
      Governance Engine Started

      at GovernanceEngine.initialize (Backend/HBOS/Engines/GovernanceEngine.ts:140:17)

    console.log
      Governance Engine Started

      at GovernanceEngine.initialize (Backend/HBOS/Engines/GovernanceEngine.ts:140:17)

    console.log
      Governance Engine Started

      at GovernanceEngine.initialize (Backend/HBOS/Engines/GovernanceEngine.ts:140:17)

    console.log
      Governance Engine Started

      at GovernanceEngine.initialize (Backend/HBOS/Engines/GovernanceEngine.ts:140:17)

    console.log
      Governance Engine Started

      at GovernanceEngine.initialize (Backend/HBOS/Engines/GovernanceEngine.ts:140:17)

    console.log
      Governance Engine Started

      at GovernanceEngine.initialize (Backend/HBOS/Engines/GovernanceEngine.ts:140:17)

PASS Backend/HBOS/test/AutonomousPlatformWeaving.test.ts (6.565 s)
{"type":"ANDROID_ACCEPTANCE_EVIDENCE","status":"BLOCKED","error":"ANDROID_ACCEPTANCE_UNKNOWN_STEP:totally-made-up-step"
}
{"type":"ANDROID_ACCEPTANCE_EVIDENCE","status":"BLOCKED","error":"ANDROID_ACCEPTANCE_EVIDENCE_INCOMPLETE:main-activity-
visible"}
{"type":"ANDROID_ACCEPTANCE_EVIDENCE","status":"BLOCKED","error":"ANDROID_ACCEPTANCE_EVIDENCE_INVALID:ANDROID_PRODUCT_A
CCEPTANCE_SUCCESS/IN_PROGRESS"}
{"type":"ANDROID_ACCEPTANCE_EVIDENCE","status":"BLOCKED","error":"ANDROID_ACCEPTANCE_EVIDENCE_INVALID:ANDROID_PRODUCT_A
CCEPTANCE_SUCCESS/IN_PROGRESS"}
{"type":"ANDROID_ACCEPTANCE_EVIDENCE","status":"BLOCKED","error":"ANDROID_ACCEPTANCE_EVIDENCE_MISSING"}
PASS Backend/HBOS/test/OrganizationalProblemSolvingRuntime.test.ts (29.068 s)
  ● Console

    console.log
      ReasoningEngine Started

      at ReasoningEngine.initialize (Backend/HBOS/Engines/ReasoningEngine.ts:110:17)

    console.log
      Memory Engine Started

      at MemoryEngine.initialize (Backend/HBOS/Engines/MemoryEngine.ts:22:17)

    console.log
      Knowledge Engine Started

      at KnowledgeEngine.initialize (Backend/HBOS/Engines/KnowledgeEngine.ts:22:17)

    console.log
      Project Pilot Engine Started

      at ProjectPilotEngine.initialize (Backend/HBOS/Engines/ProjectPilotEngine.ts:41:17)

    console.log
      ReasoningEngine Started

      at ReasoningEngine.initialize (Backend/HBOS/Engines/ReasoningEngine.ts:110:17)

    console.log
      OrganizationalIntelligenceEngine Started

      at OrganizationalIntelligenceEngine.initialize (Backend/HBOS/Engines/OrganizationalIntelligenceEngine.ts:132:17)

    console.log
      Governance Engine Started

      at GovernanceEngine.initialize (Backend/HBOS/Engines/GovernanceEngine.ts:140:17)

    console.log
      Memory Engine Started

      at MemoryEngine.initialize (Backend/HBOS/Engines/MemoryEngine.ts:22:17)

    console.log
      Memory Engine Started

      at MemoryEngine.initialize (Backend/HBOS/Engines/MemoryEngine.ts:22:17)

    console.log
      Knowledge Engine Started

      at KnowledgeEngine.initialize (Backend/HBOS/Engines/KnowledgeEngine.ts:22:17)

    console.log
      Project Pilot Engine Started

      at ProjectPilotEngine.initialize (Backend/HBOS/Engines/ProjectPilotEngine.ts:41:17)

    console.log
      ReasoningEngine Started

      at ReasoningEngine.initialize (Backend/HBOS/Engines/ReasoningEngine.ts:110:17)

    console.log
      OrganizationalIntelligenceEngine Started

      at OrganizationalIntelligenceEngine.initialize (Backend/HBOS/Engines/OrganizationalIntelligenceEngine.ts:132:17)

    console.log
      Governance Engine Started

      at GovernanceEngine.initialize (Backend/HBOS/Engines/GovernanceEngine.ts:140:17)

    console.log
      ExecutiveIntelligenceEngine Started

      at ExecutiveIntelligenceEngine.initialize (Backend/HBOS/Engines/ExecutiveIntelligenceEngine.ts:152:17)

    console.log
      Decision Engine Started

      at DecisionEngine.initialize (Backend/HBOS/Engines/DecisionEngine.ts:14:17)

    console.log
      Project Pilot Engine Started

      at ProjectPilotEngine.initialize (Backend/HBOS/Engines/ProjectPilotEngine.ts:41:17)

    console.log
      Governance Engine Started

      at GovernanceEngine.initialize (Backend/HBOS/Engines/GovernanceEngine.ts:140:17)

    console.log
      AutonomousOperationsEngine Started

      at AutonomousOperationsEngine.initialize (Backend/HBOS/Engines/AutonomousOperationsEngine.ts:152:17)

    console.log
      Knowledge Engine Started

      at KnowledgeEngine.initialize (Backend/HBOS/Engines/KnowledgeEngine.ts:22:17)

    console.log
      ReasoningEngine Started

      at ReasoningEngine.initialize (Backend/HBOS/Engines/ReasoningEngine.ts:110:17)

    console.log
      Memory Engine Started

      at MemoryEngine.initialize (Backend/HBOS/Engines/MemoryEngine.ts:22:17)

    console.log
      Knowledge Engine Started

      at KnowledgeEngine.initialize (Backend/HBOS/Engines/KnowledgeEngine.ts:22:17)

    console.log
      Project Pilot Engine Started

      at ProjectPilotEngine.initialize (Backend/HBOS/Engines/ProjectPilotEngine.ts:41:17)

    console.log
      ReasoningEngine Started

      at ReasoningEngine.initialize (Backend/HBOS/Engines/ReasoningEngine.ts:110:17)

    console.log
      OrganizationalIntelligenceEngine Started

      at OrganizationalIntelligenceEngine.initialize (Backend/HBOS/Engines/OrganizationalIntelligenceEngine.ts:132:17)

    console.log
      Governance Engine Started

      at GovernanceEngine.initialize (Backend/HBOS/Engines/GovernanceEngine.ts:140:17)

    console.log
      Memory Engine Started

      at MemoryEngine.initialize (Backend/HBOS/Engines/MemoryEngine.ts:22:17)

    console.log
      Memory Engine Started

      at MemoryEngine.initialize (Backend/HBOS/Engines/MemoryEngine.ts:22:17)

    console.log
      Knowledge Engine Started

      at KnowledgeEngine.initialize (Backend/HBOS/Engines/KnowledgeEngine.ts:22:17)

    console.log
      Project Pilot Engine Started

      at ProjectPilotEngine.initialize (Backend/HBOS/Engines/ProjectPilotEngine.ts:41:17)

    console.log
      ReasoningEngine Started

      at ReasoningEngine.initialize (Backend/HBOS/Engines/ReasoningEngine.ts:110:17)

    console.log
      OrganizationalIntelligenceEngine Started

      at OrganizationalIntelligenceEngine.initialize (Backend/HBOS/Engines/OrganizationalIntelligenceEngine.ts:132:17)

    console.log
      Governance Engine Started

      at GovernanceEngine.initialize (Backend/HBOS/Engines/GovernanceEngine.ts:140:17)

    console.log
      ExecutiveIntelligenceEngine Started

      at ExecutiveIntelligenceEngine.initialize (Backend/HBOS/Engines/ExecutiveIntelligenceEngine.ts:152:17)

    console.log
      Decision Engine Started

      at DecisionEngine.initialize (Backend/HBOS/Engines/DecisionEngine.ts:14:17)

    console.log
      Project Pilot Engine Started

      at ProjectPilotEngine.initialize (Backend/HBOS/Engines/ProjectPilotEngine.ts:41:17)

    console.log
      Governance Engine Started

      at GovernanceEngine.initialize (Backend/HBOS/Engines/GovernanceEngine.ts:140:17)

    console.log
      AutonomousOperationsEngine Started

      at AutonomousOperationsEngine.initialize (Backend/HBOS/Engines/AutonomousOperationsEngine.ts:152:17)

    console.log
      Knowledge Engine Started

      at KnowledgeEngine.initialize (Backend/HBOS/Engines/KnowledgeEngine.ts:22:17)

    console.log
      ReasoningEngine Started

      at ReasoningEngine.initialize (Backend/HBOS/Engines/ReasoningEngine.ts:110:17)

    console.log
      Memory Engine Started

      at MemoryEngine.initialize (Backend/HBOS/Engines/MemoryEngine.ts:22:17)

    console.log
      Knowledge Engine Started

      at KnowledgeEngine.initialize (Backend/HBOS/Engines/KnowledgeEngine.ts:22:17)

    console.log
      Project Pilot Engine Started

      at ProjectPilotEngine.initialize (Backend/HBOS/Engines/ProjectPilotEngine.ts:41:17)

    console.log
      ReasoningEngine Started

      at ReasoningEngine.initialize (Backend/HBOS/Engines/ReasoningEngine.ts:110:17)

    console.log
      OrganizationalIntelligenceEngine Started

      at OrganizationalIntelligenceEngine.initialize (Backend/HBOS/Engines/OrganizationalIntelligenceEngine.ts:132:17)

    console.log
      Governance Engine Started

      at GovernanceEngine.initialize (Backend/HBOS/Engines/GovernanceEngine.ts:140:17)

    console.log
      Memory Engine Started

      at MemoryEngine.initialize (Backend/HBOS/Engines/MemoryEngine.ts:22:17)

    console.log
      Memory Engine Started

      at MemoryEngine.initialize (Backend/HBOS/Engines/MemoryEngine.ts:22:17)

    console.log
      Knowledge Engine Started

      at KnowledgeEngine.initialize (Backend/HBOS/Engines/KnowledgeEngine.ts:22:17)

    console.log
      Project Pilot Engine Started

      at ProjectPilotEngine.initialize (Backend/HBOS/Engines/ProjectPilotEngine.ts:41:17)

    console.log
      ReasoningEngine Started

      at ReasoningEngine.initialize (Backend/HBOS/Engines/ReasoningEngine.ts:110:17)

    console.log
      OrganizationalIntelligenceEngine Started

      at OrganizationalIntelligenceEngine.initialize (Backend/HBOS/Engines/OrganizationalIntelligenceEngine.ts:132:17)

    console.log
      Governance Engine Started

      at GovernanceEngine.initialize (Backend/HBOS/Engines/GovernanceEngine.ts:140:17)

    console.log
      ExecutiveIntelligenceEngine Started

      at ExecutiveIntelligenceEngine.initialize (Backend/HBOS/Engines/ExecutiveIntelligenceEngine.ts:152:17)

    console.log
      Decision Engine Started

      at DecisionEngine.initialize (Backend/HBOS/Engines/DecisionEngine.ts:14:17)

    console.log
      Project Pilot Engine Started

      at ProjectPilotEngine.initialize (Backend/HBOS/Engines/ProjectPilotEngine.ts:41:17)

    console.log
      Governance Engine Started

      at GovernanceEngine.initialize (Backend/HBOS/Engines/GovernanceEngine.ts:140:17)

    console.log
      AutonomousOperationsEngine Started

      at AutonomousOperationsEngine.initialize (Backend/HBOS/Engines/AutonomousOperationsEngine.ts:152:17)

    console.log
      Knowledge Engine Started

      at KnowledgeEngine.initialize (Backend/HBOS/Engines/KnowledgeEngine.ts:22:17)

    console.log
      ReasoningEngine Started

      at ReasoningEngine.initialize (Backend/HBOS/Engines/ReasoningEngine.ts:110:17)

    console.log
      Memory Engine Started

      at MemoryEngine.initialize (Backend/HBOS/Engines/MemoryEngine.ts:22:17)

    console.log
      Knowledge Engine Started

      at KnowledgeEngine.initialize (Backend/HBOS/Engines/KnowledgeEngine.ts:22:17)

    console.log
      Project Pilot Engine Started

      at ProjectPilotEngine.initialize (Backend/HBOS/Engines/ProjectPilotEngine.ts:41:17)

    console.log
      ReasoningEngine Started

      at ReasoningEngine.initialize (Backend/HBOS/Engines/ReasoningEngine.ts:110:17)

    console.log
      OrganizationalIntelligenceEngine Started

      at OrganizationalIntelligenceEngine.initialize (Backend/HBOS/Engines/OrganizationalIntelligenceEngine.ts:132:17)

    console.log
      Governance Engine Started

      at GovernanceEngine.initialize (Backend/HBOS/Engines/GovernanceEngine.ts:140:17)

    console.log
      Memory Engine Started

      at MemoryEngine.initialize (Backend/HBOS/Engines/MemoryEngine.ts:22:17)

    console.log
      Memory Engine Started

      at MemoryEngine.initialize (Backend/HBOS/Engines/MemoryEngine.ts:22:17)

    console.log
      Knowledge Engine Started

      at KnowledgeEngine.initialize (Backend/HBOS/Engines/KnowledgeEngine.ts:22:17)

    console.log
      Project Pilot Engine Started

      at ProjectPilotEngine.initialize (Backend/HBOS/Engines/ProjectPilotEngine.ts:41:17)

    console.log
      ReasoningEngine Started

      at ReasoningEngine.initialize (Backend/HBOS/Engines/ReasoningEngine.ts:110:17)

    console.log
      OrganizationalIntelligenceEngine Started

      at OrganizationalIntelligenceEngine.initialize (Backend/HBOS/Engines/OrganizationalIntelligenceEngine.ts:132:17)

    console.log
      Governance Engine Started

      at GovernanceEngine.initialize (Backend/HBOS/Engines/GovernanceEngine.ts:140:17)

    console.log
      ExecutiveIntelligenceEngine Started

      at ExecutiveIntelligenceEngine.initialize (Backend/HBOS/Engines/ExecutiveIntelligenceEngine.ts:152:17)

    console.log
      Decision Engine Started

      at DecisionEngine.initialize (Backend/HBOS/Engines/DecisionEngine.ts:14:17)

    console.log
      Project Pilot Engine Started

      at ProjectPilotEngine.initialize (Backend/HBOS/Engines/ProjectPilotEngine.ts:41:17)

    console.log
      Governance Engine Started

      at GovernanceEngine.initialize (Backend/HBOS/Engines/GovernanceEngine.ts:140:17)

    console.log
      AutonomousOperationsEngine Started

      at AutonomousOperationsEngine.initialize (Backend/HBOS/Engines/AutonomousOperationsEngine.ts:152:17)

    console.log
      Knowledge Engine Started

      at KnowledgeEngine.initialize (Backend/HBOS/Engines/KnowledgeEngine.ts:22:17)

PASS Backend/HBOS/test/CapabilityProviderRegistry.test.ts
PASS Backend/HBOS/test/HealthMonitorEngine.phase-11-1.1.test.ts
[KILO] EXECUTION_STARTED
[KILO] PROCESS_STARTED pid=1964 command=cmd.exe
[KILO] HEARTBEAT pid=1964 state=RUNNING elapsedSeconds=3
PASS Backend/HBOS/test/AndroidAcceptanceEvidence.test.ts (76.621 s)
[KILO] HEARTBEAT pid=1964 state=RUNNING elapsedSeconds=9
PASS Backend/HBOS/test/SecurityAuditEngine.phase-10-1.2.test.ts (131.678 s)
PASS Backend/HBOS/test/DocumentTableExtractor.test.ts
PASS Backend/HBOS/test/ReportsExportRuntime.test.ts
  ● Console

    console.log
      ReasoningEngine Started

      at ReasoningEngine.initialize (Backend/HBOS/Engines/ReasoningEngine.ts:110:17)

    console.log
      Memory Engine Started

      at MemoryEngine.initialize (Backend/HBOS/Engines/MemoryEngine.ts:22:17)

    console.log
      Knowledge Engine Started

      at KnowledgeEngine.initialize (Backend/HBOS/Engines/KnowledgeEngine.ts:22:17)

    console.log
      Project Pilot Engine Started

      at ProjectPilotEngine.initialize (Backend/HBOS/Engines/ProjectPilotEngine.ts:41:17)

    console.log
      ReasoningEngine Started

      at ReasoningEngine.initialize (Backend/HBOS/Engines/ReasoningEngine.ts:110:17)

    console.log
      OrganizationalIntelligenceEngine Started

      at OrganizationalIntelligenceEngine.initialize (Backend/HBOS/Engines/OrganizationalIntelligenceEngine.ts:132:17)

    console.log
      Governance Engine Started

      at GovernanceEngine.initialize (Backend/HBOS/Engines/GovernanceEngine.ts:140:17)

    console.log
      Memory Engine Started

      at MemoryEngine.initialize (Backend/HBOS/Engines/MemoryEngine.ts:22:17)

    console.log
      Memory Engine Started

      at MemoryEngine.initialize (Backend/HBOS/Engines/MemoryEngine.ts:22:17)

    console.log
      Knowledge Engine Started

      at KnowledgeEngine.initialize (Backend/HBOS/Engines/KnowledgeEngine.ts:22:17)

    console.log
      Project Pilot Engine Started

      at ProjectPilotEngine.initialize (Backend/HBOS/Engines/ProjectPilotEngine.ts:41:17)

    console.log
      ReasoningEngine Started

      at ReasoningEngine.initialize (Backend/HBOS/Engines/ReasoningEngine.ts:110:17)

    console.log
      OrganizationalIntelligenceEngine Started

      at OrganizationalIntelligenceEngine.initialize (Backend/HBOS/Engines/OrganizationalIntelligenceEngine.ts:132:17)

    console.log
      Governance Engine Started

      at GovernanceEngine.initialize (Backend/HBOS/Engines/GovernanceEngine.ts:140:17)

    console.log
      ExecutiveIntelligenceEngine Started

      at ExecutiveIntelligenceEngine.initialize (Backend/HBOS/Engines/ExecutiveIntelligenceEngine.ts:152:17)

    console.log
      Decision Engine Started

      at DecisionEngine.initialize (Backend/HBOS/Engines/DecisionEngine.ts:14:17)

    console.log
      Project Pilot Engine Started

      at ProjectPilotEngine.initialize (Backend/HBOS/Engines/ProjectPilotEngine.ts:41:17)

    console.log
      Governance Engine Started

      at GovernanceEngine.initialize (Backend/HBOS/Engines/GovernanceEngine.ts:140:17)

    console.log
      AutonomousOperationsEngine Started

      at AutonomousOperationsEngine.initialize (Backend/HBOS/Engines/AutonomousOperationsEngine.ts:152:17)

    console.log
      Knowledge Engine Started

      at KnowledgeEngine.initialize (Backend/HBOS/Engines/KnowledgeEngine.ts:22:17)

    console.log
      ReasoningEngine Started

      at ReasoningEngine.initialize (Backend/HBOS/Engines/ReasoningEngine.ts:110:17)

    console.log
      Memory Engine Started

      at MemoryEngine.initialize (Backend/HBOS/Engines/MemoryEngine.ts:22:17)

    console.log
      Knowledge Engine Started

      at KnowledgeEngine.initialize (Backend/HBOS/Engines/KnowledgeEngine.ts:22:17)

    console.log
      Project Pilot Engine Started

      at ProjectPilotEngine.initialize (Backend/HBOS/Engines/ProjectPilotEngine.ts:41:17)

    console.log
      ReasoningEngine Started

      at ReasoningEngine.initialize (Backend/HBOS/Engines/ReasoningEngine.ts:110:17)

    console.log
      OrganizationalIntelligenceEngine Started

      at OrganizationalIntelligenceEngine.initialize (Backend/HBOS/Engines/OrganizationalIntelligenceEngine.ts:132:17)

    console.log
      Governance Engine Started

      at GovernanceEngine.initialize (Backend/HBOS/Engines/GovernanceEngine.ts:140:17)

    console.log
      Memory Engine Started

      at MemoryEngine.initialize (Backend/HBOS/Engines/MemoryEngine.ts:22:17)

    console.log
      Memory Engine Started

      at MemoryEngine.initialize (Backend/HBOS/Engines/MemoryEngine.ts:22:17)

    console.log
      Knowledge Engine Started

      at KnowledgeEngine.initialize (Backend/HBOS/Engines/KnowledgeEngine.ts:22:17)

    console.log
      Project Pilot Engine Started

      at ProjectPilotEngine.initialize (Backend/HBOS/Engines/ProjectPilotEngine.ts:41:17)

    console.log
      ReasoningEngine Started

      at ReasoningEngine.initialize (Backend/HBOS/Engines/ReasoningEngine.ts:110:17)

    console.log
      OrganizationalIntelligenceEngine Started

      at OrganizationalIntelligenceEngine.initialize (Backend/HBOS/Engines/OrganizationalIntelligenceEngine.ts:132:17)

    console.log
      Governance Engine Started

      at GovernanceEngine.initialize (Backend/HBOS/Engines/GovernanceEngine.ts:140:17)

    console.log
      ExecutiveIntelligenceEngine Started

      at ExecutiveIntelligenceEngine.initialize (Backend/HBOS/Engines/ExecutiveIntelligenceEngine.ts:152:17)

    console.log
      Decision Engine Started

      at DecisionEngine.initialize (Backend/HBOS/Engines/DecisionEngine.ts:14:17)

    console.log
      Project Pilot Engine Started

      at ProjectPilotEngine.initialize (Backend/HBOS/Engines/ProjectPilotEngine.ts:41:17)

    console.log
      Governance Engine Started

      at GovernanceEngine.initialize (Backend/HBOS/Engines/GovernanceEngine.ts:140:17)

    console.log
      AutonomousOperationsEngine Started

      at AutonomousOperationsEngine.initialize (Backend/HBOS/Engines/AutonomousOperationsEngine.ts:152:17)

    console.log
      Knowledge Engine Started

      at KnowledgeEngine.initialize (Backend/HBOS/Engines/KnowledgeEngine.ts:22:17)

    console.log
      ReasoningEngine Started

      at ReasoningEngine.initialize (Backend/HBOS/Engines/ReasoningEngine.ts:110:17)

    console.log
      Memory Engine Started

      at MemoryEngine.initialize (Backend/HBOS/Engines/MemoryEngine.ts:22:17)

    console.log
      Knowledge Engine Started

      at KnowledgeEngine.initialize (Backend/HBOS/Engines/KnowledgeEngine.ts:22:17)

    console.log
      Project Pilot Engine Started

      at ProjectPilotEngine.initialize (Backend/HBOS/Engines/ProjectPilotEngine.ts:41:17)

    console.log
      ReasoningEngine Started

      at ReasoningEngine.initialize (Backend/HBOS/Engines/ReasoningEngine.ts:110:17)

    console.log
      OrganizationalIntelligenceEngine Started

      at OrganizationalIntelligenceEngine.initialize (Backend/HBOS/Engines/OrganizationalIntelligenceEngine.ts:132:17)

    console.log
      Governance Engine Started

      at GovernanceEngine.initialize (Backend/HBOS/Engines/GovernanceEngine.ts:140:17)

    console.log
      Memory Engine Started

      at MemoryEngine.initialize (Backend/HBOS/Engines/MemoryEngine.ts:22:17)

    console.log
      Memory Engine Started

      at MemoryEngine.initialize (Backend/HBOS/Engines/MemoryEngine.ts:22:17)

    console.log
      Knowledge Engine Started

      at KnowledgeEngine.initialize (Backend/HBOS/Engines/KnowledgeEngine.ts:22:17)

    console.log
      Project Pilot Engine Started

      at ProjectPilotEngine.initialize (Backend/HBOS/Engines/ProjectPilotEngine.ts:41:17)

    console.log
      ReasoningEngine Started

      at ReasoningEngine.initialize (Backend/HBOS/Engines/ReasoningEngine.ts:110:17)

    console.log
      OrganizationalIntelligenceEngine Started

      at OrganizationalIntelligenceEngine.initialize (Backend/HBOS/Engines/OrganizationalIntelligenceEngine.ts:132:17)

    console.log
      Governance Engine Started

      at GovernanceEngine.initialize (Backend/HBOS/Engines/GovernanceEngine.ts:140:17)

    console.log
      ExecutiveIntelligenceEngine Started

      at ExecutiveIntelligenceEngine.initialize (Backend/HBOS/Engines/ExecutiveIntelligenceEngine.ts:152:17)

    console.log
      Decision Engine Started

      at DecisionEngine.initialize (Backend/HBOS/Engines/DecisionEngine.ts:14:17)

    console.log
      Project Pilot Engine Started

      at ProjectPilotEngine.initialize (Backend/HBOS/Engines/ProjectPilotEngine.ts:41:17)

    console.log
      Governance Engine Started

      at GovernanceEngine.initialize (Backend/HBOS/Engines/GovernanceEngine.ts:140:17)

    console.log
      AutonomousOperationsEngine Started

      at AutonomousOperationsEngine.initialize (Backend/HBOS/Engines/AutonomousOperationsEngine.ts:152:17)

    console.log
      Knowledge Engine Started

      at KnowledgeEngine.initialize (Backend/HBOS/Engines/KnowledgeEngine.ts:22:17)

    console.log
      ReasoningEngine Started

      at ReasoningEngine.initialize (Backend/HBOS/Engines/ReasoningEngine.ts:110:17)

    console.log
      Memory Engine Started

      at MemoryEngine.initialize (Backend/HBOS/Engines/MemoryEngine.ts:22:17)

    console.log
      Knowledge Engine Started

      at KnowledgeEngine.initialize (Backend/HBOS/Engines/KnowledgeEngine.ts:22:17)

    console.log
      Project Pilot Engine Started

      at ProjectPilotEngine.initialize (Backend/HBOS/Engines/ProjectPilotEngine.ts:41:17)

    console.log
      ReasoningEngine Started

      at ReasoningEngine.initialize (Backend/HBOS/Engines/ReasoningEngine.ts:110:17)

    console.log
      OrganizationalIntelligenceEngine Started

      at OrganizationalIntelligenceEngine.initialize (Backend/HBOS/Engines/OrganizationalIntelligenceEngine.ts:132:17)

    console.log
      Governance Engine Started

      at GovernanceEngine.initialize (Backend/HBOS/Engines/GovernanceEngine.ts:140:17)

    console.log
      Memory Engine Started

      at MemoryEngine.initialize (Backend/HBOS/Engines/MemoryEngine.ts:22:17)

    console.log
      Memory Engine Started

      at MemoryEngine.initialize (Backend/HBOS/Engines/MemoryEngine.ts:22:17)

    console.log
      Knowledge Engine Started

      at KnowledgeEngine.initialize (Backend/HBOS/Engines/KnowledgeEngine.ts:22:17)

    console.log
      Project Pilot Engine Started

      at ProjectPilotEngine.initialize (Backend/HBOS/Engines/ProjectPilotEngine.ts:41:17)

    console.log
      ReasoningEngine Started

      at ReasoningEngine.initialize (Backend/HBOS/Engines/ReasoningEngine.ts:110:17)

    console.log
      OrganizationalIntelligenceEngine Started

      at OrganizationalIntelligenceEngine.initialize (Backend/HBOS/Engines/OrganizationalIntelligenceEngine.ts:132:17)

    console.log
      Governance Engine Started

      at GovernanceEngine.initialize (Backend/HBOS/Engines/GovernanceEngine.ts:140:17)

    console.log
      ExecutiveIntelligenceEngine Started

      at ExecutiveIntelligenceEngine.initialize (Backend/HBOS/Engines/ExecutiveIntelligenceEngine.ts:152:17)

    console.log
      Decision Engine Started

      at DecisionEngine.initialize (Backend/HBOS/Engines/DecisionEngine.ts:14:17)

    console.log
      Project Pilot Engine Started

      at ProjectPilotEngine.initialize (Backend/HBOS/Engines/ProjectPilotEngine.ts:41:17)

    console.log
      Governance Engine Started

      at GovernanceEngine.initialize (Backend/HBOS/Engines/GovernanceEngine.ts:140:17)

    console.log
      AutonomousOperationsEngine Started

      at AutonomousOperationsEngine.initialize (Backend/HBOS/Engines/AutonomousOperationsEngine.ts:152:17)

    console.log
      Knowledge Engine Started

      at KnowledgeEngine.initialize (Backend/HBOS/Engines/KnowledgeEngine.ts:22:17)

    console.log
      ReasoningEngine Started

      at ReasoningEngine.initialize (Backend/HBOS/Engines/ReasoningEngine.ts:110:17)

    console.log
      Memory Engine Started

      at MemoryEngine.initialize (Backend/HBOS/Engines/MemoryEngine.ts:22:17)

    console.log
      Knowledge Engine Started

      at KnowledgeEngine.initialize (Backend/HBOS/Engines/KnowledgeEngine.ts:22:17)

    console.log
      Project Pilot Engine Started

      at ProjectPilotEngine.initialize (Backend/HBOS/Engines/ProjectPilotEngine.ts:41:17)

    console.log
      ReasoningEngine Started

      at ReasoningEngine.initialize (Backend/HBOS/Engines/ReasoningEngine.ts:110:17)

    console.log
      OrganizationalIntelligenceEngine Started

      at OrganizationalIntelligenceEngine.initialize (Backend/HBOS/Engines/OrganizationalIntelligenceEngine.ts:132:17)

    console.log
      Governance Engine Started

      at GovernanceEngine.initialize (Backend/HBOS/Engines/GovernanceEngine.ts:140:17)

    console.log
      Memory Engine Started

      at MemoryEngine.initialize (Backend/HBOS/Engines/MemoryEngine.ts:22:17)

    console.log
      Memory Engine Started

      at MemoryEngine.initialize (Backend/HBOS/Engines/MemoryEngine.ts:22:17)

    console.log
      Knowledge Engine Started

      at KnowledgeEngine.initialize (Backend/HBOS/Engines/KnowledgeEngine.ts:22:17)

    console.log
      Project Pilot Engine Started

      at ProjectPilotEngine.initialize (Backend/HBOS/Engines/ProjectPilotEngine.ts:41:17)

    console.log
      ReasoningEngine Started

      at ReasoningEngine.initialize (Backend/HBOS/Engines/ReasoningEngine.ts:110:17)

    console.log
      OrganizationalIntelligenceEngine Started

      at OrganizationalIntelligenceEngine.initialize (Backend/HBOS/Engines/OrganizationalIntelligenceEngine.ts:132:17)

    console.log
      Governance Engine Started

      at GovernanceEngine.initialize (Backend/HBOS/Engines/GovernanceEngine.ts:140:17)

    console.log
      ExecutiveIntelligenceEngine Started

      at ExecutiveIntelligenceEngine.initialize (Backend/HBOS/Engines/ExecutiveIntelligenceEngine.ts:152:17)

    console.log
      Decision Engine Started

      at DecisionEngine.initialize (Backend/HBOS/Engines/DecisionEngine.ts:14:17)

    console.log
      Project Pilot Engine Started

      at ProjectPilotEngine.initialize (Backend/HBOS/Engines/ProjectPilotEngine.ts:41:17)

    console.log
      Governance Engine Started

      at GovernanceEngine.initialize (Backend/HBOS/Engines/GovernanceEngine.ts:140:17)

    console.log
      AutonomousOperationsEngine Started

      at AutonomousOperationsEngine.initialize (Backend/HBOS/Engines/AutonomousOperationsEngine.ts:152:17)

    console.log
      Knowledge Engine Started

      at KnowledgeEngine.initialize (Backend/HBOS/Engines/KnowledgeEngine.ts:22:17)

PASS Backend/HBOS/test/FinancialContextIntegrity.test.ts
  ● Console

    console.log
      ReasoningEngine Started

      at ReasoningEngine.initialize (Backend/HBOS/Engines/ReasoningEngine.ts:110:17)

    console.log
      Memory Engine Started

      at MemoryEngine.initialize (Backend/HBOS/Engines/MemoryEngine.ts:22:17)

    console.log
      Knowledge Engine Started

      at KnowledgeEngine.initialize (Backend/HBOS/Engines/KnowledgeEngine.ts:22:17)

    console.log
      Project Pilot Engine Started

      at ProjectPilotEngine.initialize (Backend/HBOS/Engines/ProjectPilotEngine.ts:41:17)

    console.log
      ReasoningEngine Started

      at ReasoningEngine.initialize (Backend/HBOS/Engines/ReasoningEngine.ts:110:17)

    console.log
      OrganizationalIntelligenceEngine Started

      at OrganizationalIntelligenceEngine.initialize (Backend/HBOS/Engines/OrganizationalIntelligenceEngine.ts:132:17)

    console.log
      Governance Engine Started

      at GovernanceEngine.initialize (Backend/HBOS/Engines/GovernanceEngine.ts:140:17)

    console.log
      Memory Engine Started

      at MemoryEngine.initialize (Backend/HBOS/Engines/MemoryEngine.ts:22:17)

    console.log
      Memory Engine Started

      at MemoryEngine.initialize (Backend/HBOS/Engines/MemoryEngine.ts:22:17)

    console.log
      Knowledge Engine Started

      at KnowledgeEngine.initialize (Backend/HBOS/Engines/KnowledgeEngine.ts:22:17)

    console.log
      Project Pilot Engine Started

      at ProjectPilotEngine.initialize (Backend/HBOS/Engines/ProjectPilotEngine.ts:41:17)

    console.log
      ReasoningEngine Started

      at ReasoningEngine.initialize (Backend/HBOS/Engines/ReasoningEngine.ts:110:17)

    console.log
      OrganizationalIntelligenceEngine Started

      at OrganizationalIntelligenceEngine.initialize (Backend/HBOS/Engines/OrganizationalIntelligenceEngine.ts:132:17)

    console.log
      Governance Engine Started

      at GovernanceEngine.initialize (Backend/HBOS/Engines/GovernanceEngine.ts:140:17)

    console.log
      ExecutiveIntelligenceEngine Started

      at ExecutiveIntelligenceEngine.initialize (Backend/HBOS/Engines/ExecutiveIntelligenceEngine.ts:152:17)

    console.log
      Decision Engine Started

      at DecisionEngine.initialize (Backend/HBOS/Engines/DecisionEngine.ts:14:17)

    console.log
      Project Pilot Engine Started

      at ProjectPilotEngine.initialize (Backend/HBOS/Engines/ProjectPilotEngine.ts:41:17)

    console.log
      Governance Engine Started

      at GovernanceEngine.initialize (Backend/HBOS/Engines/GovernanceEngine.ts:140:17)

    console.log
      AutonomousOperationsEngine Started

      at AutonomousOperationsEngine.initialize (Backend/HBOS/Engines/AutonomousOperationsEngine.ts:152:17)

    console.log
      Knowledge Engine Started

      at KnowledgeEngine.initialize (Backend/HBOS/Engines/KnowledgeEngine.ts:22:17)

    console.log
      ReasoningEngine Started

      at ReasoningEngine.initialize (Backend/HBOS/Engines/ReasoningEngine.ts:110:17)

    console.log
      Memory Engine Started

      at MemoryEngine.initialize (Backend/HBOS/Engines/MemoryEngine.ts:22:17)

    console.log
      Knowledge Engine Started

      at KnowledgeEngine.initialize (Backend/HBOS/Engines/KnowledgeEngine.ts:22:17)

    console.log
      Project Pilot Engine Started

      at ProjectPilotEngine.initialize (Backend/HBOS/Engines/ProjectPilotEngine.ts:41:17)

    console.log
      ReasoningEngine Started

      at ReasoningEngine.initialize (Backend/HBOS/Engines/ReasoningEngine.ts:110:17)

    console.log
      OrganizationalIntelligenceEngine Started

      at OrganizationalIntelligenceEngine.initialize (Backend/HBOS/Engines/OrganizationalIntelligenceEngine.ts:132:17)

    console.log
      Governance Engine Started

      at GovernanceEngine.initialize (Backend/HBOS/Engines/GovernanceEngine.ts:140:17)

    console.log
      Memory Engine Started

      at MemoryEngine.initialize (Backend/HBOS/Engines/MemoryEngine.ts:22:17)

    console.log
      Memory Engine Started

      at MemoryEngine.initialize (Backend/HBOS/Engines/MemoryEngine.ts:22:17)

    console.log
      Knowledge Engine Started

      at KnowledgeEngine.initialize (Backend/HBOS/Engines/KnowledgeEngine.ts:22:17)

    console.log
      Project Pilot Engine Started

      at ProjectPilotEngine.initialize (Backend/HBOS/Engines/ProjectPilotEngine.ts:41:17)

    console.log
      ReasoningEngine Started

      at ReasoningEngine.initialize (Backend/HBOS/Engines/ReasoningEngine.ts:110:17)

    console.log
      OrganizationalIntelligenceEngine Started

      at OrganizationalIntelligenceEngine.initialize (Backend/HBOS/Engines/OrganizationalIntelligenceEngine.ts:132:17)

    console.log
      Governance Engine Started

      at GovernanceEngine.initialize (Backend/HBOS/Engines/GovernanceEngine.ts:140:17)

    console.log
      ExecutiveIntelligenceEngine Started

      at ExecutiveIntelligenceEngine.initialize (Backend/HBOS/Engines/ExecutiveIntelligenceEngine.ts:152:17)

    console.log
      Decision Engine Started

      at DecisionEngine.initialize (Backend/HBOS/Engines/DecisionEngine.ts:14:17)

    console.log
      Project Pilot Engine Started

      at ProjectPilotEngine.initialize (Backend/HBOS/Engines/ProjectPilotEngine.ts:41:17)

    console.log
      Governance Engine Started

      at GovernanceEngine.initialize (Backend/HBOS/Engines/GovernanceEngine.ts:140:17)

    console.log
      AutonomousOperationsEngine Started

      at AutonomousOperationsEngine.initialize (Backend/HBOS/Engines/AutonomousOperationsEngine.ts:152:17)

    console.log
      Knowledge Engine Started

      at KnowledgeEngine.initialize (Backend/HBOS/Engines/KnowledgeEngine.ts:22:17)

[KILO] EXECUTION_TIMEOUT
PASS Backend/HBOS/test/AutonomousFailureAnalyzer.test.ts
PASS Backend/HBOS/test/Phase06I.test.ts
  ● Console

    console.log
      Memory Engine Started

      at MemoryEngine.initialize (Backend/HBOS/Engines/MemoryEngine.ts:22:17)
          at Array.forEach (<anonymous>)

    console.log
      Reaction Engine Started

      at ReactionEngine.initialize (Backend/HBOS/Engines/ReactionEngine.ts:9:17)
          at Array.forEach (<anonymous>)

    console.log
      Decision Engine Started

      at DecisionEngine.initialize (Backend/HBOS/Engines/DecisionEngine.ts:14:17)
          at Array.forEach (<anonymous>)

    console.log
      Project Pilot Engine Started

      at ProjectPilotEngine.initialize (Backend/HBOS/Engines/ProjectPilotEngine.ts:41:17)
          at Array.forEach (<anonymous>)

    console.log
      Knowledge Engine Started

      at KnowledgeEngine.initialize (Backend/HBOS/Engines/KnowledgeEngine.ts:22:17)
          at Array.forEach (<anonymous>)

    console.log
      Assistant Engine Started

      at AssistantEngine.initialize (Backend/HBOS/Engines/AssistantEngine.ts:51:17)
          at Array.forEach (<anonymous>)

    console.log
      Intelligence Engine Started

      at IntelligenceEngine.initialize (Backend/HBOS/Engines/IntelligenceEngine.ts:50:17)
          at Array.forEach (<anonymous>)

    console.log
      ReasoningEngine Started

      at ReasoningEngine.initialize (Backend/HBOS/Engines/ReasoningEngine.ts:110:17)
          at Array.forEach (<anonymous>)

    console.log
      Governance Engine Started

      at GovernanceEngine.initialize (Backend/HBOS/Engines/GovernanceEngine.ts:140:17)
          at Array.forEach (<anonymous>)

    console.log
      Memory Engine Started

      at MemoryEngine.initialize (Backend/HBOS/Engines/MemoryEngine.ts:22:17)
          at Array.forEach (<anonymous>)

    console.log
      Memory Engine Started

      at MemoryEngine.initialize (Backend/HBOS/Engines/MemoryEngine.ts:22:17)
          at Array.forEach (<anonymous>)

    console.log
      Knowledge Engine Started

      at KnowledgeEngine.initialize (Backend/HBOS/Engines/KnowledgeEngine.ts:22:17)
          at Array.forEach (<anonymous>)

    console.log
      Project Pilot Engine Started

      at ProjectPilotEngine.initialize (Backend/HBOS/Engines/ProjectPilotEngine.ts:41:17)
          at Array.forEach (<anonymous>)

    console.log
      ReasoningEngine Started

      at ReasoningEngine.initialize (Backend/HBOS/Engines/ReasoningEngine.ts:110:17)
          at Array.forEach (<anonymous>)

    console.log
      OrganizationalIntelligenceEngine Started

      at OrganizationalIntelligenceEngine.initialize (Backend/HBOS/Engines/OrganizationalIntelligenceEngine.ts:132:17)
          at Array.forEach (<anonymous>)

    console.log
      Governance Engine Started

      at GovernanceEngine.initialize (Backend/HBOS/Engines/GovernanceEngine.ts:140:17)
          at Array.forEach (<anonymous>)

    console.log
      ExecutiveIntelligenceEngine Started

      at ExecutiveIntelligenceEngine.initialize (Backend/HBOS/Engines/ExecutiveIntelligenceEngine.ts:152:17)
          at Array.forEach (<anonymous>)

    console.log
      Memory Engine Started

      at MemoryEngine.initialize (Backend/HBOS/Engines/MemoryEngine.ts:22:17)
          at Array.forEach (<anonymous>)

    console.log
      Knowledge Engine Started

      at KnowledgeEngine.initialize (Backend/HBOS/Engines/KnowledgeEngine.ts:22:17)
          at Array.forEach (<anonymous>)

    console.log
      Project Pilot Engine Started

      at ProjectPilotEngine.initialize (Backend/HBOS/Engines/ProjectPilotEngine.ts:41:17)
          at Array.forEach (<anonymous>)

    console.log
      ReasoningEngine Started

      at ReasoningEngine.initialize (Backend/HBOS/Engines/ReasoningEngine.ts:110:17)
          at Array.forEach (<anonymous>)

    console.log
      OrganizationalIntelligenceEngine Started

      at OrganizationalIntelligenceEngine.initialize (Backend/HBOS/Engines/OrganizationalIntelligenceEngine.ts:132:17)
          at Array.forEach (<anonymous>)

    console.log
      Decision Engine Started

      at DecisionEngine.initialize (Backend/HBOS/Engines/DecisionEngine.ts:14:17)
          at Array.forEach (<anonymous>)

    console.log
      Project Pilot Engine Started

      at ProjectPilotEngine.initialize (Backend/HBOS/Engines/ProjectPilotEngine.ts:41:17)
          at Array.forEach (<anonymous>)

    console.log
      Governance Engine Started

      at GovernanceEngine.initialize (Backend/HBOS/Engines/GovernanceEngine.ts:140:17)
          at Array.forEach (<anonymous>)

    console.log
      AutonomousOperationsEngine Started

      at AutonomousOperationsEngine.initialize (Backend/HBOS/Engines/AutonomousOperationsEngine.ts:152:17)
          at Array.forEach (<anonymous>)

    console.log
      [Reaction] HBOS_BOOT | HBOS platform initialized | HBOS

      at ReactionEngine.react (Backend/HBOS/Engines/ReactionEngine.ts:21:17)

    console.log
      Memory Engine Started

      at MemoryEngine.initialize (Backend/HBOS/Engines/MemoryEngine.ts:22:17)
          at Array.forEach (<anonymous>)

    console.log
      Reaction Engine Started

      at ReactionEngine.initialize (Backend/HBOS/Engines/ReactionEngine.ts:9:17)
          at Array.forEach (<anonymous>)

    console.log
      Decision Engine Started

      at DecisionEngine.initialize (Backend/HBOS/Engines/DecisionEngine.ts:14:17)
          at Array.forEach (<anonymous>)

    console.log
      Project Pilot Engine Started

      at ProjectPilotEngine.initialize (Backend/HBOS/Engines/ProjectPilotEngine.ts:41:17)
          at Array.forEach (<anonymous>)

    console.log
      Knowledge Engine Started

      at KnowledgeEngine.initialize (Backend/HBOS/Engines/KnowledgeEngine.ts:22:17)
          at Array.forEach (<anonymous>)

    console.log
      Assistant Engine Started

      at AssistantEngine.initialize (Backend/HBOS/Engines/AssistantEngine.ts:51:17)
          at Array.forEach (<anonymous>)

    console.log
      Intelligence Engine Started

      at IntelligenceEngine.initialize (Backend/HBOS/Engines/IntelligenceEngine.ts:50:17)
          at Array.forEach (<anonymous>)

    console.log
      ReasoningEngine Started

      at ReasoningEngine.initialize (Backend/HBOS/Engines/ReasoningEngine.ts:110:17)
          at Array.forEach (<anonymous>)

    console.log
      Governance Engine Started

      at GovernanceEngine.initialize (Backend/HBOS/Engines/GovernanceEngine.ts:140:17)
          at Array.forEach (<anonymous>)

    console.log
      Memory Engine Started

      at MemoryEngine.initialize (Backend/HBOS/Engines/MemoryEngine.ts:22:17)
          at Array.forEach (<anonymous>)

    console.log
      Memory Engine Started

      at MemoryEngine.initialize (Backend/HBOS/Engines/MemoryEngine.ts:22:17)
          at Array.forEach (<anonymous>)

    console.log
      Knowledge Engine Started

      at KnowledgeEngine.initialize (Backend/HBOS/Engines/KnowledgeEngine.ts:22:17)
          at Array.forEach (<anonymous>)

    console.log
      Project Pilot Engine Started

      at ProjectPilotEngine.initialize (Backend/HBOS/Engines/ProjectPilotEngine.ts:41:17)
          at Array.forEach (<anonymous>)

    console.log
      ReasoningEngine Started

      at ReasoningEngine.initialize (Backend/HBOS/Engines/ReasoningEngine.ts:110:17)
          at Array.forEach (<anonymous>)

    console.log
      OrganizationalIntelligenceEngine Started

      at OrganizationalIntelligenceEngine.initialize (Backend/HBOS/Engines/OrganizationalIntelligenceEngine.ts:132:17)
          at Array.forEach (<anonymous>)

    console.log
      Governance Engine Started

      at GovernanceEngine.initialize (Backend/HBOS/Engines/GovernanceEngine.ts:140:17)
          at Array.forEach (<anonymous>)

    console.log
      ExecutiveIntelligenceEngine Started

      at ExecutiveIntelligenceEngine.initialize (Backend/HBOS/Engines/ExecutiveIntelligenceEngine.ts:152:17)
          at Array.forEach (<anonymous>)

    console.log
      Memory Engine Started

      at MemoryEngine.initialize (Backend/HBOS/Engines/MemoryEngine.ts:22:17)
          at Array.forEach (<anonymous>)

    console.log
      Knowledge Engine Started

      at KnowledgeEngine.initialize (Backend/HBOS/Engines/KnowledgeEngine.ts:22:17)
          at Array.forEach (<anonymous>)

    console.log
      Project Pilot Engine Started

      at ProjectPilotEngine.initialize (Backend/HBOS/Engines/ProjectPilotEngine.ts:41:17)
          at Array.forEach (<anonymous>)

    console.log
      ReasoningEngine Started

      at ReasoningEngine.initialize (Backend/HBOS/Engines/ReasoningEngine.ts:110:17)
          at Array.forEach (<anonymous>)

    console.log
      OrganizationalIntelligenceEngine Started

      at OrganizationalIntelligenceEngine.initialize (Backend/HBOS/Engines/OrganizationalIntelligenceEngine.ts:132:17)
          at Array.forEach (<anonymous>)

    console.log
      Decision Engine Started

      at DecisionEngine.initialize (Backend/HBOS/Engines/DecisionEngine.ts:14:17)
          at Array.forEach (<anonymous>)

    console.log
      Project Pilot Engine Started

      at ProjectPilotEngine.initialize (Backend/HBOS/Engines/ProjectPilotEngine.ts:41:17)
          at Array.forEach (<anonymous>)

    console.log
      Governance Engine Started

      at GovernanceEngine.initialize (Backend/HBOS/Engines/GovernanceEngine.ts:140:17)
          at Array.forEach (<anonymous>)

    console.log
      AutonomousOperationsEngine Started

      at AutonomousOperationsEngine.initialize (Backend/HBOS/Engines/AutonomousOperationsEngine.ts:152:17)
          at Array.forEach (<anonymous>)

    console.log
      [Reaction] HBOS_BOOT | HBOS platform initialized | HBOS

      at ReactionEngine.react (Backend/HBOS/Engines/ReactionEngine.ts:21:17)

    console.log
      Memory Engine Started

      at MemoryEngine.initialize (Backend/HBOS/Engines/MemoryEngine.ts:22:17)
          at Array.forEach (<anonymous>)

    console.log
      Reaction Engine Started

      at ReactionEngine.initialize (Backend/HBOS/Engines/ReactionEngine.ts:9:17)
          at Array.forEach (<anonymous>)

    console.log
      Decision Engine Started

      at DecisionEngine.initialize (Backend/HBOS/Engines/DecisionEngine.ts:14:17)
          at Array.forEach (<anonymous>)

    console.log
      Project Pilot Engine Started

      at ProjectPilotEngine.initialize (Backend/HBOS/Engines/ProjectPilotEngine.ts:41:17)
          at Array.forEach (<anonymous>)

    console.log
      Knowledge Engine Started

      at KnowledgeEngine.initialize (Backend/HBOS/Engines/KnowledgeEngine.ts:22:17)
          at Array.forEach (<anonymous>)

    console.log
      Assistant Engine Started

      at AssistantEngine.initialize (Backend/HBOS/Engines/AssistantEngine.ts:51:17)
          at Array.forEach (<anonymous>)

    console.log
      Intelligence Engine Started

      at IntelligenceEngine.initialize (Backend/HBOS/Engines/IntelligenceEngine.ts:50:17)
          at Array.forEach (<anonymous>)

    console.log
      ReasoningEngine Started

      at ReasoningEngine.initialize (Backend/HBOS/Engines/ReasoningEngine.ts:110:17)
          at Array.forEach (<anonymous>)

    console.log
      Governance Engine Started

      at GovernanceEngine.initialize (Backend/HBOS/Engines/GovernanceEngine.ts:140:17)
          at Array.forEach (<anonymous>)

    console.log
      Memory Engine Started

      at MemoryEngine.initialize (Backend/HBOS/Engines/MemoryEngine.ts:22:17)
          at Array.forEach (<anonymous>)

    console.log
      Memory Engine Started

      at MemoryEngine.initialize (Backend/HBOS/Engines/MemoryEngine.ts:22:17)
          at Array.forEach (<anonymous>)

    console.log
      Knowledge Engine Started

      at KnowledgeEngine.initialize (Backend/HBOS/Engines/KnowledgeEngine.ts:22:17)
          at Array.forEach (<anonymous>)

    console.log
      Project Pilot Engine Started

      at ProjectPilotEngine.initialize (Backend/HBOS/Engines/ProjectPilotEngine.ts:41:17)
          at Array.forEach (<anonymous>)

    console.log
      ReasoningEngine Started

      at ReasoningEngine.initialize (Backend/HBOS/Engines/ReasoningEngine.ts:110:17)
          at Array.forEach (<anonymous>)

    console.log
      OrganizationalIntelligenceEngine Started

      at OrganizationalIntelligenceEngine.initialize (Backend/HBOS/Engines/OrganizationalIntelligenceEngine.ts:132:17)
          at Array.forEach (<anonymous>)

    console.log
      Governance Engine Started

      at GovernanceEngine.initialize (Backend/HBOS/Engines/GovernanceEngine.ts:140:17)
          at Array.forEach (<anonymous>)

    console.log
      ExecutiveIntelligenceEngine Started

      at ExecutiveIntelligenceEngine.initialize (Backend/HBOS/Engines/ExecutiveIntelligenceEngine.ts:152:17)
          at Array.forEach (<anonymous>)

    console.log
      Memory Engine Started

      at MemoryEngine.initialize (Backend/HBOS/Engines/MemoryEngine.ts:22:17)
          at Array.forEach (<anonymous>)

    console.log
      Knowledge Engine Started

      at KnowledgeEngine.initialize (Backend/HBOS/Engines/KnowledgeEngine.ts:22:17)
          at Array.forEach (<anonymous>)

    console.log
      Project Pilot Engine Started

      at ProjectPilotEngine.initialize (Backend/HBOS/Engines/ProjectPilotEngine.ts:41:17)
          at Array.forEach (<anonymous>)

    console.log
      ReasoningEngine Started

      at ReasoningEngine.initialize (Backend/HBOS/Engines/ReasoningEngine.ts:110:17)
          at Array.forEach (<anonymous>)

    console.log
      OrganizationalIntelligenceEngine Started

      at OrganizationalIntelligenceEngine.initialize (Backend/HBOS/Engines/OrganizationalIntelligenceEngine.ts:132:17)
          at Array.forEach (<anonymous>)

    console.log
      Decision Engine Started

      at DecisionEngine.initialize (Backend/HBOS/Engines/DecisionEngine.ts:14:17)
          at Array.forEach (<anonymous>)

    console.log
      Project Pilot Engine Started

      at ProjectPilotEngine.initialize (Backend/HBOS/Engines/ProjectPilotEngine.ts:41:17)
          at Array.forEach (<anonymous>)

    console.log
      Governance Engine Started

      at GovernanceEngine.initialize (Backend/HBOS/Engines/GovernanceEngine.ts:140:17)
          at Array.forEach (<anonymous>)

    console.log
      AutonomousOperationsEngine Started

      at AutonomousOperationsEngine.initialize (Backend/HBOS/Engines/AutonomousOperationsEngine.ts:152:17)
          at Array.forEach (<anonymous>)

    console.log
      [Reaction] HBOS_BOOT | HBOS platform initialized | HBOS

      at ReactionEngine.react (Backend/HBOS/Engines/ReactionEngine.ts:21:17)

    console.log
      Memory Engine Started

      at MemoryEngine.initialize (Backend/HBOS/Engines/MemoryEngine.ts:22:17)
          at Array.forEach (<anonymous>)

    console.log
      Reaction Engine Started

      at ReactionEngine.initialize (Backend/HBOS/Engines/ReactionEngine.ts:9:17)
          at Array.forEach (<anonymous>)

    console.log
      Decision Engine Started

      at DecisionEngine.initialize (Backend/HBOS/Engines/DecisionEngine.ts:14:17)
          at Array.forEach (<anonymous>)

    console.log
      Project Pilot Engine Started

      at ProjectPilotEngine.initialize (Backend/HBOS/Engines/ProjectPilotEngine.ts:41:17)
          at Array.forEach (<anonymous>)

    console.log
      Knowledge Engine Started

      at KnowledgeEngine.initialize (Backend/HBOS/Engines/KnowledgeEngine.ts:22:17)
          at Array.forEach (<anonymous>)

    console.log
      Assistant Engine Started

      at AssistantEngine.initialize (Backend/HBOS/Engines/AssistantEngine.ts:51:17)
          at Array.forEach (<anonymous>)

    console.log
      Intelligence Engine Started

      at IntelligenceEngine.initialize (Backend/HBOS/Engines/IntelligenceEngine.ts:50:17)
          at Array.forEach (<anonymous>)

    console.log
      ReasoningEngine Started

      at ReasoningEngine.initialize (Backend/HBOS/Engines/ReasoningEngine.ts:110:17)
          at Array.forEach (<anonymous>)

    console.log
      Governance Engine Started

      at GovernanceEngine.initialize (Backend/HBOS/Engines/GovernanceEngine.ts:140:17)
          at Array.forEach (<anonymous>)

    console.log
      Memory Engine Started

      at MemoryEngine.initialize (Backend/HBOS/Engines/MemoryEngine.ts:22:17)
          at Array.forEach (<anonymous>)

    console.log
      Memory Engine Started

      at MemoryEngine.initialize (Backend/HBOS/Engines/MemoryEngine.ts:22:17)
          at Array.forEach (<anonymous>)

    console.log
      Knowledge Engine Started

      at KnowledgeEngine.initialize (Backend/HBOS/Engines/KnowledgeEngine.ts:22:17)
          at Array.forEach (<anonymous>)

    console.log
      Project Pilot Engine Started

      at ProjectPilotEngine.initialize (Backend/HBOS/Engines/ProjectPilotEngine.ts:41:17)
          at Array.forEach (<anonymous>)

    console.log
      ReasoningEngine Started

      at ReasoningEngine.initialize (Backend/HBOS/Engines/ReasoningEngine.ts:110:17)
          at Array.forEach (<anonymous>)

    console.log
      OrganizationalIntelligenceEngine Started

      at OrganizationalIntelligenceEngine.initialize (Backend/HBOS/Engines/OrganizationalIntelligenceEngine.ts:132:17)
          at Array.forEach (<anonymous>)

    console.log
      Governance Engine Started

      at GovernanceEngine.initialize (Backend/HBOS/Engines/GovernanceEngine.ts:140:17)
          at Array.forEach (<anonymous>)

    console.log
      ExecutiveIntelligenceEngine Started

      at ExecutiveIntelligenceEngine.initialize (Backend/HBOS/Engines/ExecutiveIntelligenceEngine.ts:152:17)
          at Array.forEach (<anonymous>)

    console.log
      Memory Engine Started

      at MemoryEngine.initialize (Backend/HBOS/Engines/MemoryEngine.ts:22:17)
          at Array.forEach (<anonymous>)

    console.log
      Knowledge Engine Started

      at KnowledgeEngine.initialize (Backend/HBOS/Engines/KnowledgeEngine.ts:22:17)
          at Array.forEach (<anonymous>)

    console.log
      Project Pilot Engine Started

      at ProjectPilotEngine.initialize (Backend/HBOS/Engines/ProjectPilotEngine.ts:41:17)
          at Array.forEach (<anonymous>)

    console.log
      ReasoningEngine Started

      at ReasoningEngine.initialize (Backend/HBOS/Engines/ReasoningEngine.ts:110:17)
          at Array.forEach (<anonymous>)

    console.log
      OrganizationalIntelligenceEngine Started

      at OrganizationalIntelligenceEngine.initialize (Backend/HBOS/Engines/OrganizationalIntelligenceEngine.ts:132:17)
          at Array.forEach (<anonymous>)

    console.log
      Decision Engine Started

      at DecisionEngine.initialize (Backend/HBOS/Engines/DecisionEngine.ts:14:17)
          at Array.forEach (<anonymous>)

    console.log
      Project Pilot Engine Started

      at ProjectPilotEngine.initialize (Backend/HBOS/Engines/ProjectPilotEngine.ts:41:17)
          at Array.forEach (<anonymous>)

    console.log
      Governance Engine Started

      at GovernanceEngine.initialize (Backend/HBOS/Engines/GovernanceEngine.ts:140:17)
          at Array.forEach (<anonymous>)

    console.log
      AutonomousOperationsEngine Started

      at AutonomousOperationsEngine.initialize (Backend/HBOS/Engines/AutonomousOperationsEngine.ts:152:17)
          at Array.forEach (<anonymous>)

    console.log
      [Reaction] HBOS_BOOT | HBOS platform initialized | HBOS

      at ReactionEngine.react (Backend/HBOS/Engines/ReactionEngine.ts:21:17)

    console.log
      Memory Engine Started

      at MemoryEngine.initialize (Backend/HBOS/Engines/MemoryEngine.ts:22:17)
          at Array.forEach (<anonymous>)

    console.log
      Reaction Engine Started

      at ReactionEngine.initialize (Backend/HBOS/Engines/ReactionEngine.ts:9:17)
          at Array.forEach (<anonymous>)

    console.log
      Decision Engine Started

      at DecisionEngine.initialize (Backend/HBOS/Engines/DecisionEngine.ts:14:17)
          at Array.forEach (<anonymous>)

    console.log
      Project Pilot Engine Started

      at ProjectPilotEngine.initialize (Backend/HBOS/Engines/ProjectPilotEngine.ts:41:17)
          at Array.forEach (<anonymous>)

    console.log
      Knowledge Engine Started

      at KnowledgeEngine.initialize (Backend/HBOS/Engines/KnowledgeEngine.ts:22:17)
          at Array.forEach (<anonymous>)

    console.log
      Assistant Engine Started

      at AssistantEngine.initialize (Backend/HBOS/Engines/AssistantEngine.ts:51:17)
          at Array.forEach (<anonymous>)

    console.log
      Intelligence Engine Started

      at IntelligenceEngine.initialize (Backend/HBOS/Engines/IntelligenceEngine.ts:50:17)
          at Array.forEach (<anonymous>)

    console.log
      ReasoningEngine Started

      at ReasoningEngine.initialize (Backend/HBOS/Engines/ReasoningEngine.ts:110:17)
          at Array.forEach (<anonymous>)

    console.log
      Governance Engine Started

      at GovernanceEngine.initialize (Backend/HBOS/Engines/GovernanceEngine.ts:140:17)
          at Array.forEach (<anonymous>)

    console.log
      Memory Engine Started

      at MemoryEngine.initialize (Backend/HBOS/Engines/MemoryEngine.ts:22:17)
          at Array.forEach (<anonymous>)

    console.log
      Memory Engine Started

      at MemoryEngine.initialize (Backend/HBOS/Engines/MemoryEngine.ts:22:17)
          at Array.forEach (<anonymous>)

    console.log
      Knowledge Engine Started

      at KnowledgeEngine.initialize (Backend/HBOS/Engines/KnowledgeEngine.ts:22:17)
          at Array.forEach (<anonymous>)

    console.log
      Project Pilot Engine Started

      at ProjectPilotEngine.initialize (Backend/HBOS/Engines/ProjectPilotEngine.ts:41:17)
          at Array.forEach (<anonymous>)

    console.log
      ReasoningEngine Started

      at ReasoningEngine.initialize (Backend/HBOS/Engines/ReasoningEngine.ts:110:17)
          at Array.forEach (<anonymous>)

    console.log
      OrganizationalIntelligenceEngine Started

      at OrganizationalIntelligenceEngine.initialize (Backend/HBOS/Engines/OrganizationalIntelligenceEngine.ts:132:17)
          at Array.forEach (<anonymous>)

    console.log
      Governance Engine Started

      at GovernanceEngine.initialize (Backend/HBOS/Engines/GovernanceEngine.ts:140:17)
          at Array.forEach (<anonymous>)

    console.log
      ExecutiveIntelligenceEngine Started

      at ExecutiveIntelligenceEngine.initialize (Backend/HBOS/Engines/ExecutiveIntelligenceEngine.ts:152:17)
          at Array.forEach (<anonymous>)

    console.log
      Memory Engine Started

      at MemoryEngine.initialize (Backend/HBOS/Engines/MemoryEngine.ts:22:17)
          at Array.forEach (<anonymous>)

    console.log
      Knowledge Engine Started

      at KnowledgeEngine.initialize (Backend/HBOS/Engines/KnowledgeEngine.ts:22:17)
          at Array.forEach (<anonymous>)

    console.log
      Project Pilot Engine Started

      at ProjectPilotEngine.initialize (Backend/HBOS/Engines/ProjectPilotEngine.ts:41:17)
          at Array.forEach (<anonymous>)

    console.log
      ReasoningEngine Started

      at ReasoningEngine.initialize (Backend/HBOS/Engines/ReasoningEngine.ts:110:17)
          at Array.forEach (<anonymous>)

    console.log
      OrganizationalIntelligenceEngine Started

      at OrganizationalIntelligenceEngine.initialize (Backend/HBOS/Engines/OrganizationalIntelligenceEngine.ts:132:17)
          at Array.forEach (<anonymous>)

    console.log
      Decision Engine Started

      at DecisionEngine.initialize (Backend/HBOS/Engines/DecisionEngine.ts:14:17)
          at Array.forEach (<anonymous>)

    console.log
      Project Pilot Engine Started

      at ProjectPilotEngine.initialize (Backend/HBOS/Engines/ProjectPilotEngine.ts:41:17)
          at Array.forEach (<anonymous>)

    console.log
      Governance Engine Started

      at GovernanceEngine.initialize (Backend/HBOS/Engines/GovernanceEngine.ts:140:17)
          at Array.forEach (<anonymous>)

    console.log
      AutonomousOperationsEngine Started

      at AutonomousOperationsEngine.initialize (Backend/HBOS/Engines/AutonomousOperationsEngine.ts:152:17)
          at Array.forEach (<anonymous>)

    console.log
      [Reaction] HBOS_BOOT | HBOS platform initialized | HBOS

      at ReactionEngine.react (Backend/HBOS/Engines/ReactionEngine.ts:21:17)

    console.log
      Memory Engine Started

      at MemoryEngine.initialize (Backend/HBOS/Engines/MemoryEngine.ts:22:17)
          at Array.forEach (<anonymous>)

    console.log
      Reaction Engine Started

      at ReactionEngine.initialize (Backend/HBOS/Engines/ReactionEngine.ts:9:17)
          at Array.forEach (<anonymous>)

    console.log
      Decision Engine Started

      at DecisionEngine.initialize (Backend/HBOS/Engines/DecisionEngine.ts:14:17)
          at Array.forEach (<anonymous>)

    console.log
      Project Pilot Engine Started

      at ProjectPilotEngine.initialize (Backend/HBOS/Engines/ProjectPilotEngine.ts:41:17)
          at Array.forEach (<anonymous>)

    console.log
      Knowledge Engine Started

      at KnowledgeEngine.initialize (Backend/HBOS/Engines/KnowledgeEngine.ts:22:17)
          at Array.forEach (<anonymous>)

    console.log
      Assistant Engine Started

      at AssistantEngine.initialize (Backend/HBOS/Engines/AssistantEngine.ts:51:17)
          at Array.forEach (<anonymous>)

    console.log
      Intelligence Engine Started

      at IntelligenceEngine.initialize (Backend/HBOS/Engines/IntelligenceEngine.ts:50:17)
          at Array.forEach (<anonymous>)

    console.log
      ReasoningEngine Started

      at ReasoningEngine.initialize (Backend/HBOS/Engines/ReasoningEngine.ts:110:17)
          at Array.forEach (<anonymous>)

    console.log
      Governance Engine Started

      at GovernanceEngine.initialize (Backend/HBOS/Engines/GovernanceEngine.ts:140:17)
          at Array.forEach (<anonymous>)

    console.log
      Memory Engine Started

      at MemoryEngine.initialize (Backend/HBOS/Engines/MemoryEngine.ts:22:17)
          at Array.forEach (<anonymous>)

    console.log
      Memory Engine Started

      at MemoryEngine.initialize (Backend/HBOS/Engines/MemoryEngine.ts:22:17)
          at Array.forEach (<anonymous>)

    console.log
      Knowledge Engine Started

      at KnowledgeEngine.initialize (Backend/HBOS/Engines/KnowledgeEngine.ts:22:17)
          at Array.forEach (<anonymous>)

    console.log
      Project Pilot Engine Started

      at ProjectPilotEngine.initialize (Backend/HBOS/Engines/ProjectPilotEngine.ts:41:17)
          at Array.forEach (<anonymous>)

    console.log
      ReasoningEngine Started

      at ReasoningEngine.initialize (Backend/HBOS/Engines/ReasoningEngine.ts:110:17)
          at Array.forEach (<anonymous>)

    console.log
      OrganizationalIntelligenceEngine Started

      at OrganizationalIntelligenceEngine.initialize (Backend/HBOS/Engines/OrganizationalIntelligenceEngine.ts:132:17)
          at Array.forEach (<anonymous>)

    console.log
      Governance Engine Started

      at GovernanceEngine.initialize (Backend/HBOS/Engines/GovernanceEngine.ts:140:17)
          at Array.forEach (<anonymous>)

    console.log
      ExecutiveIntelligenceEngine Started

      at ExecutiveIntelligenceEngine.initialize (Backend/HBOS/Engines/ExecutiveIntelligenceEngine.ts:152:17)
          at Array.forEach (<anonymous>)

    console.log
      Memory Engine Started

      at MemoryEngine.initialize (Backend/HBOS/Engines/MemoryEngine.ts:22:17)
          at Array.forEach (<anonymous>)

    console.log
      Knowledge Engine Started

      at KnowledgeEngine.initialize (Backend/HBOS/Engines/KnowledgeEngine.ts:22:17)
          at Array.forEach (<anonymous>)

    console.log
      Project Pilot Engine Started

      at ProjectPilotEngine.initialize (Backend/HBOS/Engines/ProjectPilotEngine.ts:41:17)
          at Array.forEach (<anonymous>)

    console.log
      ReasoningEngine Started

      at ReasoningEngine.initialize (Backend/HBOS/Engines/ReasoningEngine.ts:110:17)
          at Array.forEach (<anonymous>)

    console.log
      OrganizationalIntelligenceEngine Started

      at OrganizationalIntelligenceEngine.initialize (Backend/HBOS/Engines/OrganizationalIntelligenceEngine.ts:132:17)
          at Array.forEach (<anonymous>)

    console.log
      Decision Engine Started

      at DecisionEngine.initialize (Backend/HBOS/Engines/DecisionEngine.ts:14:17)
          at Array.forEach (<anonymous>)

    console.log
      Project Pilot Engine Started

      at ProjectPilotEngine.initialize (Backend/HBOS/Engines/ProjectPilotEngine.ts:41:17)
          at Array.forEach (<anonymous>)

    console.log
      Governance Engine Started

      at GovernanceEngine.initialize (Backend/HBOS/Engines/GovernanceEngine.ts:140:17)
          at Array.forEach (<anonymous>)

    console.log
      AutonomousOperationsEngine Started

      at AutonomousOperationsEngine.initialize (Backend/HBOS/Engines/AutonomousOperationsEngine.ts:152:17)
          at Array.forEach (<anonymous>)

    console.log
      [Reaction] HBOS_BOOT | HBOS platform initialized | HBOS

      at ReactionEngine.react (Backend/HBOS/Engines/ReactionEngine.ts:21:17)

    console.log
      Memory Engine Started

      at MemoryEngine.initialize (Backend/HBOS/Engines/MemoryEngine.ts:22:17)
          at Array.forEach (<anonymous>)

    console.log
      Reaction Engine Started

      at ReactionEngine.initialize (Backend/HBOS/Engines/ReactionEngine.ts:9:17)
          at Array.forEach (<anonymous>)

    console.log
      Decision Engine Started

      at DecisionEngine.initialize (Backend/HBOS/Engines/DecisionEngine.ts:14:17)
          at Array.forEach (<anonymous>)

    console.log
      Project Pilot Engine Started

      at ProjectPilotEngine.initialize (Backend/HBOS/Engines/ProjectPilotEngine.ts:41:17)
          at Array.forEach (<anonymous>)

    console.log
      Knowledge Engine Started

      at KnowledgeEngine.initialize (Backend/HBOS/Engines/KnowledgeEngine.ts:22:17)
          at Array.forEach (<anonymous>)

    console.log
      Assistant Engine Started

      at AssistantEngine.initialize (Backend/HBOS/Engines/AssistantEngine.ts:51:17)
          at Array.forEach (<anonymous>)

    console.log
      Intelligence Engine Started

      at IntelligenceEngine.initialize (Backend/HBOS/Engines/IntelligenceEngine.ts:50:17)
          at Array.forEach (<anonymous>)

    console.log
      ReasoningEngine Started

      at ReasoningEngine.initialize (Backend/HBOS/Engines/ReasoningEngine.ts:110:17)
          at Array.forEach (<anonymous>)

    console.log
      Governance Engine Started

      at GovernanceEngine.initialize (Backend/HBOS/Engines/GovernanceEngine.ts:140:17)
          at Array.forEach (<anonymous>)

    console.log
      Memory Engine Started

      at MemoryEngine.initialize (Backend/HBOS/Engines/MemoryEngine.ts:22:17)
          at Array.forEach (<anonymous>)

    console.log
      Memory Engine Started

      at MemoryEngine.initialize (Backend/HBOS/Engines/MemoryEngine.ts:22:17)
          at Array.forEach (<anonymous>)

    console.log
      Knowledge Engine Started

      at KnowledgeEngine.initialize (Backend/HBOS/Engines/KnowledgeEngine.ts:22:17)
          at Array.forEach (<anonymous>)

    console.log
      Project Pilot Engine Started

      at ProjectPilotEngine.initialize (Backend/HBOS/Engines/ProjectPilotEngine.ts:41:17)
          at Array.forEach (<anonymous>)

    console.log
      ReasoningEngine Started

      at ReasoningEngine.initialize (Backend/HBOS/Engines/ReasoningEngine.ts:110:17)
          at Array.forEach (<anonymous>)

    console.log
      OrganizationalIntelligenceEngine Started

      at OrganizationalIntelligenceEngine.initialize (Backend/HBOS/Engines/OrganizationalIntelligenceEngine.ts:132:17)
          at Array.forEach (<anonymous>)

    console.log
      Governance Engine Started

      at GovernanceEngine.initialize (Backend/HBOS/Engines/GovernanceEngine.ts:140:17)
          at Array.forEach (<anonymous>)

    console.log
      ExecutiveIntelligenceEngine Started

      at ExecutiveIntelligenceEngine.initialize (Backend/HBOS/Engines/ExecutiveIntelligenceEngine.ts:152:17)
          at Array.forEach (<anonymous>)

    console.log
      Memory Engine Started

      at MemoryEngine.initialize (Backend/HBOS/Engines/MemoryEngine.ts:22:17)
          at Array.forEach (<anonymous>)

    console.log
      Knowledge Engine Started

      at KnowledgeEngine.initialize (Backend/HBOS/Engines/KnowledgeEngine.ts:22:17)
          at Array.forEach (<anonymous>)

    console.log
      Project Pilot Engine Started

      at ProjectPilotEngine.initialize (Backend/HBOS/Engines/ProjectPilotEngine.ts:41:17)
          at Array.forEach (<anonymous>)

    console.log
      ReasoningEngine Started

      at ReasoningEngine.initialize (Backend/HBOS/Engines/ReasoningEngine.ts:110:17)
          at Array.forEach (<anonymous>)

    console.log
      OrganizationalIntelligenceEngine Started

      at OrganizationalIntelligenceEngine.initialize (Backend/HBOS/Engines/OrganizationalIntelligenceEngine.ts:132:17)
          at Array.forEach (<anonymous>)

    console.log
      Decision Engine Started

      at DecisionEngine.initialize (Backend/HBOS/Engines/DecisionEngine.ts:14:17)
          at Array.forEach (<anonymous>)

    console.log
      Project Pilot Engine Started

      at ProjectPilotEngine.initialize (Backend/HBOS/Engines/ProjectPilotEngine.ts:41:17)
          at Array.forEach (<anonymous>)

    console.log
      Governance Engine Started

      at GovernanceEngine.initialize (Backend/HBOS/Engines/GovernanceEngine.ts:140:17)
          at Array.forEach (<anonymous>)

    console.log
      AutonomousOperationsEngine Started

      at AutonomousOperationsEngine.initialize (Backend/HBOS/Engines/AutonomousOperationsEngine.ts:152:17)
          at Array.forEach (<anonymous>)

    console.log
      [Reaction] HBOS_BOOT | HBOS platform initialized | HBOS

      at ReactionEngine.react (Backend/HBOS/Engines/ReactionEngine.ts:21:17)

    console.log
      Memory Engine Started

      at MemoryEngine.initialize (Backend/HBOS/Engines/MemoryEngine.ts:22:17)
          at Array.forEach (<anonymous>)

    console.log
      Reaction Engine Started

      at ReactionEngine.initialize (Backend/HBOS/Engines/ReactionEngine.ts:9:17)
          at Array.forEach (<anonymous>)

    console.log
      Decision Engine Started

      at DecisionEngine.initialize (Backend/HBOS/Engines/DecisionEngine.ts:14:17)
          at Array.forEach (<anonymous>)

    console.log
      Project Pilot Engine Started

      at ProjectPilotEngine.initialize (Backend/HBOS/Engines/ProjectPilotEngine.ts:41:17)
          at Array.forEach (<anonymous>)

    console.log
      Knowledge Engine Started

      at KnowledgeEngine.initialize (Backend/HBOS/Engines/KnowledgeEngine.ts:22:17)
          at Array.forEach (<anonymous>)

    console.log
      Assistant Engine Started

      at AssistantEngine.initialize (Backend/HBOS/Engines/AssistantEngine.ts:51:17)
          at Array.forEach (<anonymous>)

    console.log
      Intelligence Engine Started

      at IntelligenceEngine.initialize (Backend/HBOS/Engines/IntelligenceEngine.ts:50:17)
          at Array.forEach (<anonymous>)

    console.log
      ReasoningEngine Started

      at ReasoningEngine.initialize (Backend/HBOS/Engines/ReasoningEngine.ts:110:17)
          at Array.forEach (<anonymous>)

    console.log
      Governance Engine Started

      at GovernanceEngine.initialize (Backend/HBOS/Engines/GovernanceEngine.ts:140:17)
          at Array.forEach (<anonymous>)

    console.log
      Memory Engine Started

      at MemoryEngine.initialize (Backend/HBOS/Engines/MemoryEngine.ts:22:17)
          at Array.forEach (<anonymous>)

    console.log
      Memory Engine Started

      at MemoryEngine.initialize (Backend/HBOS/Engines/MemoryEngine.ts:22:17)
          at Array.forEach (<anonymous>)

    console.log
      Knowledge Engine Started

      at KnowledgeEngine.initialize (Backend/HBOS/Engines/KnowledgeEngine.ts:22:17)
          at Array.forEach (<anonymous>)

    console.log
      Project Pilot Engine Started

      at ProjectPilotEngine.initialize (Backend/HBOS/Engines/ProjectPilotEngine.ts:41:17)
          at Array.forEach (<anonymous>)

    console.log
      ReasoningEngine Started

      at ReasoningEngine.initialize (Backend/HBOS/Engines/ReasoningEngine.ts:110:17)
          at Array.forEach (<anonymous>)

    console.log
      OrganizationalIntelligenceEngine Started

      at OrganizationalIntelligenceEngine.initialize (Backend/HBOS/Engines/OrganizationalIntelligenceEngine.ts:132:17)
          at Array.forEach (<anonymous>)

    console.log
      Governance Engine Started

      at GovernanceEngine.initialize (Backend/HBOS/Engines/GovernanceEngine.ts:140:17)
          at Array.forEach (<anonymous>)

    console.log
      ExecutiveIntelligenceEngine Started

      at ExecutiveIntelligenceEngine.initialize (Backend/HBOS/Engines/ExecutiveIntelligenceEngine.ts:152:17)
          at Array.forEach (<anonymous>)

    console.log
      Memory Engine Started

      at MemoryEngine.initialize (Backend/HBOS/Engines/MemoryEngine.ts:22:17)
          at Array.forEach (<anonymous>)

    console.log
      Knowledge Engine Started

      at KnowledgeEngine.initialize (Backend/HBOS/Engines/KnowledgeEngine.ts:22:17)
          at Array.forEach (<anonymous>)

    console.log
      Project Pilot Engine Started

      at ProjectPilotEngine.initialize (Backend/HBOS/Engines/ProjectPilotEngine.ts:41:17)
          at Array.forEach (<anonymous>)

    console.log
      ReasoningEngine Started

      at ReasoningEngine.initialize (Backend/HBOS/Engines/ReasoningEngine.ts:110:17)
          at Array.forEach (<anonymous>)

    console.log
      OrganizationalIntelligenceEngine Started

      at OrganizationalIntelligenceEngine.initialize (Backend/HBOS/Engines/OrganizationalIntelligenceEngine.ts:132:17)
          at Array.forEach (<anonymous>)

    console.log
      Decision Engine Started

      at DecisionEngine.initialize (Backend/HBOS/Engines/DecisionEngine.ts:14:17)
          at Array.forEach (<anonymous>)

    console.log
      Project Pilot Engine Started

      at ProjectPilotEngine.initialize (Backend/HBOS/Engines/ProjectPilotEngine.ts:41:17)
          at Array.forEach (<anonymous>)

    console.log
      Governance Engine Started

      at GovernanceEngine.initialize (Backend/HBOS/Engines/GovernanceEngine.ts:140:17)
          at Array.forEach (<anonymous>)

    console.log
      AutonomousOperationsEngine Started

      at AutonomousOperationsEngine.initialize (Backend/HBOS/Engines/AutonomousOperationsEngine.ts:152:17)
          at Array.forEach (<anonymous>)

    console.log
      [Reaction] HBOS_BOOT | HBOS platform initialized | HBOS

      at ReactionEngine.react (Backend/HBOS/Engines/ReactionEngine.ts:21:17)

    console.log
      Memory Engine Started

      at MemoryEngine.initialize (Backend/HBOS/Engines/MemoryEngine.ts:22:17)
          at Array.forEach (<anonymous>)

    console.log
      Reaction Engine Started

      at ReactionEngine.initialize (Backend/HBOS/Engines/ReactionEngine.ts:9:17)
          at Array.forEach (<anonymous>)

    console.log
      Decision Engine Started

      at DecisionEngine.initialize (Backend/HBOS/Engines/DecisionEngine.ts:14:17)
          at Array.forEach (<anonymous>)

    console.log
      Project Pilot Engine Started

      at ProjectPilotEngine.initialize (Backend/HBOS/Engines/ProjectPilotEngine.ts:41:17)
          at Array.forEach (<anonymous>)

    console.log
      Knowledge Engine Started

      at KnowledgeEngine.initialize (Backend/HBOS/Engines/KnowledgeEngine.ts:22:17)
          at Array.forEach (<anonymous>)

    console.log
      Assistant Engine Started

      at AssistantEngine.initialize (Backend/HBOS/Engines/AssistantEngine.ts:51:17)
          at Array.forEach (<anonymous>)

    console.log
      Intelligence Engine Started

      at IntelligenceEngine.initialize (Backend/HBOS/Engines/IntelligenceEngine.ts:50:17)
          at Array.forEach (<anonymous>)

    console.log
      ReasoningEngine Started

      at ReasoningEngine.initialize (Backend/HBOS/Engines/ReasoningEngine.ts:110:17)
          at Array.forEach (<anonymous>)

    console.log
      Governance Engine Started

      at GovernanceEngine.initialize (Backend/HBOS/Engines/GovernanceEngine.ts:140:17)
          at Array.forEach (<anonymous>)

    console.log
      Memory Engine Started

      at MemoryEngine.initialize (Backend/HBOS/Engines/MemoryEngine.ts:22:17)
          at Array.forEach (<anonymous>)

    console.log
      Memory Engine Started

      at MemoryEngine.initialize (Backend/HBOS/Engines/MemoryEngine.ts:22:17)
          at Array.forEach (<anonymous>)

    console.log
      Knowledge Engine Started

      at KnowledgeEngine.initialize (Backend/HBOS/Engines/KnowledgeEngine.ts:22:17)
          at Array.forEach (<anonymous>)

    console.log
      Project Pilot Engine Started

      at ProjectPilotEngine.initialize (Backend/HBOS/Engines/ProjectPilotEngine.ts:41:17)
          at Array.forEach (<anonymous>)

    console.log
      ReasoningEngine Started

      at ReasoningEngine.initialize (Backend/HBOS/Engines/ReasoningEngine.ts:110:17)
          at Array.forEach (<anonymous>)

    console.log
      OrganizationalIntelligenceEngine Started

      at OrganizationalIntelligenceEngine.initialize (Backend/HBOS/Engines/OrganizationalIntelligenceEngine.ts:132:17)
          at Array.forEach (<anonymous>)

    console.log
      Governance Engine Started

      at GovernanceEngine.initialize (Backend/HBOS/Engines/GovernanceEngine.ts:140:17)
          at Array.forEach (<anonymous>)

    console.log
      ExecutiveIntelligenceEngine Started

      at ExecutiveIntelligenceEngine.initialize (Backend/HBOS/Engines/ExecutiveIntelligenceEngine.ts:152:17)
          at Array.forEach (<anonymous>)

    console.log
      Memory Engine Started

      at MemoryEngine.initialize (Backend/HBOS/Engines/MemoryEngine.ts:22:17)
          at Array.forEach (<anonymous>)

    console.log
      Knowledge Engine Started

      at KnowledgeEngine.initialize (Backend/HBOS/Engines/KnowledgeEngine.ts:22:17)
          at Array.forEach (<anonymous>)

    console.log
      Project Pilot Engine Started

      at ProjectPilotEngine.initialize (Backend/HBOS/Engines/ProjectPilotEngine.ts:41:17)
          at Array.forEach (<anonymous>)

    console.log
      ReasoningEngine Started

      at ReasoningEngine.initialize (Backend/HBOS/Engines/ReasoningEngine.ts:110:17)
          at Array.forEach (<anonymous>)

    console.log
      OrganizationalIntelligenceEngine Started

      at OrganizationalIntelligenceEngine.initialize (Backend/HBOS/Engines/OrganizationalIntelligenceEngine.ts:132:17)
          at Array.forEach (<anonymous>)

    console.log
      Decision Engine Started

      at DecisionEngine.initialize (Backend/HBOS/Engines/DecisionEngine.ts:14:17)
          at Array.forEach (<anonymous>)

    console.log
      Project Pilot Engine Started

      at ProjectPilotEngine.initialize (Backend/HBOS/Engines/ProjectPilotEngine.ts:41:17)
          at Array.forEach (<anonymous>)

    console.log
      Governance Engine Started

      at GovernanceEngine.initialize (Backend/HBOS/Engines/GovernanceEngine.ts:140:17)
          at Array.forEach (<anonymous>)

    console.log
      AutonomousOperationsEngine Started

      at AutonomousOperationsEngine.initialize (Backend/HBOS/Engines/AutonomousOperationsEngine.ts:152:17)
          at Array.forEach (<anonymous>)

    console.log
      [Reaction] HBOS_BOOT | HBOS platform initialized | HBOS

      at ReactionEngine.react (Backend/HBOS/Engines/ReactionEngine.ts:21:17)

    console.log
      Memory Engine Started

      at MemoryEngine.initialize (Backend/HBOS/Engines/MemoryEngine.ts:22:17)
          at Array.forEach (<anonymous>)

    console.log
      Reaction Engine Started

      at ReactionEngine.initialize (Backend/HBOS/Engines/ReactionEngine.ts:9:17)
          at Array.forEach (<anonymous>)

    console.log
      Decision Engine Started

      at DecisionEngine.initialize (Backend/HBOS/Engines/DecisionEngine.ts:14:17)
          at Array.forEach (<anonymous>)

    console.log
      Project Pilot Engine Started

      at ProjectPilotEngine.initialize (Backend/HBOS/Engines/ProjectPilotEngine.ts:41:17)
          at Array.forEach (<anonymous>)

    console.log
      Knowledge Engine Started

      at KnowledgeEngine.initialize (Backend/HBOS/Engines/KnowledgeEngine.ts:22:17)
          at Array.forEach (<anonymous>)

    console.log
      Assistant Engine Started

      at AssistantEngine.initialize (Backend/HBOS/Engines/AssistantEngine.ts:51:17)
          at Array.forEach (<anonymous>)

    console.log
      Intelligence Engine Started

      at IntelligenceEngine.initialize (Backend/HBOS/Engines/IntelligenceEngine.ts:50:17)
          at Array.forEach (<anonymous>)

    console.log
      ReasoningEngine Started

      at ReasoningEngine.initialize (Backend/HBOS/Engines/ReasoningEngine.ts:110:17)
          at Array.forEach (<anonymous>)

    console.log
      Governance Engine Started

      at GovernanceEngine.initialize (Backend/HBOS/Engines/GovernanceEngine.ts:140:17)
          at Array.forEach (<anonymous>)

    console.log
      Memory Engine Started

      at MemoryEngine.initialize (Backend/HBOS/Engines/MemoryEngine.ts:22:17)
          at Array.forEach (<anonymous>)

    console.log
      Memory Engine Started

      at MemoryEngine.initialize (Backend/HBOS/Engines/MemoryEngine.ts:22:17)
          at Array.forEach (<anonymous>)

    console.log
      Knowledge Engine Started

      at KnowledgeEngine.initialize (Backend/HBOS/Engines/KnowledgeEngine.ts:22:17)
          at Array.forEach (<anonymous>)

    console.log
      Project Pilot Engine Started

      at ProjectPilotEngine.initialize (Backend/HBOS/Engines/ProjectPilotEngine.ts:41:17)
          at Array.forEach (<anonymous>)

    console.log
      ReasoningEngine Started

      at ReasoningEngine.initialize (Backend/HBOS/Engines/ReasoningEngine.ts:110:17)
          at Array.forEach (<anonymous>)

    console.log
      OrganizationalIntelligenceEngine Started

      at OrganizationalIntelligenceEngine.initialize (Backend/HBOS/Engines/OrganizationalIntelligenceEngine.ts:132:17)
          at Array.forEach (<anonymous>)

    console.log
      Governance Engine Started

      at GovernanceEngine.initialize (Backend/HBOS/Engines/GovernanceEngine.ts:140:17)
          at Array.forEach (<anonymous>)

    console.log
      ExecutiveIntelligenceEngine Started

      at ExecutiveIntelligenceEngine.initialize (Backend/HBOS/Engines/ExecutiveIntelligenceEngine.ts:152:17)
          at Array.forEach (<anonymous>)

    console.log
      Memory Engine Started

      at MemoryEngine.initialize (Backend/HBOS/Engines/MemoryEngine.ts:22:17)
          at Array.forEach (<anonymous>)

    console.log
      Knowledge Engine Started

      at KnowledgeEngine.initialize (Backend/HBOS/Engines/KnowledgeEngine.ts:22:17)
          at Array.forEach (<anonymous>)

    console.log
      Project Pilot Engine Started

      at ProjectPilotEngine.initialize (Backend/HBOS/Engines/ProjectPilotEngine.ts:41:17)
          at Array.forEach (<anonymous>)

    console.log
      ReasoningEngine Started

      at ReasoningEngine.initialize (Backend/HBOS/Engines/ReasoningEngine.ts:110:17)
          at Array.forEach (<anonymous>)

    console.log
      OrganizationalIntelligenceEngine Started

      at OrganizationalIntelligenceEngine.initialize (Backend/HBOS/Engines/OrganizationalIntelligenceEngine.ts:132:17)
          at Array.forEach (<anonymous>)

    console.log
      Decision Engine Started

      at DecisionEngine.initialize (Backend/HBOS/Engines/DecisionEngine.ts:14:17)
          at Array.forEach (<anonymous>)

    console.log
      Project Pilot Engine Started

      at ProjectPilotEngine.initialize (Backend/HBOS/Engines/ProjectPilotEngine.ts:41:17)
          at Array.forEach (<anonymous>)

    console.log
      Governance Engine Started

      at GovernanceEngine.initialize (Backend/HBOS/Engines/GovernanceEngine.ts:140:17)
          at Array.forEach (<anonymous>)

    console.log
      AutonomousOperationsEngine Started

      at AutonomousOperationsEngine.initialize (Backend/HBOS/Engines/AutonomousOperationsEngine.ts:152:17)
          at Array.forEach (<anonymous>)

    console.log
      [Reaction] HBOS_BOOT | HBOS platform initialized | HBOS

      at ReactionEngine.react (Backend/HBOS/Engines/ReactionEngine.ts:21:17)

SUCCESS: The process with PID 8588 (child process of PID 11552) has been terminated.
SUCCESS: The process with PID 1964 (child process of PID 5100) has been terminated.
PASS Backend/HBOS/test/CanonicalCapabilityAudit.test.ts
PASS Backend/HBOS/test/ProductOfflineSync.test.ts (10.416 s)
  ● Console

    console.log
      ReasoningEngine Started

      at ReasoningEngine.initialize (Backend/HBOS/Engines/ReasoningEngine.ts:110:17)

    console.log
      Memory Engine Started

      at MemoryEngine.initialize (Backend/HBOS/Engines/MemoryEngine.ts:22:17)

    console.log
      Knowledge Engine Started

      at KnowledgeEngine.initialize (Backend/HBOS/Engines/KnowledgeEngine.ts:22:17)

    console.log
      Project Pilot Engine Started

      at ProjectPilotEngine.initialize (Backend/HBOS/Engines/ProjectPilotEngine.ts:41:17)

    console.log
      ReasoningEngine Started

      at ReasoningEngine.initialize (Backend/HBOS/Engines/ReasoningEngine.ts:110:17)

    console.log
      OrganizationalIntelligenceEngine Started

      at OrganizationalIntelligenceEngine.initialize (Backend/HBOS/Engines/OrganizationalIntelligenceEngine.ts:132:17)

    console.log
      Governance Engine Started

      at GovernanceEngine.initialize (Backend/HBOS/Engines/GovernanceEngine.ts:140:17)

    console.log
      Memory Engine Started

      at MemoryEngine.initialize (Backend/HBOS/Engines/MemoryEngine.ts:22:17)

    console.log
      Memory Engine Started

      at MemoryEngine.initialize (Backend/HBOS/Engines/MemoryEngine.ts:22:17)

    console.log
      Knowledge Engine Started

      at KnowledgeEngine.initialize (Backend/HBOS/Engines/KnowledgeEngine.ts:22:17)

    console.log
      Project Pilot Engine Started

      at ProjectPilotEngine.initialize (Backend/HBOS/Engines/ProjectPilotEngine.ts:41:17)

    console.log
      ReasoningEngine Started

      at ReasoningEngine.initialize (Backend/HBOS/Engines/ReasoningEngine.ts:110:17)

    console.log
      OrganizationalIntelligenceEngine Started

      at OrganizationalIntelligenceEngine.initialize (Backend/HBOS/Engines/OrganizationalIntelligenceEngine.ts:132:17)

    console.log
      Governance Engine Started

      at GovernanceEngine.initialize (Backend/HBOS/Engines/GovernanceEngine.ts:140:17)

    console.log
      ExecutiveIntelligenceEngine Started

      at ExecutiveIntelligenceEngine.initialize (Backend/HBOS/Engines/ExecutiveIntelligenceEngine.ts:152:17)

    console.log
      Decision Engine Started

      at DecisionEngine.initialize (Backend/HBOS/Engines/DecisionEngine.ts:14:17)

    console.log
      Project Pilot Engine Started

      at ProjectPilotEngine.initialize (Backend/HBOS/Engines/ProjectPilotEngine.ts:41:17)

    console.log
      Governance Engine Started

      at GovernanceEngine.initialize (Backend/HBOS/Engines/GovernanceEngine.ts:140:17)

    console.log
      AutonomousOperationsEngine Started

      at AutonomousOperationsEngine.initialize (Backend/HBOS/Engines/AutonomousOperationsEngine.ts:152:17)

    console.log
      Knowledge Engine Started

      at KnowledgeEngine.initialize (Backend/HBOS/Engines/KnowledgeEngine.ts:22:17)

    console.log
      ReasoningEngine Started

      at ReasoningEngine.initialize (Backend/HBOS/Engines/ReasoningEngine.ts:110:17)

    console.log
      Memory Engine Started

      at MemoryEngine.initialize (Backend/HBOS/Engines/MemoryEngine.ts:22:17)

    console.log
      Knowledge Engine Started

      at KnowledgeEngine.initialize (Backend/HBOS/Engines/KnowledgeEngine.ts:22:17)

    console.log
      Project Pilot Engine Started

      at ProjectPilotEngine.initialize (Backend/HBOS/Engines/ProjectPilotEngine.ts:41:17)

    console.log
      ReasoningEngine Started

      at ReasoningEngine.initialize (Backend/HBOS/Engines/ReasoningEngine.ts:110:17)

    console.log
      OrganizationalIntelligenceEngine Started

      at OrganizationalIntelligenceEngine.initialize (Backend/HBOS/Engines/OrganizationalIntelligenceEngine.ts:132:17)

    console.log
      Governance Engine Started

      at GovernanceEngine.initialize (Backend/HBOS/Engines/GovernanceEngine.ts:140:17)

    console.log
      Memory Engine Started

      at MemoryEngine.initialize (Backend/HBOS/Engines/MemoryEngine.ts:22:17)

    console.log
      Memory Engine Started

      at MemoryEngine.initialize (Backend/HBOS/Engines/MemoryEngine.ts:22:17)

    console.log
      Knowledge Engine Started

      at KnowledgeEngine.initialize (Backend/HBOS/Engines/KnowledgeEngine.ts:22:17)

    console.log
      Project Pilot Engine Started

      at ProjectPilotEngine.initialize (Backend/HBOS/Engines/ProjectPilotEngine.ts:41:17)

    console.log
      ReasoningEngine Started

      at ReasoningEngine.initialize (Backend/HBOS/Engines/ReasoningEngine.ts:110:17)

    console.log
      OrganizationalIntelligenceEngine Started

      at OrganizationalIntelligenceEngine.initialize (Backend/HBOS/Engines/OrganizationalIntelligenceEngine.ts:132:17)

    console.log
      Governance Engine Started

      at GovernanceEngine.initialize (Backend/HBOS/Engines/GovernanceEngine.ts:140:17)

    console.log
      ExecutiveIntelligenceEngine Started

      at ExecutiveIntelligenceEngine.initialize (Backend/HBOS/Engines/ExecutiveIntelligenceEngine.ts:152:17)

    console.log
      Decision Engine Started

      at DecisionEngine.initialize (Backend/HBOS/Engines/DecisionEngine.ts:14:17)

    console.log
      Project Pilot Engine Started

      at ProjectPilotEngine.initialize (Backend/HBOS/Engines/ProjectPilotEngine.ts:41:17)

    console.log
      Governance Engine Started

      at GovernanceEngine.initialize (Backend/HBOS/Engines/GovernanceEngine.ts:140:17)

    console.log
      AutonomousOperationsEngine Started

      at AutonomousOperationsEngine.initialize (Backend/HBOS/Engines/AutonomousOperationsEngine.ts:152:17)

    console.log
      Knowledge Engine Started

      at KnowledgeEngine.initialize (Backend/HBOS/Engines/KnowledgeEngine.ts:22:17)

    console.log
      ReasoningEngine Started

      at ReasoningEngine.initialize (Backend/HBOS/Engines/ReasoningEngine.ts:110:17)

    console.log
      Memory Engine Started

      at MemoryEngine.initialize (Backend/HBOS/Engines/MemoryEngine.ts:22:17)

    console.log
      Knowledge Engine Started

      at KnowledgeEngine.initialize (Backend/HBOS/Engines/KnowledgeEngine.ts:22:17)

    console.log
      Project Pilot Engine Started

      at ProjectPilotEngine.initialize (Backend/HBOS/Engines/ProjectPilotEngine.ts:41:17)

    console.log
      ReasoningEngine Started

      at ReasoningEngine.initialize (Backend/HBOS/Engines/ReasoningEngine.ts:110:17)

    console.log
      OrganizationalIntelligenceEngine Started

      at OrganizationalIntelligenceEngine.initialize (Backend/HBOS/Engines/OrganizationalIntelligenceEngine.ts:132:17)

    console.log
      Governance Engine Started

      at GovernanceEngine.initialize (Backend/HBOS/Engines/GovernanceEngine.ts:140:17)

    console.log
      Memory Engine Started

      at MemoryEngine.initialize (Backend/HBOS/Engines/MemoryEngine.ts:22:17)

    console.log
      Memory Engine Started

      at MemoryEngine.initialize (Backend/HBOS/Engines/MemoryEngine.ts:22:17)

    console.log
      Knowledge Engine Started

      at KnowledgeEngine.initialize (Backend/HBOS/Engines/KnowledgeEngine.ts:22:17)

    console.log
      Project Pilot Engine Started

      at ProjectPilotEngine.initialize (Backend/HBOS/Engines/ProjectPilotEngine.ts:41:17)

    console.log
      ReasoningEngine Started

      at ReasoningEngine.initialize (Backend/HBOS/Engines/ReasoningEngine.ts:110:17)

    console.log
      OrganizationalIntelligenceEngine Started

      at OrganizationalIntelligenceEngine.initialize (Backend/HBOS/Engines/OrganizationalIntelligenceEngine.ts:132:17)

    console.log
      Governance Engine Started

      at GovernanceEngine.initialize (Backend/HBOS/Engines/GovernanceEngine.ts:140:17)

    console.log
      ExecutiveIntelligenceEngine Started

      at ExecutiveIntelligenceEngine.initialize (Backend/HBOS/Engines/ExecutiveIntelligenceEngine.ts:152:17)

    console.log
      Decision Engine Started

      at DecisionEngine.initialize (Backend/HBOS/Engines/DecisionEngine.ts:14:17)

    console.log
      Project Pilot Engine Started

      at ProjectPilotEngine.initialize (Backend/HBOS/Engines/ProjectPilotEngine.ts:41:17)

    console.log
      Governance Engine Started

      at GovernanceEngine.initialize (Backend/HBOS/Engines/GovernanceEngine.ts:140:17)

    console.log
      AutonomousOperationsEngine Started

      at AutonomousOperationsEngine.initialize (Backend/HBOS/Engines/AutonomousOperationsEngine.ts:152:17)

    console.log
      Knowledge Engine Started

      at KnowledgeEngine.initialize (Backend/HBOS/Engines/KnowledgeEngine.ts:22:17)

    console.log
      ReasoningEngine Started

      at ReasoningEngine.initialize (Backend/HBOS/Engines/ReasoningEngine.ts:110:17)

    console.log
      Memory Engine Started

      at MemoryEngine.initialize (Backend/HBOS/Engines/MemoryEngine.ts:22:17)

    console.log
      Knowledge Engine Started

      at KnowledgeEngine.initialize (Backend/HBOS/Engines/KnowledgeEngine.ts:22:17)

    console.log
      Project Pilot Engine Started

      at ProjectPilotEngine.initialize (Backend/HBOS/Engines/ProjectPilotEngine.ts:41:17)

    console.log
      ReasoningEngine Started

      at ReasoningEngine.initialize (Backend/HBOS/Engines/ReasoningEngine.ts:110:17)

    console.log
      OrganizationalIntelligenceEngine Started

      at OrganizationalIntelligenceEngine.initialize (Backend/HBOS/Engines/OrganizationalIntelligenceEngine.ts:132:17)

    console.log
      Governance Engine Started

      at GovernanceEngine.initialize (Backend/HBOS/Engines/GovernanceEngine.ts:140:17)

    console.log
      Memory Engine Started

      at MemoryEngine.initialize (Backend/HBOS/Engines/MemoryEngine.ts:22:17)

    console.log
      Memory Engine Started

      at MemoryEngine.initialize (Backend/HBOS/Engines/MemoryEngine.ts:22:17)

    console.log
      Knowledge Engine Started

      at KnowledgeEngine.initialize (Backend/HBOS/Engines/KnowledgeEngine.ts:22:17)

    console.log
      Project Pilot Engine Started

      at ProjectPilotEngine.initialize (Backend/HBOS/Engines/ProjectPilotEngine.ts:41:17)

    console.log
      ReasoningEngine Started

      at ReasoningEngine.initialize (Backend/HBOS/Engines/ReasoningEngine.ts:110:17)

    console.log
      OrganizationalIntelligenceEngine Started

      at OrganizationalIntelligenceEngine.initialize (Backend/HBOS/Engines/OrganizationalIntelligenceEngine.ts:132:17)

    console.log
      Governance Engine Started

      at GovernanceEngine.initialize (Backend/HBOS/Engines/GovernanceEngine.ts:140:17)

    console.log
      ExecutiveIntelligenceEngine Started

      at ExecutiveIntelligenceEngine.initialize (Backend/HBOS/Engines/ExecutiveIntelligenceEngine.ts:152:17)

    console.log
      Decision Engine Started

      at DecisionEngine.initialize (Backend/HBOS/Engines/DecisionEngine.ts:14:17)

    console.log
      Project Pilot Engine Started

      at ProjectPilotEngine.initialize (Backend/HBOS/Engines/ProjectPilotEngine.ts:41:17)

    console.log
      Governance Engine Started

      at GovernanceEngine.initialize (Backend/HBOS/Engines/GovernanceEngine.ts:140:17)

    console.log
      AutonomousOperationsEngine Started

      at AutonomousOperationsEngine.initialize (Backend/HBOS/Engines/AutonomousOperationsEngine.ts:152:17)

    console.log
      Knowledge Engine Started

      at KnowledgeEngine.initialize (Backend/HBOS/Engines/KnowledgeEngine.ts:22:17)

    console.log
      ReasoningEngine Started

      at ReasoningEngine.initialize (Backend/HBOS/Engines/ReasoningEngine.ts:110:17)

    console.log
      Memory Engine Started

      at MemoryEngine.initialize (Backend/HBOS/Engines/MemoryEngine.ts:22:17)

    console.log
      Knowledge Engine Started

      at KnowledgeEngine.initialize (Backend/HBOS/Engines/KnowledgeEngine.ts:22:17)

    console.log
      Project Pilot Engine Started

      at ProjectPilotEngine.initialize (Backend/HBOS/Engines/ProjectPilotEngine.ts:41:17)

    console.log
      ReasoningEngine Started

      at ReasoningEngine.initialize (Backend/HBOS/Engines/ReasoningEngine.ts:110:17)

    console.log
      OrganizationalIntelligenceEngine Started

      at OrganizationalIntelligenceEngine.initialize (Backend/HBOS/Engines/OrganizationalIntelligenceEngine.ts:132:17)

    console.log
      Governance Engine Started

      at GovernanceEngine.initialize (Backend/HBOS/Engines/GovernanceEngine.ts:140:17)

    console.log
      Memory Engine Started

      at MemoryEngine.initialize (Backend/HBOS/Engines/MemoryEngine.ts:22:17)

    console.log
      Memory Engine Started

      at MemoryEngine.initialize (Backend/HBOS/Engines/MemoryEngine.ts:22:17)

    console.log
      Knowledge Engine Started

      at KnowledgeEngine.initialize (Backend/HBOS/Engines/KnowledgeEngine.ts:22:17)

    console.log
      Project Pilot Engine Started

      at ProjectPilotEngine.initialize (Backend/HBOS/Engines/ProjectPilotEngine.ts:41:17)

    console.log
      ReasoningEngine Started

      at ReasoningEngine.initialize (Backend/HBOS/Engines/ReasoningEngine.ts:110:17)

    console.log
      OrganizationalIntelligenceEngine Started

      at OrganizationalIntelligenceEngine.initialize (Backend/HBOS/Engines/OrganizationalIntelligenceEngine.ts:132:17)

    console.log
      Governance Engine Started

      at GovernanceEngine.initialize (Backend/HBOS/Engines/GovernanceEngine.ts:140:17)

    console.log
      ExecutiveIntelligenceEngine Started

      at ExecutiveIntelligenceEngine.initialize (Backend/HBOS/Engines/ExecutiveIntelligenceEngine.ts:152:17)

    console.log
      Decision Engine Started

      at DecisionEngine.initialize (Backend/HBOS/Engines/DecisionEngine.ts:14:17)

    console.log
      Project Pilot Engine Started

      at ProjectPilotEngine.initialize (Backend/HBOS/Engines/ProjectPilotEngine.ts:41:17)

    console.log
      Governance Engine Started

      at GovernanceEngine.initialize (Backend/HBOS/Engines/GovernanceEngine.ts:140:17)

    console.log
      AutonomousOperationsEngine Started

      at AutonomousOperationsEngine.initialize (Backend/HBOS/Engines/AutonomousOperationsEngine.ts:152:17)

    console.log
      Knowledge Engine Started

      at KnowledgeEngine.initialize (Backend/HBOS/Engines/KnowledgeEngine.ts:22:17)

    console.log
      ReasoningEngine Started

      at ReasoningEngine.initialize (Backend/HBOS/Engines/ReasoningEngine.ts:110:17)

    console.log
      Memory Engine Started

      at MemoryEngine.initialize (Backend/HBOS/Engines/MemoryEngine.ts:22:17)

    console.log
      Knowledge Engine Started

      at KnowledgeEngine.initialize (Backend/HBOS/Engines/KnowledgeEngine.ts:22:17)

    console.log
      Project Pilot Engine Started

      at ProjectPilotEngine.initialize (Backend/HBOS/Engines/ProjectPilotEngine.ts:41:17)

    console.log
      ReasoningEngine Started

      at ReasoningEngine.initialize (Backend/HBOS/Engines/ReasoningEngine.ts:110:17)

    console.log
      OrganizationalIntelligenceEngine Started

      at OrganizationalIntelligenceEngine.initialize (Backend/HBOS/Engines/OrganizationalIntelligenceEngine.ts:132:17)

    console.log
      Governance Engine Started

      at GovernanceEngine.initialize (Backend/HBOS/Engines/GovernanceEngine.ts:140:17)

    console.log
      Memory Engine Started

      at MemoryEngine.initialize (Backend/HBOS/Engines/MemoryEngine.ts:22:17)

    console.log
      Memory Engine Started

      at MemoryEngine.initialize (Backend/HBOS/Engines/MemoryEngine.ts:22:17)

    console.log
      Knowledge Engine Started

      at KnowledgeEngine.initialize (Backend/HBOS/Engines/KnowledgeEngine.ts:22:17)

    console.log
      Project Pilot Engine Started

      at ProjectPilotEngine.initialize (Backend/HBOS/Engines/ProjectPilotEngine.ts:41:17)

    console.log
      ReasoningEngine Started

      at ReasoningEngine.initialize (Backend/HBOS/Engines/ReasoningEngine.ts:110:17)

    console.log
      OrganizationalIntelligenceEngine Started

      at OrganizationalIntelligenceEngine.initialize (Backend/HBOS/Engines/OrganizationalIntelligenceEngine.ts:132:17)

    console.log
      Governance Engine Started

      at GovernanceEngine.initialize (Backend/HBOS/Engines/GovernanceEngine.ts:140:17)

    console.log
      ExecutiveIntelligenceEngine Started

      at ExecutiveIntelligenceEngine.initialize (Backend/HBOS/Engines/ExecutiveIntelligenceEngine.ts:152:17)

    console.log
      Decision Engine Started

      at DecisionEngine.initialize (Backend/HBOS/Engines/DecisionEngine.ts:14:17)

    console.log
      Project Pilot Engine Started

      at ProjectPilotEngine.initialize (Backend/HBOS/Engines/ProjectPilotEngine.ts:41:17)

    console.log
      Governance Engine Started

      at GovernanceEngine.initialize (Backend/HBOS/Engines/GovernanceEngine.ts:140:17)

    console.log
      AutonomousOperationsEngine Started

      at AutonomousOperationsEngine.initialize (Backend/HBOS/Engines/AutonomousOperationsEngine.ts:152:17)

    console.log
      Knowledge Engine Started

      at KnowledgeEngine.initialize (Backend/HBOS/Engines/KnowledgeEngine.ts:22:17)

    console.log
      ReasoningEngine Started

      at ReasoningEngine.initialize (Backend/HBOS/Engines/ReasoningEngine.ts:110:17)

    console.log
      Memory Engine Started

      at MemoryEngine.initialize (Backend/HBOS/Engines/MemoryEngine.ts:22:17)

    console.log
      Knowledge Engine Started

      at KnowledgeEngine.initialize (Backend/HBOS/Engines/KnowledgeEngine.ts:22:17)

    console.log
      Project Pilot Engine Started

      at ProjectPilotEngine.initialize (Backend/HBOS/Engines/ProjectPilotEngine.ts:41:17)

    console.log
      ReasoningEngine Started

      at ReasoningEngine.initialize (Backend/HBOS/Engines/ReasoningEngine.ts:110:17)

    console.log
      OrganizationalIntelligenceEngine Started

      at OrganizationalIntelligenceEngine.initialize (Backend/HBOS/Engines/OrganizationalIntelligenceEngine.ts:132:17)

    console.log
      Governance Engine Started

      at GovernanceEngine.initialize (Backend/HBOS/Engines/GovernanceEngine.ts:140:17)

    console.log
      Memory Engine Started

      at MemoryEngine.initialize (Backend/HBOS/Engines/MemoryEngine.ts:22:17)

    console.log
      Memory Engine Started

      at MemoryEngine.initialize (Backend/HBOS/Engines/MemoryEngine.ts:22:17)

    console.log
      Knowledge Engine Started

      at KnowledgeEngine.initialize (Backend/HBOS/Engines/KnowledgeEngine.ts:22:17)

    console.log
      Project Pilot Engine Started

      at ProjectPilotEngine.initialize (Backend/HBOS/Engines/ProjectPilotEngine.ts:41:17)

    console.log
      ReasoningEngine Started

      at ReasoningEngine.initialize (Backend/HBOS/Engines/ReasoningEngine.ts:110:17)

    console.log
      OrganizationalIntelligenceEngine Started

      at OrganizationalIntelligenceEngine.initialize (Backend/HBOS/Engines/OrganizationalIntelligenceEngine.ts:132:17)

    console.log
      Governance Engine Started

      at GovernanceEngine.initialize (Backend/HBOS/Engines/GovernanceEngine.ts:140:17)

    console.log
      ExecutiveIntelligenceEngine Started

      at ExecutiveIntelligenceEngine.initialize (Backend/HBOS/Engines/ExecutiveIntelligenceEngine.ts:152:17)

    console.log
      Decision Engine Started

      at DecisionEngine.initialize (Backend/HBOS/Engines/DecisionEngine.ts:14:17)

    console.log
      Project Pilot Engine Started

      at ProjectPilotEngine.initialize (Backend/HBOS/Engines/ProjectPilotEngine.ts:41:17)

    console.log
      Governance Engine Started

      at GovernanceEngine.initialize (Backend/HBOS/Engines/GovernanceEngine.ts:140:17)

    console.log
      AutonomousOperationsEngine Started

      at AutonomousOperationsEngine.initialize (Backend/HBOS/Engines/AutonomousOperationsEngine.ts:152:17)

    console.log
      Knowledge Engine Started

      at KnowledgeEngine.initialize (Backend/HBOS/Engines/KnowledgeEngine.ts:22:17)

    console.log
      ReasoningEngine Started

      at ReasoningEngine.initialize (Backend/HBOS/Engines/ReasoningEngine.ts:110:17)

    console.log
      Memory Engine Started

      at MemoryEngine.initialize (Backend/HBOS/Engines/MemoryEngine.ts:22:17)

    console.log
      Knowledge Engine Started

      at KnowledgeEngine.initialize (Backend/HBOS/Engines/KnowledgeEngine.ts:22:17)

    console.log
      Project Pilot Engine Started

      at ProjectPilotEngine.initialize (Backend/HBOS/Engines/ProjectPilotEngine.ts:41:17)

    console.log
      ReasoningEngine Started

      at ReasoningEngine.initialize (Backend/HBOS/Engines/ReasoningEngine.ts:110:17)

    console.log
      OrganizationalIntelligenceEngine Started

      at OrganizationalIntelligenceEngine.initialize (Backend/HBOS/Engines/OrganizationalIntelligenceEngine.ts:132:17)

    console.log
      Governance Engine Started

      at GovernanceEngine.initialize (Backend/HBOS/Engines/GovernanceEngine.ts:140:17)

    console.log
      Memory Engine Started

      at MemoryEngine.initialize (Backend/HBOS/Engines/MemoryEngine.ts:22:17)

    console.log
      Memory Engine Started

      at MemoryEngine.initialize (Backend/HBOS/Engines/MemoryEngine.ts:22:17)

    console.log
      Knowledge Engine Started

      at KnowledgeEngine.initialize (Backend/HBOS/Engines/KnowledgeEngine.ts:22:17)

    console.log
      Project Pilot Engine Started

      at ProjectPilotEngine.initialize (Backend/HBOS/Engines/ProjectPilotEngine.ts:41:17)

    console.log
      ReasoningEngine Started

      at ReasoningEngine.initialize (Backend/HBOS/Engines/ReasoningEngine.ts:110:17)

    console.log
      OrganizationalIntelligenceEngine Started

      at OrganizationalIntelligenceEngine.initialize (Backend/HBOS/Engines/OrganizationalIntelligenceEngine.ts:132:17)

    console.log
      Governance Engine Started

      at GovernanceEngine.initialize (Backend/HBOS/Engines/GovernanceEngine.ts:140:17)

    console.log
      ExecutiveIntelligenceEngine Started

      at ExecutiveIntelligenceEngine.initialize (Backend/HBOS/Engines/ExecutiveIntelligenceEngine.ts:152:17)

    console.log
      Decision Engine Started

      at DecisionEngine.initialize (Backend/HBOS/Engines/DecisionEngine.ts:14:17)

    console.log
      Project Pilot Engine Started

      at ProjectPilotEngine.initialize (Backend/HBOS/Engines/ProjectPilotEngine.ts:41:17)

    console.log
      Governance Engine Started

      at GovernanceEngine.initialize (Backend/HBOS/Engines/GovernanceEngine.ts:140:17)

    console.log
      AutonomousOperationsEngine Started

      at AutonomousOperationsEngine.initialize (Backend/HBOS/Engines/AutonomousOperationsEngine.ts:152:17)

    console.log
      Knowledge Engine Started

      at KnowledgeEngine.initialize (Backend/HBOS/Engines/KnowledgeEngine.ts:22:17)

PASS Backend/HBOS/test/RatioAnalysisService.test.ts
PASS Backend/HBOS/test/Phase10-3.IdentityHardening.test.ts
  ● Console

    console.log
      ReasoningEngine Started

      at ReasoningEngine.initialize (Backend/HBOS/Engines/ReasoningEngine.ts:110:17)

    console.log
      Memory Engine Started

      at MemoryEngine.initialize (Backend/HBOS/Engines/MemoryEngine.ts:22:17)

    console.log
      Knowledge Engine Started

      at KnowledgeEngine.initialize (Backend/HBOS/Engines/KnowledgeEngine.ts:22:17)

    console.log
      Project Pilot Engine Started

      at ProjectPilotEngine.initialize (Backend/HBOS/Engines/ProjectPilotEngine.ts:41:17)

    console.log
      ReasoningEngine Started

      at ReasoningEngine.initialize (Backend/HBOS/Engines/ReasoningEngine.ts:110:17)

    console.log
      OrganizationalIntelligenceEngine Started

      at OrganizationalIntelligenceEngine.initialize (Backend/HBOS/Engines/OrganizationalIntelligenceEngine.ts:132:17)

    console.log
      Governance Engine Started

      at GovernanceEngine.initialize (Backend/HBOS/Engines/GovernanceEngine.ts:140:17)

    console.log
      Memory Engine Started

      at MemoryEngine.initialize (Backend/HBOS/Engines/MemoryEngine.ts:22:17)

    console.log
      Memory Engine Started

      at MemoryEngine.initialize (Backend/HBOS/Engines/MemoryEngine.ts:22:17)

    console.log
      Knowledge Engine Started

      at KnowledgeEngine.initialize (Backend/HBOS/Engines/KnowledgeEngine.ts:22:17)

    console.log
      Project Pilot Engine Started

      at ProjectPilotEngine.initialize (Backend/HBOS/Engines/ProjectPilotEngine.ts:41:17)

    console.log
      ReasoningEngine Started

      at ReasoningEngine.initialize (Backend/HBOS/Engines/ReasoningEngine.ts:110:17)

    console.log
      OrganizationalIntelligenceEngine Started

      at OrganizationalIntelligenceEngine.initialize (Backend/HBOS/Engines/OrganizationalIntelligenceEngine.ts:132:17)

    console.log
      Governance Engine Started

      at GovernanceEngine.initialize (Backend/HBOS/Engines/GovernanceEngine.ts:140:17)

    console.log
      ExecutiveIntelligenceEngine Started

      at ExecutiveIntelligenceEngine.initialize (Backend/HBOS/Engines/ExecutiveIntelligenceEngine.ts:152:17)

    console.log
      Decision Engine Started

      at DecisionEngine.initialize (Backend/HBOS/Engines/DecisionEngine.ts:14:17)

    console.log
      Project Pilot Engine Started

      at ProjectPilotEngine.initialize (Backend/HBOS/Engines/ProjectPilotEngine.ts:41:17)

    console.log
      Governance Engine Started

      at GovernanceEngine.initialize (Backend/HBOS/Engines/GovernanceEngine.ts:140:17)

    console.log
      AutonomousOperationsEngine Started

      at AutonomousOperationsEngine.initialize (Backend/HBOS/Engines/AutonomousOperationsEngine.ts:152:17)

    console.log
      Knowledge Engine Started

      at KnowledgeEngine.initialize (Backend/HBOS/Engines/KnowledgeEngine.ts:22:17)

    console.log
      ReasoningEngine Started

      at ReasoningEngine.initialize (Backend/HBOS/Engines/ReasoningEngine.ts:110:17)

    console.log
      Memory Engine Started

      at MemoryEngine.initialize (Backend/HBOS/Engines/MemoryEngine.ts:22:17)

    console.log
      Knowledge Engine Started

      at KnowledgeEngine.initialize (Backend/HBOS/Engines/KnowledgeEngine.ts:22:17)

    console.log
      Project Pilot Engine Started

      at ProjectPilotEngine.initialize (Backend/HBOS/Engines/ProjectPilotEngine.ts:41:17)

    console.log
      ReasoningEngine Started

      at ReasoningEngine.initialize (Backend/HBOS/Engines/ReasoningEngine.ts:110:17)

    console.log
      OrganizationalIntelligenceEngine Started

      at OrganizationalIntelligenceEngine.initialize (Backend/HBOS/Engines/OrganizationalIntelligenceEngine.ts:132:17)

    console.log
      Governance Engine Started

      at GovernanceEngine.initialize (Backend/HBOS/Engines/GovernanceEngine.ts:140:17)

    console.log
      Memory Engine Started

      at MemoryEngine.initialize (Backend/HBOS/Engines/MemoryEngine.ts:22:17)

    console.log
      Memory Engine Started

      at MemoryEngine.initialize (Backend/HBOS/Engines/MemoryEngine.ts:22:17)

    console.log
      Knowledge Engine Started

      at KnowledgeEngine.initialize (Backend/HBOS/Engines/KnowledgeEngine.ts:22:17)

    console.log
      Project Pilot Engine Started

      at ProjectPilotEngine.initialize (Backend/HBOS/Engines/ProjectPilotEngine.ts:41:17)

    console.log
      ReasoningEngine Started

      at ReasoningEngine.initialize (Backend/HBOS/Engines/ReasoningEngine.ts:110:17)

    console.log
      OrganizationalIntelligenceEngine Started

      at OrganizationalIntelligenceEngine.initialize (Backend/HBOS/Engines/OrganizationalIntelligenceEngine.ts:132:17)

    console.log
      Governance Engine Started

      at GovernanceEngine.initialize (Backend/HBOS/Engines/GovernanceEngine.ts:140:17)

    console.log
      ExecutiveIntelligenceEngine Started

      at ExecutiveIntelligenceEngine.initialize (Backend/HBOS/Engines/ExecutiveIntelligenceEngine.ts:152:17)

    console.log
      Decision Engine Started

      at DecisionEngine.initialize (Backend/HBOS/Engines/DecisionEngine.ts:14:17)

    console.log
      Project Pilot Engine Started

      at ProjectPilotEngine.initialize (Backend/HBOS/Engines/ProjectPilotEngine.ts:41:17)

    console.log
      Governance Engine Started

      at GovernanceEngine.initialize (Backend/HBOS/Engines/GovernanceEngine.ts:140:17)

    console.log
      AutonomousOperationsEngine Started

      at AutonomousOperationsEngine.initialize (Backend/HBOS/Engines/AutonomousOperationsEngine.ts:152:17)

    console.log
      Knowledge Engine Started

      at KnowledgeEngine.initialize (Backend/HBOS/Engines/KnowledgeEngine.ts:22:17)

    console.log
      ReasoningEngine Started

      at ReasoningEngine.initialize (Backend/HBOS/Engines/ReasoningEngine.ts:110:17)

    console.log
      Memory Engine Started

      at MemoryEngine.initialize (Backend/HBOS/Engines/MemoryEngine.ts:22:17)

    console.log
      Knowledge Engine Started

      at KnowledgeEngine.initialize (Backend/HBOS/Engines/KnowledgeEngine.ts:22:17)

    console.log
      Project Pilot Engine Started

      at ProjectPilotEngine.initialize (Backend/HBOS/Engines/ProjectPilotEngine.ts:41:17)

    console.log
      ReasoningEngine Started

      at ReasoningEngine.initialize (Backend/HBOS/Engines/ReasoningEngine.ts:110:17)

    console.log
      OrganizationalIntelligenceEngine Started

      at OrganizationalIntelligenceEngine.initialize (Backend/HBOS/Engines/OrganizationalIntelligenceEngine.ts:132:17)

    console.log
      Governance Engine Started

      at GovernanceEngine.initialize (Backend/HBOS/Engines/GovernanceEngine.ts:140:17)

    console.log
      Memory Engine Started

      at MemoryEngine.initialize (Backend/HBOS/Engines/MemoryEngine.ts:22:17)

    console.log
      Memory Engine Started

      at MemoryEngine.initialize (Backend/HBOS/Engines/MemoryEngine.ts:22:17)

    console.log
      Knowledge Engine Started

      at KnowledgeEngine.initialize (Backend/HBOS/Engines/KnowledgeEngine.ts:22:17)

    console.log
      Project Pilot Engine Started

      at ProjectPilotEngine.initialize (Backend/HBOS/Engines/ProjectPilotEngine.ts:41:17)

    console.log
      ReasoningEngine Started

      at ReasoningEngine.initialize (Backend/HBOS/Engines/ReasoningEngine.ts:110:17)

    console.log
      OrganizationalIntelligenceEngine Started

      at OrganizationalIntelligenceEngine.initialize (Backend/HBOS/Engines/OrganizationalIntelligenceEngine.ts:132:17)

    console.log
      Governance Engine Started

      at GovernanceEngine.initialize (Backend/HBOS/Engines/GovernanceEngine.ts:140:17)

    console.log
      ExecutiveIntelligenceEngine Started

      at ExecutiveIntelligenceEngine.initialize (Backend/HBOS/Engines/ExecutiveIntelligenceEngine.ts:152:17)

    console.log
      Decision Engine Started

      at DecisionEngine.initialize (Backend/HBOS/Engines/DecisionEngine.ts:14:17)

    console.log
      Project Pilot Engine Started

      at ProjectPilotEngine.initialize (Backend/HBOS/Engines/ProjectPilotEngine.ts:41:17)

    console.log
      Governance Engine Started

      at GovernanceEngine.initialize (Backend/HBOS/Engines/GovernanceEngine.ts:140:17)

    console.log
      AutonomousOperationsEngine Started

      at AutonomousOperationsEngine.initialize (Backend/HBOS/Engines/AutonomousOperationsEngine.ts:152:17)

    console.log
      Knowledge Engine Started

      at KnowledgeEngine.initialize (Backend/HBOS/Engines/KnowledgeEngine.ts:22:17)

PASS Backend/HBOS/Autonomous/Runtime/KiloCodeExecutionAdapter.test.ts (54.094 s)
  ● Console

    console.log
      {"type":"AUTONOMOUS_AGENT_PROGRESS","provider":"kilo","phase":"START","event":"EXECUTION_STARTED","command":"C:\\
Users\\AVALIP~1\\AppData\\Local\\Temp\\hooshyar-kilo-real-ZQ5tIN\\launcher.cmd","cwd":"C:\\Users\\AVALIP~1\\AppData\\Lo
cal\\Temp\\hooshyar-kilo-real-ZQ5tIN","progressLogPath":"C:\\Users\\AVALIP~1\\AppData\\Local\\Temp\\hooshyar-kilo-12472
-1790491746563\\progress.log","liveOutput":true,"heartbeatSeconds":5,"timestamp":"2026-09-27T06:49:06.667Z"}

      at streamWindowsKilo (Backend/HBOS/Autonomous/Runtime/KiloCodeExecutionAdapter.ts:260:13)

    console.log
      {"type":"AUTONOMOUS_AGENT_PROGRESS","provider":"kilo","phase":"END","event":"EXECUTION_TIMEOUT","code":124,"obser
vable":true,"liveOutput":true,"heartbeatSeconds":5,"progressLogPath":"C:\\Users\\AVALIP~1\\AppData\\Local\\Temp\\hooshy
ar-kilo-12472-1790491746563\\progress.log","elapsedMs":47111,"timestamp":"2026-09-27T06:49:53.674Z"}

      at streamWindowsKilo (Backend/HBOS/Autonomous/Runtime/KiloCodeExecutionAdapter.ts:341:13)

PASS Backend/HBOS/test/AssistantEngine.phase-11-1.8.test.ts
  ● Console

    console.log
      Assistant Engine Started

      at AssistantEngine.initialize (Backend/HBOS/Engines/AssistantEngine.ts:51:17)

    console.log
      Assistant Engine Started

      at AssistantEngine.initialize (Backend/HBOS/Engines/AssistantEngine.ts:51:17)

    console.log
      Assistant Engine Started

      at AssistantEngine.initialize (Backend/HBOS/Engines/AssistantEngine.ts:51:17)

    console.log
      Assistant Engine Started

      at AssistantEngine.initialize (Backend/HBOS/Engines/AssistantEngine.ts:51:17)

    console.log
      Assistant Engine Started

      at AssistantEngine.initialize (Backend/HBOS/Engines/AssistantEngine.ts:51:17)

    console.log
      Assistant Engine Started

      at AssistantEngine.initialize (Backend/HBOS/Engines/AssistantEngine.ts:51:17)

    console.log
      Assistant Engine Started

      at AssistantEngine.initialize (Backend/HBOS/Engines/AssistantEngine.ts:51:17)

    console.log
      Assistant Engine Started

      at AssistantEngine.initialize (Backend/HBOS/Engines/AssistantEngine.ts:51:17)

    console.log
      Assistant Engine Started

      at AssistantEngine.initialize (Backend/HBOS/Engines/AssistantEngine.ts:51:17)

    console.log
      Assistant Engine Started

      at AssistantEngine.initialize (Backend/HBOS/Engines/AssistantEngine.ts:51:17)

    console.log
      Assistant Engine Started

      at AssistantEngine.initialize (Backend/HBOS/Engines/AssistantEngine.ts:51:17)

    console.log
      Assistant Engine Started

      at AssistantEngine.initialize (Backend/HBOS/Engines/AssistantEngine.ts:51:17)

    console.log
      Assistant Engine Started

      at AssistantEngine.initialize (Backend/HBOS/Engines/AssistantEngine.ts:51:17)

    console.log
      Assistant Engine Started

      at AssistantEngine.initialize (Backend/HBOS/Engines/AssistantEngine.ts:51:17)

PASS Backend/HBOS/test/UserManagementEngine.test.ts
PASS Backend/HBOS/test/CapabilityEvidenceAudit.test.ts
PASS Backend/HBOS/test/TrustAssessment.test.ts
PASS Backend/HBOS/test/FinancialAnalyticsRuntime.test.ts
  ● Console

    console.log
      ReasoningEngine Started

      at ReasoningEngine.initialize (Backend/HBOS/Engines/ReasoningEngine.ts:110:17)

    console.log
      Memory Engine Started

      at MemoryEngine.initialize (Backend/HBOS/Engines/MemoryEngine.ts:22:17)

    console.log
      Knowledge Engine Started

      at KnowledgeEngine.initialize (Backend/HBOS/Engines/KnowledgeEngine.ts:22:17)

    console.log
      Project Pilot Engine Started

      at ProjectPilotEngine.initialize (Backend/HBOS/Engines/ProjectPilotEngine.ts:41:17)

    console.log
      ReasoningEngine Started

      at ReasoningEngine.initialize (Backend/HBOS/Engines/ReasoningEngine.ts:110:17)

    console.log
      OrganizationalIntelligenceEngine Started

      at OrganizationalIntelligenceEngine.initialize (Backend/HBOS/Engines/OrganizationalIntelligenceEngine.ts:132:17)

    console.log
      Governance Engine Started

      at GovernanceEngine.initialize (Backend/HBOS/Engines/GovernanceEngine.ts:140:17)

    console.log
      Memory Engine Started

      at MemoryEngine.initialize (Backend/HBOS/Engines/MemoryEngine.ts:22:17)

    console.log
      Memory Engine Started

      at MemoryEngine.initialize (Backend/HBOS/Engines/MemoryEngine.ts:22:17)

    console.log
      Knowledge Engine Started

      at KnowledgeEngine.initialize (Backend/HBOS/Engines/KnowledgeEngine.ts:22:17)

    console.log
      Project Pilot Engine Started

      at ProjectPilotEngine.initialize (Backend/HBOS/Engines/ProjectPilotEngine.ts:41:17)

    console.log
      ReasoningEngine Started

      at ReasoningEngine.initialize (Backend/HBOS/Engines/ReasoningEngine.ts:110:17)

    console.log
      OrganizationalIntelligenceEngine Started

      at OrganizationalIntelligenceEngine.initialize (Backend/HBOS/Engines/OrganizationalIntelligenceEngine.ts:132:17)

    console.log
      Governance Engine Started

      at GovernanceEngine.initialize (Backend/HBOS/Engines/GovernanceEngine.ts:140:17)

    console.log
      ExecutiveIntelligenceEngine Started

      at ExecutiveIntelligenceEngine.initialize (Backend/HBOS/Engines/ExecutiveIntelligenceEngine.ts:152:17)

    console.log
      Decision Engine Started

      at DecisionEngine.initialize (Backend/HBOS/Engines/DecisionEngine.ts:14:17)

    console.log
      Project Pilot Engine Started

      at ProjectPilotEngine.initialize (Backend/HBOS/Engines/ProjectPilotEngine.ts:41:17)

    console.log
      Governance Engine Started

      at GovernanceEngine.initialize (Backend/HBOS/Engines/GovernanceEngine.ts:140:17)

    console.log
      AutonomousOperationsEngine Started

      at AutonomousOperationsEngine.initialize (Backend/HBOS/Engines/AutonomousOperationsEngine.ts:152:17)

    console.log
      Knowledge Engine Started

      at KnowledgeEngine.initialize (Backend/HBOS/Engines/KnowledgeEngine.ts:22:17)

    console.log
      ReasoningEngine Started

      at ReasoningEngine.initialize (Backend/HBOS/Engines/ReasoningEngine.ts:110:17)

    console.log
      Memory Engine Started

      at MemoryEngine.initialize (Backend/HBOS/Engines/MemoryEngine.ts:22:17)

    console.log
      Knowledge Engine Started

      at KnowledgeEngine.initialize (Backend/HBOS/Engines/KnowledgeEngine.ts:22:17)

    console.log
      Project Pilot Engine Started

      at ProjectPilotEngine.initialize (Backend/HBOS/Engines/ProjectPilotEngine.ts:41:17)

    console.log
      ReasoningEngine Started

      at ReasoningEngine.initialize (Backend/HBOS/Engines/ReasoningEngine.ts:110:17)

    console.log
      OrganizationalIntelligenceEngine Started

      at OrganizationalIntelligenceEngine.initialize (Backend/HBOS/Engines/OrganizationalIntelligenceEngine.ts:132:17)

    console.log
      Governance Engine Started

      at GovernanceEngine.initialize (Backend/HBOS/Engines/GovernanceEngine.ts:140:17)

    console.log
      Memory Engine Started

      at MemoryEngine.initialize (Backend/HBOS/Engines/MemoryEngine.ts:22:17)

    console.log
      Memory Engine Started

      at MemoryEngine.initialize (Backend/HBOS/Engines/MemoryEngine.ts:22:17)

    console.log
      Knowledge Engine Started

      at KnowledgeEngine.initialize (Backend/HBOS/Engines/KnowledgeEngine.ts:22:17)

    console.log
      Project Pilot Engine Started

      at ProjectPilotEngine.initialize (Backend/HBOS/Engines/ProjectPilotEngine.ts:41:17)

    console.log
      ReasoningEngine Started

      at ReasoningEngine.initialize (Backend/HBOS/Engines/ReasoningEngine.ts:110:17)

    console.log
      OrganizationalIntelligenceEngine Started

      at OrganizationalIntelligenceEngine.initialize (Backend/HBOS/Engines/OrganizationalIntelligenceEngine.ts:132:17)

    console.log
      Governance Engine Started

      at GovernanceEngine.initialize (Backend/HBOS/Engines/GovernanceEngine.ts:140:17)

    console.log
      ExecutiveIntelligenceEngine Started

      at ExecutiveIntelligenceEngine.initialize (Backend/HBOS/Engines/ExecutiveIntelligenceEngine.ts:152:17)

    console.log
      Decision Engine Started

      at DecisionEngine.initialize (Backend/HBOS/Engines/DecisionEngine.ts:14:17)

    console.log
      Project Pilot Engine Started

      at ProjectPilotEngine.initialize (Backend/HBOS/Engines/ProjectPilotEngine.ts:41:17)

    console.log
      Governance Engine Started

      at GovernanceEngine.initialize (Backend/HBOS/Engines/GovernanceEngine.ts:140:17)

    console.log
      AutonomousOperationsEngine Started

      at AutonomousOperationsEngine.initialize (Backend/HBOS/Engines/AutonomousOperationsEngine.ts:152:17)

    console.log
      Knowledge Engine Started

      at KnowledgeEngine.initialize (Backend/HBOS/Engines/KnowledgeEngine.ts:22:17)

    console.log
      ReasoningEngine Started

      at ReasoningEngine.initialize (Backend/HBOS/Engines/ReasoningEngine.ts:110:17)

    console.log
      Memory Engine Started

      at MemoryEngine.initialize (Backend/HBOS/Engines/MemoryEngine.ts:22:17)

    console.log
      Knowledge Engine Started

      at KnowledgeEngine.initialize (Backend/HBOS/Engines/KnowledgeEngine.ts:22:17)

    console.log
      Project Pilot Engine Started

      at ProjectPilotEngine.initialize (Backend/HBOS/Engines/ProjectPilotEngine.ts:41:17)

    console.log
      ReasoningEngine Started

      at ReasoningEngine.initialize (Backend/HBOS/Engines/ReasoningEngine.ts:110:17)

    console.log
      OrganizationalIntelligenceEngine Started

      at OrganizationalIntelligenceEngine.initialize (Backend/HBOS/Engines/OrganizationalIntelligenceEngine.ts:132:17)

    console.log
      Governance Engine Started

      at GovernanceEngine.initialize (Backend/HBOS/Engines/GovernanceEngine.ts:140:17)

    console.log
      Memory Engine Started

      at MemoryEngine.initialize (Backend/HBOS/Engines/MemoryEngine.ts:22:17)

    console.log
      Memory Engine Started

      at MemoryEngine.initialize (Backend/HBOS/Engines/MemoryEngine.ts:22:17)

    console.log
      Knowledge Engine Started

      at KnowledgeEngine.initialize (Backend/HBOS/Engines/KnowledgeEngine.ts:22:17)

    console.log
      Project Pilot Engine Started

      at ProjectPilotEngine.initialize (Backend/HBOS/Engines/ProjectPilotEngine.ts:41:17)

    console.log
      ReasoningEngine Started

      at ReasoningEngine.initialize (Backend/HBOS/Engines/ReasoningEngine.ts:110:17)

    console.log
      OrganizationalIntelligenceEngine Started

      at OrganizationalIntelligenceEngine.initialize (Backend/HBOS/Engines/OrganizationalIntelligenceEngine.ts:132:17)

    console.log
      Governance Engine Started

      at GovernanceEngine.initialize (Backend/HBOS/Engines/GovernanceEngine.ts:140:17)

    console.log
      ExecutiveIntelligenceEngine Started

      at ExecutiveIntelligenceEngine.initialize (Backend/HBOS/Engines/ExecutiveIntelligenceEngine.ts:152:17)

    console.log
      Decision Engine Started

      at DecisionEngine.initialize (Backend/HBOS/Engines/DecisionEngine.ts:14:17)

    console.log
      Project Pilot Engine Started

      at ProjectPilotEngine.initialize (Backend/HBOS/Engines/ProjectPilotEngine.ts:41:17)

    console.log
      Governance Engine Started

      at GovernanceEngine.initialize (Backend/HBOS/Engines/GovernanceEngine.ts:140:17)

    console.log
      AutonomousOperationsEngine Started

      at AutonomousOperationsEngine.initialize (Backend/HBOS/Engines/AutonomousOperationsEngine.ts:152:17)

    console.log
      Knowledge Engine Started

      at KnowledgeEngine.initialize (Backend/HBOS/Engines/KnowledgeEngine.ts:22:17)

    console.log
      ReasoningEngine Started

      at ReasoningEngine.initialize (Backend/HBOS/Engines/ReasoningEngine.ts:110:17)

    console.log
      Memory Engine Started

      at MemoryEngine.initialize (Backend/HBOS/Engines/MemoryEngine.ts:22:17)

    console.log
      Knowledge Engine Started

      at KnowledgeEngine.initialize (Backend/HBOS/Engines/KnowledgeEngine.ts:22:17)

    console.log
      Project Pilot Engine Started

      at ProjectPilotEngine.initialize (Backend/HBOS/Engines/ProjectPilotEngine.ts:41:17)

    console.log
      ReasoningEngine Started

      at ReasoningEngine.initialize (Backend/HBOS/Engines/ReasoningEngine.ts:110:17)

    console.log
      OrganizationalIntelligenceEngine Started

      at OrganizationalIntelligenceEngine.initialize (Backend/HBOS/Engines/OrganizationalIntelligenceEngine.ts:132:17)

    console.log
      Governance Engine Started

      at GovernanceEngine.initialize (Backend/HBOS/Engines/GovernanceEngine.ts:140:17)

    console.log
      Memory Engine Started

      at MemoryEngine.initialize (Backend/HBOS/Engines/MemoryEngine.ts:22:17)

    console.log
      Memory Engine Started

      at MemoryEngine.initialize (Backend/HBOS/Engines/MemoryEngine.ts:22:17)

    console.log
      Knowledge Engine Started

      at KnowledgeEngine.initialize (Backend/HBOS/Engines/KnowledgeEngine.ts:22:17)

    console.log
      Project Pilot Engine Started

      at ProjectPilotEngine.initialize (Backend/HBOS/Engines/ProjectPilotEngine.ts:41:17)

    console.log
      ReasoningEngine Started

      at ReasoningEngine.initialize (Backend/HBOS/Engines/ReasoningEngine.ts:110:17)

    console.log
      OrganizationalIntelligenceEngine Started

      at OrganizationalIntelligenceEngine.initialize (Backend/HBOS/Engines/OrganizationalIntelligenceEngine.ts:132:17)

    console.log
      Governance Engine Started

      at GovernanceEngine.initialize (Backend/HBOS/Engines/GovernanceEngine.ts:140:17)

    console.log
      ExecutiveIntelligenceEngine Started

      at ExecutiveIntelligenceEngine.initialize (Backend/HBOS/Engines/ExecutiveIntelligenceEngine.ts:152:17)

    console.log
      Decision Engine Started

      at DecisionEngine.initialize (Backend/HBOS/Engines/DecisionEngine.ts:14:17)

    console.log
      Project Pilot Engine Started

      at ProjectPilotEngine.initialize (Backend/HBOS/Engines/ProjectPilotEngine.ts:41:17)

    console.log
      Governance Engine Started

      at GovernanceEngine.initialize (Backend/HBOS/Engines/GovernanceEngine.ts:140:17)

    console.log
      AutonomousOperationsEngine Started

      at AutonomousOperationsEngine.initialize (Backend/HBOS/Engines/AutonomousOperationsEngine.ts:152:17)

    console.log
      Knowledge Engine Started

      at KnowledgeEngine.initialize (Backend/HBOS/Engines/KnowledgeEngine.ts:22:17)

    console.log
      ReasoningEngine Started

      at ReasoningEngine.initialize (Backend/HBOS/Engines/ReasoningEngine.ts:110:17)

    console.log
      Memory Engine Started

      at MemoryEngine.initialize (Backend/HBOS/Engines/MemoryEngine.ts:22:17)

    console.log
      Knowledge Engine Started

      at KnowledgeEngine.initialize (Backend/HBOS/Engines/KnowledgeEngine.ts:22:17)

    console.log
      Project Pilot Engine Started

      at ProjectPilotEngine.initialize (Backend/HBOS/Engines/ProjectPilotEngine.ts:41:17)

    console.log
      ReasoningEngine Started

      at ReasoningEngine.initialize (Backend/HBOS/Engines/ReasoningEngine.ts:110:17)

    console.log
      OrganizationalIntelligenceEngine Started

      at OrganizationalIntelligenceEngine.initialize (Backend/HBOS/Engines/OrganizationalIntelligenceEngine.ts:132:17)

    console.log
      Governance Engine Started

      at GovernanceEngine.initialize (Backend/HBOS/Engines/GovernanceEngine.ts:140:17)

    console.log
      Memory Engine Started

      at MemoryEngine.initialize (Backend/HBOS/Engines/MemoryEngine.ts:22:17)

    console.log
      Memory Engine Started

      at MemoryEngine.initialize (Backend/HBOS/Engines/MemoryEngine.ts:22:17)

    console.log
      Knowledge Engine Started

      at KnowledgeEngine.initialize (Backend/HBOS/Engines/KnowledgeEngine.ts:22:17)

    console.log
      Project Pilot Engine Started

      at ProjectPilotEngine.initialize (Backend/HBOS/Engines/ProjectPilotEngine.ts:41:17)

    console.log
      ReasoningEngine Started

      at ReasoningEngine.initialize (Backend/HBOS/Engines/ReasoningEngine.ts:110:17)

    console.log
      OrganizationalIntelligenceEngine Started

      at OrganizationalIntelligenceEngine.initialize (Backend/HBOS/Engines/OrganizationalIntelligenceEngine.ts:132:17)

    console.log
      Governance Engine Started

      at GovernanceEngine.initialize (Backend/HBOS/Engines/GovernanceEngine.ts:140:17)

    console.log
      ExecutiveIntelligenceEngine Started

      at ExecutiveIntelligenceEngine.initialize (Backend/HBOS/Engines/ExecutiveIntelligenceEngine.ts:152:17)

    console.log
      Decision Engine Started

      at DecisionEngine.initialize (Backend/HBOS/Engines/DecisionEngine.ts:14:17)

    console.log
      Project Pilot Engine Started

      at ProjectPilotEngine.initialize (Backend/HBOS/Engines/ProjectPilotEngine.ts:41:17)

    console.log
      Governance Engine Started

      at GovernanceEngine.initialize (Backend/HBOS/Engines/GovernanceEngine.ts:140:17)

    console.log
      AutonomousOperationsEngine Started

      at AutonomousOperationsEngine.initialize (Backend/HBOS/Engines/AutonomousOperationsEngine.ts:152:17)

    console.log
      Knowledge Engine Started

      at KnowledgeEngine.initialize (Backend/HBOS/Engines/KnowledgeEngine.ts:22:17)

PASS Backend/HBOS/test/EngineDependencyVerifier.test.ts
PASS web/result-presentation.test.js
PASS Backend/HBOS/test/Phase13-E2E.test.ts
  ● Console

    console.log
      ReasoningEngine Started

      at ReasoningEngine.initialize (Backend/HBOS/Engines/ReasoningEngine.ts:110:17)

    console.log
      Memory Engine Started

      at MemoryEngine.initialize (Backend/HBOS/Engines/MemoryEngine.ts:22:17)

    console.log
      Knowledge Engine Started

      at KnowledgeEngine.initialize (Backend/HBOS/Engines/KnowledgeEngine.ts:22:17)

    console.log
      Project Pilot Engine Started

      at ProjectPilotEngine.initialize (Backend/HBOS/Engines/ProjectPilotEngine.ts:41:17)

    console.log
      ReasoningEngine Started

      at ReasoningEngine.initialize (Backend/HBOS/Engines/ReasoningEngine.ts:110:17)

    console.log
      OrganizationalIntelligenceEngine Started

      at OrganizationalIntelligenceEngine.initialize (Backend/HBOS/Engines/OrganizationalIntelligenceEngine.ts:132:17)

    console.log
      Governance Engine Started

      at GovernanceEngine.initialize (Backend/HBOS/Engines/GovernanceEngine.ts:140:17)

    console.log
      Memory Engine Started

      at MemoryEngine.initialize (Backend/HBOS/Engines/MemoryEngine.ts:22:17)

    console.log
      Memory Engine Started

      at MemoryEngine.initialize (Backend/HBOS/Engines/MemoryEngine.ts:22:17)

    console.log
      Knowledge Engine Started

      at KnowledgeEngine.initialize (Backend/HBOS/Engines/KnowledgeEngine.ts:22:17)

    console.log
      Project Pilot Engine Started

      at ProjectPilotEngine.initialize (Backend/HBOS/Engines/ProjectPilotEngine.ts:41:17)

    console.log
      ReasoningEngine Started

      at ReasoningEngine.initialize (Backend/HBOS/Engines/ReasoningEngine.ts:110:17)

    console.log
      OrganizationalIntelligenceEngine Started

      at OrganizationalIntelligenceEngine.initialize (Backend/HBOS/Engines/OrganizationalIntelligenceEngine.ts:132:17)

    console.log
      Governance Engine Started

      at GovernanceEngine.initialize (Backend/HBOS/Engines/GovernanceEngine.ts:140:17)

    console.log
      ExecutiveIntelligenceEngine Started

      at ExecutiveIntelligenceEngine.initialize (Backend/HBOS/Engines/ExecutiveIntelligenceEngine.ts:152:17)

    console.log
      Decision Engine Started

      at DecisionEngine.initialize (Backend/HBOS/Engines/DecisionEngine.ts:14:17)

    console.log
      Project Pilot Engine Started

      at ProjectPilotEngine.initialize (Backend/HBOS/Engines/ProjectPilotEngine.ts:41:17)

    console.log
      Governance Engine Started

      at GovernanceEngine.initialize (Backend/HBOS/Engines/GovernanceEngine.ts:140:17)

    console.log
      AutonomousOperationsEngine Started

      at AutonomousOperationsEngine.initialize (Backend/HBOS/Engines/AutonomousOperationsEngine.ts:152:17)

    console.log
      Knowledge Engine Started

      at KnowledgeEngine.initialize (Backend/HBOS/Engines/KnowledgeEngine.ts:22:17)

    console.log
      ReasoningEngine Started

      at ReasoningEngine.initialize (Backend/HBOS/Engines/ReasoningEngine.ts:110:17)

    console.log
      Memory Engine Started

      at MemoryEngine.initialize (Backend/HBOS/Engines/MemoryEngine.ts:22:17)

    console.log
      Knowledge Engine Started

      at KnowledgeEngine.initialize (Backend/HBOS/Engines/KnowledgeEngine.ts:22:17)

    console.log
      Project Pilot Engine Started

      at ProjectPilotEngine.initialize (Backend/HBOS/Engines/ProjectPilotEngine.ts:41:17)

    console.log
      ReasoningEngine Started

      at ReasoningEngine.initialize (Backend/HBOS/Engines/ReasoningEngine.ts:110:17)

    console.log
      OrganizationalIntelligenceEngine Started

      at OrganizationalIntelligenceEngine.initialize (Backend/HBOS/Engines/OrganizationalIntelligenceEngine.ts:132:17)

    console.log
      Governance Engine Started

      at GovernanceEngine.initialize (Backend/HBOS/Engines/GovernanceEngine.ts:140:17)

    console.log
      Memory Engine Started

      at MemoryEngine.initialize (Backend/HBOS/Engines/MemoryEngine.ts:22:17)

    console.log
      Memory Engine Started

      at MemoryEngine.initialize (Backend/HBOS/Engines/MemoryEngine.ts:22:17)

    console.log
      Knowledge Engine Started

      at KnowledgeEngine.initialize (Backend/HBOS/Engines/KnowledgeEngine.ts:22:17)

    console.log
      Project Pilot Engine Started

      at ProjectPilotEngine.initialize (Backend/HBOS/Engines/ProjectPilotEngine.ts:41:17)

    console.log
      ReasoningEngine Started

      at ReasoningEngine.initialize (Backend/HBOS/Engines/ReasoningEngine.ts:110:17)

    console.log
      OrganizationalIntelligenceEngine Started

      at OrganizationalIntelligenceEngine.initialize (Backend/HBOS/Engines/OrganizationalIntelligenceEngine.ts:132:17)

    console.log
      Governance Engine Started

      at GovernanceEngine.initialize (Backend/HBOS/Engines/GovernanceEngine.ts:140:17)

    console.log
      ExecutiveIntelligenceEngine Started

      at ExecutiveIntelligenceEngine.initialize (Backend/HBOS/Engines/ExecutiveIntelligenceEngine.ts:152:17)

    console.log
      Decision Engine Started

      at DecisionEngine.initialize (Backend/HBOS/Engines/DecisionEngine.ts:14:17)

    console.log
      Project Pilot Engine Started

      at ProjectPilotEngine.initialize (Backend/HBOS/Engines/ProjectPilotEngine.ts:41:17)

    console.log
      Governance Engine Started

      at GovernanceEngine.initialize (Backend/HBOS/Engines/GovernanceEngine.ts:140:17)

    console.log
      AutonomousOperationsEngine Started

      at AutonomousOperationsEngine.initialize (Backend/HBOS/Engines/AutonomousOperationsEngine.ts:152:17)

    console.log
      Knowledge Engine Started

      at KnowledgeEngine.initialize (Backend/HBOS/Engines/KnowledgeEngine.ts:22:17)

    console.log
      ReasoningEngine Started

      at ReasoningEngine.initialize (Backend/HBOS/Engines/ReasoningEngine.ts:110:17)

    console.log
      Memory Engine Started

      at MemoryEngine.initialize (Backend/HBOS/Engines/MemoryEngine.ts:22:17)

    console.log
      Knowledge Engine Started

      at KnowledgeEngine.initialize (Backend/HBOS/Engines/KnowledgeEngine.ts:22:17)

    console.log
      Project Pilot Engine Started

      at ProjectPilotEngine.initialize (Backend/HBOS/Engines/ProjectPilotEngine.ts:41:17)

    console.log
      ReasoningEngine Started

      at ReasoningEngine.initialize (Backend/HBOS/Engines/ReasoningEngine.ts:110:17)

    console.log
      OrganizationalIntelligenceEngine Started

      at OrganizationalIntelligenceEngine.initialize (Backend/HBOS/Engines/OrganizationalIntelligenceEngine.ts:132:17)

    console.log
      Governance Engine Started

      at GovernanceEngine.initialize (Backend/HBOS/Engines/GovernanceEngine.ts:140:17)

    console.log
      Memory Engine Started

      at MemoryEngine.initialize (Backend/HBOS/Engines/MemoryEngine.ts:22:17)

    console.log
      Memory Engine Started

      at MemoryEngine.initialize (Backend/HBOS/Engines/MemoryEngine.ts:22:17)

    console.log
      Knowledge Engine Started

      at KnowledgeEngine.initialize (Backend/HBOS/Engines/KnowledgeEngine.ts:22:17)

    console.log
      Project Pilot Engine Started

      at ProjectPilotEngine.initialize (Backend/HBOS/Engines/ProjectPilotEngine.ts:41:17)

    console.log
      ReasoningEngine Started

      at ReasoningEngine.initialize (Backend/HBOS/Engines/ReasoningEngine.ts:110:17)

    console.log
      OrganizationalIntelligenceEngine Started

      at OrganizationalIntelligenceEngine.initialize (Backend/HBOS/Engines/OrganizationalIntelligenceEngine.ts:132:17)

    console.log
      Governance Engine Started

      at GovernanceEngine.initialize (Backend/HBOS/Engines/GovernanceEngine.ts:140:17)

    console.log
      ExecutiveIntelligenceEngine Started

      at ExecutiveIntelligenceEngine.initialize (Backend/HBOS/Engines/ExecutiveIntelligenceEngine.ts:152:17)

    console.log
      Decision Engine Started

      at DecisionEngine.initialize (Backend/HBOS/Engines/DecisionEngine.ts:14:17)

    console.log
      Project Pilot Engine Started

      at ProjectPilotEngine.initialize (Backend/HBOS/Engines/ProjectPilotEngine.ts:41:17)

    console.log
      Governance Engine Started

      at GovernanceEngine.initialize (Backend/HBOS/Engines/GovernanceEngine.ts:140:17)

    console.log
      AutonomousOperationsEngine Started

      at AutonomousOperationsEngine.initialize (Backend/HBOS/Engines/AutonomousOperationsEngine.ts:152:17)

    console.log
      Knowledge Engine Started

      at KnowledgeEngine.initialize (Backend/HBOS/Engines/KnowledgeEngine.ts:22:17)

    console.log
      ReasoningEngine Started

      at ReasoningEngine.initialize (Backend/HBOS/Engines/ReasoningEngine.ts:110:17)

    console.log
      Memory Engine Started

      at MemoryEngine.initialize (Backend/HBOS/Engines/MemoryEngine.ts:22:17)

    console.log
      Knowledge Engine Started

      at KnowledgeEngine.initialize (Backend/HBOS/Engines/KnowledgeEngine.ts:22:17)

    console.log
      Project Pilot Engine Started

      at ProjectPilotEngine.initialize (Backend/HBOS/Engines/ProjectPilotEngine.ts:41:17)

    console.log
      ReasoningEngine Started

      at ReasoningEngine.initialize (Backend/HBOS/Engines/ReasoningEngine.ts:110:17)

    console.log
      OrganizationalIntelligenceEngine Started

      at OrganizationalIntelligenceEngine.initialize (Backend/HBOS/Engines/OrganizationalIntelligenceEngine.ts:132:17)

    console.log
      Governance Engine Started

      at GovernanceEngine.initialize (Backend/HBOS/Engines/GovernanceEngine.ts:140:17)

    console.log
      Memory Engine Started

      at MemoryEngine.initialize (Backend/HBOS/Engines/MemoryEngine.ts:22:17)

    console.log
      Memory Engine Started

      at MemoryEngine.initialize (Backend/HBOS/Engines/MemoryEngine.ts:22:17)

    console.log
      Knowledge Engine Started

      at KnowledgeEngine.initialize (Backend/HBOS/Engines/KnowledgeEngine.ts:22:17)

    console.log
      Project Pilot Engine Started

      at ProjectPilotEngine.initialize (Backend/HBOS/Engines/ProjectPilotEngine.ts:41:17)

    console.log
      ReasoningEngine Started

      at ReasoningEngine.initialize (Backend/HBOS/Engines/ReasoningEngine.ts:110:17)

    console.log
      OrganizationalIntelligenceEngine Started

      at OrganizationalIntelligenceEngine.initialize (Backend/HBOS/Engines/OrganizationalIntelligenceEngine.ts:132:17)

    console.log
      Governance Engine Started

      at GovernanceEngine.initialize (Backend/HBOS/Engines/GovernanceEngine.ts:140:17)

    console.log
      ExecutiveIntelligenceEngine Started

      at ExecutiveIntelligenceEngine.initialize (Backend/HBOS/Engines/ExecutiveIntelligenceEngine.ts:152:17)

    console.log
      Decision Engine Started

      at DecisionEngine.initialize (Backend/HBOS/Engines/DecisionEngine.ts:14:17)

    console.log
      Project Pilot Engine Started

      at ProjectPilotEngine.initialize (Backend/HBOS/Engines/ProjectPilotEngine.ts:41:17)

    console.log
      Governance Engine Started

      at GovernanceEngine.initialize (Backend/HBOS/Engines/GovernanceEngine.ts:140:17)

    console.log
      AutonomousOperationsEngine Started

      at AutonomousOperationsEngine.initialize (Backend/HBOS/Engines/AutonomousOperationsEngine.ts:152:17)

    console.log
      Knowledge Engine Started

      at KnowledgeEngine.initialize (Backend/HBOS/Engines/KnowledgeEngine.ts:22:17)

PASS Backend/HBOS/test/PdfOcrRouting.test.ts
PASS Backend/HBOS/test/SecurityLayerEngine.phase-10-1.3.test.ts
PASS Backend/HBOS/test/CommercialRuntimeApiValidation.test.ts
  ● Console

    console.log
      ReasoningEngine Started

      at ReasoningEngine.initialize (Backend/HBOS/Engines/ReasoningEngine.ts:110:17)

    console.log
      Memory Engine Started

      at MemoryEngine.initialize (Backend/HBOS/Engines/MemoryEngine.ts:22:17)

    console.log
      Knowledge Engine Started

      at KnowledgeEngine.initialize (Backend/HBOS/Engines/KnowledgeEngine.ts:22:17)

    console.log
      Project Pilot Engine Started

      at ProjectPilotEngine.initialize (Backend/HBOS/Engines/ProjectPilotEngine.ts:41:17)

    console.log
      ReasoningEngine Started

      at ReasoningEngine.initialize (Backend/HBOS/Engines/ReasoningEngine.ts:110:17)

    console.log
      OrganizationalIntelligenceEngine Started

      at OrganizationalIntelligenceEngine.initialize (Backend/HBOS/Engines/OrganizationalIntelligenceEngine.ts:132:17)

    console.log
      Governance Engine Started

      at GovernanceEngine.initialize (Backend/HBOS/Engines/GovernanceEngine.ts:140:17)

    console.log
      Memory Engine Started

      at MemoryEngine.initialize (Backend/HBOS/Engines/MemoryEngine.ts:22:17)

    console.log
      Memory Engine Started

      at MemoryEngine.initialize (Backend/HBOS/Engines/MemoryEngine.ts:22:17)

    console.log
      Knowledge Engine Started

      at KnowledgeEngine.initialize (Backend/HBOS/Engines/KnowledgeEngine.ts:22:17)

    console.log
      Project Pilot Engine Started

      at ProjectPilotEngine.initialize (Backend/HBOS/Engines/ProjectPilotEngine.ts:41:17)

    console.log
      ReasoningEngine Started

      at ReasoningEngine.initialize (Backend/HBOS/Engines/ReasoningEngine.ts:110:17)

    console.log
      OrganizationalIntelligenceEngine Started

      at OrganizationalIntelligenceEngine.initialize (Backend/HBOS/Engines/OrganizationalIntelligenceEngine.ts:132:17)

    console.log
      Governance Engine Started

      at GovernanceEngine.initialize (Backend/HBOS/Engines/GovernanceEngine.ts:140:17)

    console.log
      ExecutiveIntelligenceEngine Started

      at ExecutiveIntelligenceEngine.initialize (Backend/HBOS/Engines/ExecutiveIntelligenceEngine.ts:152:17)

    console.log
      Decision Engine Started

      at DecisionEngine.initialize (Backend/HBOS/Engines/DecisionEngine.ts:14:17)

    console.log
      Project Pilot Engine Started

      at ProjectPilotEngine.initialize (Backend/HBOS/Engines/ProjectPilotEngine.ts:41:17)

    console.log
      Governance Engine Started

      at GovernanceEngine.initialize (Backend/HBOS/Engines/GovernanceEngine.ts:140:17)

    console.log
      AutonomousOperationsEngine Started

      at AutonomousOperationsEngine.initialize (Backend/HBOS/Engines/AutonomousOperationsEngine.ts:152:17)

    console.log
      Knowledge Engine Started

      at KnowledgeEngine.initialize (Backend/HBOS/Engines/KnowledgeEngine.ts:22:17)

    console.log
      ReasoningEngine Started

      at ReasoningEngine.initialize (Backend/HBOS/Engines/ReasoningEngine.ts:110:17)

    console.log
      Memory Engine Started

      at MemoryEngine.initialize (Backend/HBOS/Engines/MemoryEngine.ts:22:17)

    console.log
      Knowledge Engine Started

      at KnowledgeEngine.initialize (Backend/HBOS/Engines/KnowledgeEngine.ts:22:17)

    console.log
      Project Pilot Engine Started

      at ProjectPilotEngine.initialize (Backend/HBOS/Engines/ProjectPilotEngine.ts:41:17)

    console.log
      ReasoningEngine Started

      at ReasoningEngine.initialize (Backend/HBOS/Engines/ReasoningEngine.ts:110:17)

    console.log
      OrganizationalIntelligenceEngine Started

      at OrganizationalIntelligenceEngine.initialize (Backend/HBOS/Engines/OrganizationalIntelligenceEngine.ts:132:17)

    console.log
      Governance Engine Started

      at GovernanceEngine.initialize (Backend/HBOS/Engines/GovernanceEngine.ts:140:17)

    console.log
      Memory Engine Started

      at MemoryEngine.initialize (Backend/HBOS/Engines/MemoryEngine.ts:22:17)

    console.log
      Memory Engine Started

      at MemoryEngine.initialize (Backend/HBOS/Engines/MemoryEngine.ts:22:17)

    console.log
      Knowledge Engine Started

      at KnowledgeEngine.initialize (Backend/HBOS/Engines/KnowledgeEngine.ts:22:17)

    console.log
      Project Pilot Engine Started

      at ProjectPilotEngine.initialize (Backend/HBOS/Engines/ProjectPilotEngine.ts:41:17)

    console.log
      ReasoningEngine Started

      at ReasoningEngine.initialize (Backend/HBOS/Engines/ReasoningEngine.ts:110:17)

    console.log
      OrganizationalIntelligenceEngine Started

      at OrganizationalIntelligenceEngine.initialize (Backend/HBOS/Engines/OrganizationalIntelligenceEngine.ts:132:17)

    console.log
      Governance Engine Started

      at GovernanceEngine.initialize (Backend/HBOS/Engines/GovernanceEngine.ts:140:17)

    console.log
      ExecutiveIntelligenceEngine Started

      at ExecutiveIntelligenceEngine.initialize (Backend/HBOS/Engines/ExecutiveIntelligenceEngine.ts:152:17)

    console.log
      Decision Engine Started

      at DecisionEngine.initialize (Backend/HBOS/Engines/DecisionEngine.ts:14:17)

    console.log
      Project Pilot Engine Started

      at ProjectPilotEngine.initialize (Backend/HBOS/Engines/ProjectPilotEngine.ts:41:17)

    console.log
      Governance Engine Started

      at GovernanceEngine.initialize (Backend/HBOS/Engines/GovernanceEngine.ts:140:17)

    console.log
      AutonomousOperationsEngine Started

      at AutonomousOperationsEngine.initialize (Backend/HBOS/Engines/AutonomousOperationsEngine.ts:152:17)

    console.log
      Knowledge Engine Started

      at KnowledgeEngine.initialize (Backend/HBOS/Engines/KnowledgeEngine.ts:22:17)

    console.log
      ReasoningEngine Started

      at ReasoningEngine.initialize (Backend/HBOS/Engines/ReasoningEngine.ts:110:17)

    console.log
      Memory Engine Started

      at MemoryEngine.initialize (Backend/HBOS/Engines/MemoryEngine.ts:22:17)

    console.log
      Knowledge Engine Started

      at KnowledgeEngine.initialize (Backend/HBOS/Engines/KnowledgeEngine.ts:22:17)

    console.log
      Project Pilot Engine Started

      at ProjectPilotEngine.initialize (Backend/HBOS/Engines/ProjectPilotEngine.ts:41:17)

    console.log
      ReasoningEngine Started

      at ReasoningEngine.initialize (Backend/HBOS/Engines/ReasoningEngine.ts:110:17)

    console.log
      OrganizationalIntelligenceEngine Started

      at OrganizationalIntelligenceEngine.initialize (Backend/HBOS/Engines/OrganizationalIntelligenceEngine.ts:132:17)

    console.log
      Governance Engine Started

      at GovernanceEngine.initialize (Backend/HBOS/Engines/GovernanceEngine.ts:140:17)

    console.log
      Memory Engine Started

      at MemoryEngine.initialize (Backend/HBOS/Engines/MemoryEngine.ts:22:17)

    console.log
      Memory Engine Started

      at MemoryEngine.initialize (Backend/HBOS/Engines/MemoryEngine.ts:22:17)

    console.log
      Knowledge Engine Started

      at KnowledgeEngine.initialize (Backend/HBOS/Engines/KnowledgeEngine.ts:22:17)

    console.log
      Project Pilot Engine Started

      at ProjectPilotEngine.initialize (Backend/HBOS/Engines/ProjectPilotEngine.ts:41:17)

    console.log
      ReasoningEngine Started

      at ReasoningEngine.initialize (Backend/HBOS/Engines/ReasoningEngine.ts:110:17)

    console.log
      OrganizationalIntelligenceEngine Started

      at OrganizationalIntelligenceEngine.initialize (Backend/HBOS/Engines/OrganizationalIntelligenceEngine.ts:132:17)

    console.log
      Governance Engine Started

      at GovernanceEngine.initialize (Backend/HBOS/Engines/GovernanceEngine.ts:140:17)

    console.log
      ExecutiveIntelligenceEngine Started

      at ExecutiveIntelligenceEngine.initialize (Backend/HBOS/Engines/ExecutiveIntelligenceEngine.ts:152:17)

    console.log
      Decision Engine Started

      at DecisionEngine.initialize (Backend/HBOS/Engines/DecisionEngine.ts:14:17)

    console.log
      Project Pilot Engine Started

      at ProjectPilotEngine.initialize (Backend/HBOS/Engines/ProjectPilotEngine.ts:41:17)

    console.log
      Governance Engine Started

      at GovernanceEngine.initialize (Backend/HBOS/Engines/GovernanceEngine.ts:140:17)

    console.log
      AutonomousOperationsEngine Started

      at AutonomousOperationsEngine.initialize (Backend/HBOS/Engines/AutonomousOperationsEngine.ts:152:17)

    console.log
      Knowledge Engine Started

      at KnowledgeEngine.initialize (Backend/HBOS/Engines/KnowledgeEngine.ts:22:17)

    console.log
      ReasoningEngine Started

      at ReasoningEngine.initialize (Backend/HBOS/Engines/ReasoningEngine.ts:110:17)

    console.log
      Memory Engine Started

      at MemoryEngine.initialize (Backend/HBOS/Engines/MemoryEngine.ts:22:17)

    console.log
      Knowledge Engine Started

      at KnowledgeEngine.initialize (Backend/HBOS/Engines/KnowledgeEngine.ts:22:17)

    console.log
      Project Pilot Engine Started

      at ProjectPilotEngine.initialize (Backend/HBOS/Engines/ProjectPilotEngine.ts:41:17)

    console.log
      ReasoningEngine Started

      at ReasoningEngine.initialize (Backend/HBOS/Engines/ReasoningEngine.ts:110:17)

    console.log
      OrganizationalIntelligenceEngine Started

      at OrganizationalIntelligenceEngine.initialize (Backend/HBOS/Engines/OrganizationalIntelligenceEngine.ts:132:17)

    console.log
      Governance Engine Started

      at GovernanceEngine.initialize (Backend/HBOS/Engines/GovernanceEngine.ts:140:17)

    console.log
      Memory Engine Started

      at MemoryEngine.initialize (Backend/HBOS/Engines/MemoryEngine.ts:22:17)

    console.log
      Memory Engine Started

      at MemoryEngine.initialize (Backend/HBOS/Engines/MemoryEngine.ts:22:17)

    console.log
      Knowledge Engine Started

      at KnowledgeEngine.initialize (Backend/HBOS/Engines/KnowledgeEngine.ts:22:17)

    console.log
      Project Pilot Engine Started

      at ProjectPilotEngine.initialize (Backend/HBOS/Engines/ProjectPilotEngine.ts:41:17)

    console.log
      ReasoningEngine Started

      at ReasoningEngine.initialize (Backend/HBOS/Engines/ReasoningEngine.ts:110:17)

    console.log
      OrganizationalIntelligenceEngine Started

      at OrganizationalIntelligenceEngine.initialize (Backend/HBOS/Engines/OrganizationalIntelligenceEngine.ts:132:17)

    console.log
      Governance Engine Started

      at GovernanceEngine.initialize (Backend/HBOS/Engines/GovernanceEngine.ts:140:17)

    console.log
      ExecutiveIntelligenceEngine Started

      at ExecutiveIntelligenceEngine.initialize (Backend/HBOS/Engines/ExecutiveIntelligenceEngine.ts:152:17)

    console.log
      Decision Engine Started

      at DecisionEngine.initialize (Backend/HBOS/Engines/DecisionEngine.ts:14:17)

    console.log
      Project Pilot Engine Started

      at ProjectPilotEngine.initialize (Backend/HBOS/Engines/ProjectPilotEngine.ts:41:17)

    console.log
      Governance Engine Started

      at GovernanceEngine.initialize (Backend/HBOS/Engines/GovernanceEngine.ts:140:17)

    console.log
      AutonomousOperationsEngine Started

      at AutonomousOperationsEngine.initialize (Backend/HBOS/Engines/AutonomousOperationsEngine.ts:152:17)

    console.log
      Knowledge Engine Started

      at KnowledgeEngine.initialize (Backend/HBOS/Engines/KnowledgeEngine.ts:22:17)

    console.log
      ReasoningEngine Started

      at ReasoningEngine.initialize (Backend/HBOS/Engines/ReasoningEngine.ts:110:17)

    console.log
      Memory Engine Started

      at MemoryEngine.initialize (Backend/HBOS/Engines/MemoryEngine.ts:22:17)

    console.log
      Knowledge Engine Started

      at KnowledgeEngine.initialize (Backend/HBOS/Engines/KnowledgeEngine.ts:22:17)

    console.log
      Project Pilot Engine Started

      at ProjectPilotEngine.initialize (Backend/HBOS/Engines/ProjectPilotEngine.ts:41:17)

    console.log
      ReasoningEngine Started

      at ReasoningEngine.initialize (Backend/HBOS/Engines/ReasoningEngine.ts:110:17)

    console.log
      OrganizationalIntelligenceEngine Started

      at OrganizationalIntelligenceEngine.initialize (Backend/HBOS/Engines/OrganizationalIntelligenceEngine.ts:132:17)

    console.log
      Governance Engine Started

      at GovernanceEngine.initialize (Backend/HBOS/Engines/GovernanceEngine.ts:140:17)

    console.log
      Memory Engine Started

      at MemoryEngine.initialize (Backend/HBOS/Engines/MemoryEngine.ts:22:17)

    console.log
      Memory Engine Started

      at MemoryEngine.initialize (Backend/HBOS/Engines/MemoryEngine.ts:22:17)

    console.log
      Knowledge Engine Started

      at KnowledgeEngine.initialize (Backend/HBOS/Engines/KnowledgeEngine.ts:22:17)

    console.log
      Project Pilot Engine Started

      at ProjectPilotEngine.initialize (Backend/HBOS/Engines/ProjectPilotEngine.ts:41:17)

    console.log
      ReasoningEngine Started

      at ReasoningEngine.initialize (Backend/HBOS/Engines/ReasoningEngine.ts:110:17)

    console.log
      OrganizationalIntelligenceEngine Started

      at OrganizationalIntelligenceEngine.initialize (Backend/HBOS/Engines/OrganizationalIntelligenceEngine.ts:132:17)

    console.log
      Governance Engine Started

      at GovernanceEngine.initialize (Backend/HBOS/Engines/GovernanceEngine.ts:140:17)

    console.log
      ExecutiveIntelligenceEngine Started

      at ExecutiveIntelligenceEngine.initialize (Backend/HBOS/Engines/ExecutiveIntelligenceEngine.ts:152:17)

    console.log
      Decision Engine Started

      at DecisionEngine.initialize (Backend/HBOS/Engines/DecisionEngine.ts:14:17)

    console.log
      Project Pilot Engine Started

      at ProjectPilotEngine.initialize (Backend/HBOS/Engines/ProjectPilotEngine.ts:41:17)

    console.log
      Governance Engine Started

      at GovernanceEngine.initialize (Backend/HBOS/Engines/GovernanceEngine.ts:140:17)

    console.log
      AutonomousOperationsEngine Started

      at AutonomousOperationsEngine.initialize (Backend/HBOS/Engines/AutonomousOperationsEngine.ts:152:17)

    console.log
      Knowledge Engine Started

      at KnowledgeEngine.initialize (Backend/HBOS/Engines/KnowledgeEngine.ts:22:17)

    console.log
      ReasoningEngine Started

      at ReasoningEngine.initialize (Backend/HBOS/Engines/ReasoningEngine.ts:110:17)

    console.log
      Memory Engine Started

      at MemoryEngine.initialize (Backend/HBOS/Engines/MemoryEngine.ts:22:17)

    console.log
      Knowledge Engine Started

      at KnowledgeEngine.initialize (Backend/HBOS/Engines/KnowledgeEngine.ts:22:17)

    console.log
      Project Pilot Engine Started

      at ProjectPilotEngine.initialize (Backend/HBOS/Engines/ProjectPilotEngine.ts:41:17)

    console.log
      ReasoningEngine Started

      at ReasoningEngine.initialize (Backend/HBOS/Engines/ReasoningEngine.ts:110:17)

    console.log
      OrganizationalIntelligenceEngine Started

      at OrganizationalIntelligenceEngine.initialize (Backend/HBOS/Engines/OrganizationalIntelligenceEngine.ts:132:17)

    console.log
      Governance Engine Started

      at GovernanceEngine.initialize (Backend/HBOS/Engines/GovernanceEngine.ts:140:17)

    console.log
      Memory Engine Started

      at MemoryEngine.initialize (Backend/HBOS/Engines/MemoryEngine.ts:22:17)

    console.log
      Memory Engine Started

      at MemoryEngine.initialize (Backend/HBOS/Engines/MemoryEngine.ts:22:17)

    console.log
      Knowledge Engine Started

      at KnowledgeEngine.initialize (Backend/HBOS/Engines/KnowledgeEngine.ts:22:17)

    console.log
      Project Pilot Engine Started

      at ProjectPilotEngine.initialize (Backend/HBOS/Engines/ProjectPilotEngine.ts:41:17)

    console.log
      ReasoningEngine Started

      at ReasoningEngine.initialize (Backend/HBOS/Engines/ReasoningEngine.ts:110:17)

    console.log
      OrganizationalIntelligenceEngine Started

      at OrganizationalIntelligenceEngine.initialize (Backend/HBOS/Engines/OrganizationalIntelligenceEngine.ts:132:17)

    console.log
      Governance Engine Started

      at GovernanceEngine.initialize (Backend/HBOS/Engines/GovernanceEngine.ts:140:17)

    console.log
      ExecutiveIntelligenceEngine Started

      at ExecutiveIntelligenceEngine.initialize (Backend/HBOS/Engines/ExecutiveIntelligenceEngine.ts:152:17)

    console.log
      Decision Engine Started

      at DecisionEngine.initialize (Backend/HBOS/Engines/DecisionEngine.ts:14:17)

    console.log
      Project Pilot Engine Started

      at ProjectPilotEngine.initialize (Backend/HBOS/Engines/ProjectPilotEngine.ts:41:17)

    console.log
      Governance Engine Started

      at GovernanceEngine.initialize (Backend/HBOS/Engines/GovernanceEngine.ts:140:17)

    console.log
      AutonomousOperationsEngine Started

      at AutonomousOperationsEngine.initialize (Backend/HBOS/Engines/AutonomousOperationsEngine.ts:152:17)

    console.log
      Knowledge Engine Started

      at KnowledgeEngine.initialize (Backend/HBOS/Engines/KnowledgeEngine.ts:22:17)

    console.log
      ReasoningEngine Started

      at ReasoningEngine.initialize (Backend/HBOS/Engines/ReasoningEngine.ts:110:17)

    console.log
      Memory Engine Started

      at MemoryEngine.initialize (Backend/HBOS/Engines/MemoryEngine.ts:22:17)

    console.log
      Knowledge Engine Started

      at KnowledgeEngine.initialize (Backend/HBOS/Engines/KnowledgeEngine.ts:22:17)

    console.log
      Project Pilot Engine Started

      at ProjectPilotEngine.initialize (Backend/HBOS/Engines/ProjectPilotEngine.ts:41:17)

    console.log
      ReasoningEngine Started

      at ReasoningEngine.initialize (Backend/HBOS/Engines/ReasoningEngine.ts:110:17)

    console.log
      OrganizationalIntelligenceEngine Started

      at OrganizationalIntelligenceEngine.initialize (Backend/HBOS/Engines/OrganizationalIntelligenceEngine.ts:132:17)

    console.log
      Governance Engine Started

      at GovernanceEngine.initialize (Backend/HBOS/Engines/GovernanceEngine.ts:140:17)

    console.log
      Memory Engine Started

      at MemoryEngine.initialize (Backend/HBOS/Engines/MemoryEngine.ts:22:17)

    console.log
      Memory Engine Started

      at MemoryEngine.initialize (Backend/HBOS/Engines/MemoryEngine.ts:22:17)

    console.log
      Knowledge Engine Started

      at KnowledgeEngine.initialize (Backend/HBOS/Engines/KnowledgeEngine.ts:22:17)

    console.log
      Project Pilot Engine Started

      at ProjectPilotEngine.initialize (Backend/HBOS/Engines/ProjectPilotEngine.ts:41:17)

    console.log
      ReasoningEngine Started

      at ReasoningEngine.initialize (Backend/HBOS/Engines/ReasoningEngine.ts:110:17)

    console.log
      OrganizationalIntelligenceEngine Started

      at OrganizationalIntelligenceEngine.initialize (Backend/HBOS/Engines/OrganizationalIntelligenceEngine.ts:132:17)

    console.log
      Governance Engine Started

      at GovernanceEngine.initialize (Backend/HBOS/Engines/GovernanceEngine.ts:140:17)

    console.log
      ExecutiveIntelligenceEngine Started

      at ExecutiveIntelligenceEngine.initialize (Backend/HBOS/Engines/ExecutiveIntelligenceEngine.ts:152:17)

    console.log
      Decision Engine Started

      at DecisionEngine.initialize (Backend/HBOS/Engines/DecisionEngine.ts:14:17)

    console.log
      Project Pilot Engine Started

      at ProjectPilotEngine.initialize (Backend/HBOS/Engines/ProjectPilotEngine.ts:41:17)

    console.log
      Governance Engine Started

      at GovernanceEngine.initialize (Backend/HBOS/Engines/GovernanceEngine.ts:140:17)

    console.log
      AutonomousOperationsEngine Started

      at AutonomousOperationsEngine.initialize (Backend/HBOS/Engines/AutonomousOperationsEngine.ts:152:17)

    console.log
      Knowledge Engine Started

      at KnowledgeEngine.initialize (Backend/HBOS/Engines/KnowledgeEngine.ts:22:17)

    console.log
      ReasoningEngine Started

      at ReasoningEngine.initialize (Backend/HBOS/Engines/ReasoningEngine.ts:110:17)

    console.log
      Memory Engine Started

      at MemoryEngine.initialize (Backend/HBOS/Engines/MemoryEngine.ts:22:17)

    console.log
      Knowledge Engine Started

      at KnowledgeEngine.initialize (Backend/HBOS/Engines/KnowledgeEngine.ts:22:17)

    console.log
      Project Pilot Engine Started

      at ProjectPilotEngine.initialize (Backend/HBOS/Engines/ProjectPilotEngine.ts:41:17)

    console.log
      ReasoningEngine Started

      at ReasoningEngine.initialize (Backend/HBOS/Engines/ReasoningEngine.ts:110:17)

    console.log
      OrganizationalIntelligenceEngine Started

      at OrganizationalIntelligenceEngine.initialize (Backend/HBOS/Engines/OrganizationalIntelligenceEngine.ts:132:17)

    console.log
      Governance Engine Started

      at GovernanceEngine.initialize (Backend/HBOS/Engines/GovernanceEngine.ts:140:17)

    console.log
      Memory Engine Started

      at MemoryEngine.initialize (Backend/HBOS/Engines/MemoryEngine.ts:22:17)

    console.log
      Memory Engine Started

      at MemoryEngine.initialize (Backend/HBOS/Engines/MemoryEngine.ts:22:17)

    console.log
      Knowledge Engine Started

      at KnowledgeEngine.initialize (Backend/HBOS/Engines/KnowledgeEngine.ts:22:17)

    console.log
      Project Pilot Engine Started

      at ProjectPilotEngine.initialize (Backend/HBOS/Engines/ProjectPilotEngine.ts:41:17)

    console.log
      ReasoningEngine Started

      at ReasoningEngine.initialize (Backend/HBOS/Engines/ReasoningEngine.ts:110:17)

    console.log
      OrganizationalIntelligenceEngine Started

      at OrganizationalIntelligenceEngine.initialize (Backend/HBOS/Engines/OrganizationalIntelligenceEngine.ts:132:17)

    console.log
      Governance Engine Started

      at GovernanceEngine.initialize (Backend/HBOS/Engines/GovernanceEngine.ts:140:17)

    console.log
      ExecutiveIntelligenceEngine Started

      at ExecutiveIntelligenceEngine.initialize (Backend/HBOS/Engines/ExecutiveIntelligenceEngine.ts:152:17)

    console.log
      Decision Engine Started

      at DecisionEngine.initialize (Backend/HBOS/Engines/DecisionEngine.ts:14:17)

    console.log
      Project Pilot Engine Started

      at ProjectPilotEngine.initialize (Backend/HBOS/Engines/ProjectPilotEngine.ts:41:17)

    console.log
      Governance Engine Started

      at GovernanceEngine.initialize (Backend/HBOS/Engines/GovernanceEngine.ts:140:17)

    console.log
      AutonomousOperationsEngine Started

      at AutonomousOperationsEngine.initialize (Backend/HBOS/Engines/AutonomousOperationsEngine.ts:152:17)

    console.log
      Knowledge Engine Started

      at KnowledgeEngine.initialize (Backend/HBOS/Engines/KnowledgeEngine.ts:22:17)

PASS Backend/HBOS/test/CommercialWebEntrypoint.test.ts
  ● Console

    console.log
      ReasoningEngine Started

      at ReasoningEngine.initialize (Backend/HBOS/Engines/ReasoningEngine.ts:110:17)

    console.log
      Memory Engine Started

      at MemoryEngine.initialize (Backend/HBOS/Engines/MemoryEngine.ts:22:17)

    console.log
      Knowledge Engine Started

      at KnowledgeEngine.initialize (Backend/HBOS/Engines/KnowledgeEngine.ts:22:17)

    console.log
      Project Pilot Engine Started

      at ProjectPilotEngine.initialize (Backend/HBOS/Engines/ProjectPilotEngine.ts:41:17)

    console.log
      ReasoningEngine Started

      at ReasoningEngine.initialize (Backend/HBOS/Engines/ReasoningEngine.ts:110:17)

    console.log
      OrganizationalIntelligenceEngine Started

      at OrganizationalIntelligenceEngine.initialize (Backend/HBOS/Engines/OrganizationalIntelligenceEngine.ts:132:17)

    console.log
      Governance Engine Started

      at GovernanceEngine.initialize (Backend/HBOS/Engines/GovernanceEngine.ts:140:17)

    console.log
      Memory Engine Started

      at MemoryEngine.initialize (Backend/HBOS/Engines/MemoryEngine.ts:22:17)

    console.log
      Memory Engine Started

      at MemoryEngine.initialize (Backend/HBOS/Engines/MemoryEngine.ts:22:17)

    console.log
      Knowledge Engine Started

      at KnowledgeEngine.initialize (Backend/HBOS/Engines/KnowledgeEngine.ts:22:17)

    console.log
      Project Pilot Engine Started

      at ProjectPilotEngine.initialize (Backend/HBOS/Engines/ProjectPilotEngine.ts:41:17)

    console.log
      ReasoningEngine Started

      at ReasoningEngine.initialize (Backend/HBOS/Engines/ReasoningEngine.ts:110:17)

    console.log
      OrganizationalIntelligenceEngine Started

      at OrganizationalIntelligenceEngine.initialize (Backend/HBOS/Engines/OrganizationalIntelligenceEngine.ts:132:17)

    console.log
      Governance Engine Started

      at GovernanceEngine.initialize (Backend/HBOS/Engines/GovernanceEngine.ts:140:17)

    console.log
      ExecutiveIntelligenceEngine Started

      at ExecutiveIntelligenceEngine.initialize (Backend/HBOS/Engines/ExecutiveIntelligenceEngine.ts:152:17)

    console.log
      Decision Engine Started

      at DecisionEngine.initialize (Backend/HBOS/Engines/DecisionEngine.ts:14:17)

    console.log
      Project Pilot Engine Started

      at ProjectPilotEngine.initialize (Backend/HBOS/Engines/ProjectPilotEngine.ts:41:17)

    console.log
      Governance Engine Started

      at GovernanceEngine.initialize (Backend/HBOS/Engines/GovernanceEngine.ts:140:17)

    console.log
      AutonomousOperationsEngine Started

      at AutonomousOperationsEngine.initialize (Backend/HBOS/Engines/AutonomousOperationsEngine.ts:152:17)

    console.log
      Knowledge Engine Started

      at KnowledgeEngine.initialize (Backend/HBOS/Engines/KnowledgeEngine.ts:22:17)

PASS Backend/HBOS/test/SecurityEventFailure.test.ts (17.725 s)
  ● Console

    console.error
      {"type":"AUDIT_PERSISTENCE_FAILURE","severity":"CRITICAL","eventType":"TENANT_VIOLATION","eventId":"evt-123","err
or":"Database write failed","timestamp":"2026-09-27T06:50:15.336Z"}

    [0m [90m 156 |[39m     )[33m:[39m [33mAuditPersistenceResult[39m {
     [90m 157 |[39m         [90m// Always log to console at error level[39m
    [31m[1m>[22m[39m[90m 158 |[39m         console[33m.[39merror(consoleMessage)[33m;[39m
     [90m     |[39m                 [31m[1m^[22m[39m
     [90m 159 |[39m         [36mif[39m (errorStack) {
     [90m 160 |[39m             console[33m.[39merror(errorStack)[33m;[39m
     [90m 161 |[39m         }[0m

      at AuditFailureHandler.handleCriticalFailure (Backend/HBOS/Entities/AuditFailureHandler.ts:158:17)
      at AuditFailureHandler.handlePersistenceFailure (Backend/HBOS/Entities/AuditFailureHandler.ts:117:25)
      at Backend/HBOS/test/SecurityEventFailure.test.ts:147:21
      at Object.<anonymous> (node_modules/@jest/expect/node_modules/expect/build/toThrowMatchers.js:74:11)
      at Object.throwingMatcher [as toThrow] (node_modules/@jest/expect/node_modules/expect/build/index.js:320:21)
      at Object.<anonymous> (Backend/HBOS/test/SecurityEventFailure.test.ts:154:12)

    console.error
      {"type":"AUDIT_CRITICAL_FAILURE_EXIT","eventId":"evt-123","exitCode":127,"timestamp":"2026-09-27T06:50:15.350Z"}

    [0m [90m 163 |[39m         [36mif[39m ([36mthis[39m[33m.[39mpolicy[33m.[39mexitOnCriticalFailure) {
     [90m 164 |[39m             [90m// Exit process to signal failure[39m
    [31m[1m>[22m[39m[90m 165 |[39m             console[33m.[39merror([33mJSON[39m[33m.[39mstringify({
     [90m     |[39m                     [31m[1m^[22m[39m
     [90m 166 |[39m                 type[33m:[39m [32m"AUDIT_CRITICAL_FAILURE_EXIT"[39m[33m,[39m
     [90m 167 |[39m                 eventId[33m,[39m
     [90m 168 |[39m                 exitCode[33m:[39m [36mthis[39m[33m.[39mpolicy[33m.[39mexitCode 
[33m?[39m[33m?[39m [35m127[39m[33m,[39m[0m

      at AuditFailureHandler.handleCriticalFailure (Backend/HBOS/Entities/AuditFailureHandler.ts:165:21)
      at AuditFailureHandler.handlePersistenceFailure (Backend/HBOS/Entities/AuditFailureHandler.ts:117:25)
      at Backend/HBOS/test/SecurityEventFailure.test.ts:147:21
      at Object.<anonymous> (node_modules/@jest/expect/node_modules/expect/build/toThrowMatchers.js:74:11)
      at Object.throwingMatcher [as toThrow] (node_modules/@jest/expect/node_modules/expect/build/index.js:320:21)
      at Object.<anonymous> (Backend/HBOS/test/SecurityEventFailure.test.ts:154:12)

    console.error
      {"type":"AUDIT_PERSISTENCE_FAILURE","severity":"HIGH","eventType":"AUTHORIZATION_DENIAL","eventId":"evt-456","err
or":"Database unavailable","timestamp":"2026-09-27T06:50:15.379Z"}

    [0m [90m 193 |[39m         eventId[33m:[39m string
     [90m 194 |[39m     )[33m:[39m [33mAuditPersistenceResult[39m {
    [31m[1m>[22m[39m[90m 195 |[39m         console[33m.[39merror(consoleMessage)[33m;[39m
     [90m     |[39m                 [31m[1m^[22m[39m
     [90m 196 |[39m
     [90m 197 |[39m         [36mreturn[39m {
     [90m 198 |[39m             success[33m:[39m [36mfalse[39m[33m,[39m[0m

      at AuditFailureHandler.handleHighSeverityFailure (Backend/HBOS/Entities/AuditFailureHandler.ts:195:17)
      at AuditFailureHandler.handlePersistenceFailure (Backend/HBOS/Entities/AuditFailureHandler.ts:122:25)
      at Object.<anonymous> (Backend/HBOS/test/SecurityEventFailure.test.ts:162:32)

    console.warn
      
{"type":"AUDIT_PERSISTENCE_FAILURE","severity":"MEDIUM","eventType":"CONFIG_CHANGE","eventId":"evt-789","error":"Minor 
persistence issue","timestamp":"2026-09-27T06:50:15.381Z"}

    [0m [90m 211 |[39m         eventId[33m:[39m string
     [90m 212 |[39m     )[33m:[39m [33mAuditPersistenceResult[39m {
    [31m[1m>[22m[39m[90m 213 |[39m         console[33m.[39mwarn(consoleMessage)[33m;[39m
     [90m     |[39m                 [31m[1m^[22m[39m
     [90m 214 |[39m
     [90m 215 |[39m         [36mreturn[39m {
     [90m 216 |[39m             success[33m:[39m [36mfalse[39m[33m,[39m[0m

      at AuditFailureHandler.handleMediumSeverityFailure (Backend/HBOS/Entities/AuditFailureHandler.ts:213:17)
      at AuditFailureHandler.handlePersistenceFailure (Backend/HBOS/Entities/AuditFailureHandler.ts:127:25)
      at Object.<anonymous> (Backend/HBOS/test/SecurityEventFailure.test.ts:179:32)

PASS Backend/HBOS/test/AuditEventStore.test.ts (14.665 s)
PASS Backend/HBOS/test/TenantIsolationMemoryKnowledge.test.ts
PASS Backend/HBOS/test/ReasoningEngine.phase-11-1.7.test.ts
  ● Console

    console.log
      ReasoningEngine Started

      at ReasoningEngine.initialize (Backend/HBOS/Engines/ReasoningEngine.ts:110:17)

    console.log
      ReasoningEngine Started

      at ReasoningEngine.initialize (Backend/HBOS/Engines/ReasoningEngine.ts:110:17)

    console.log
      ReasoningEngine Started

      at ReasoningEngine.initialize (Backend/HBOS/Engines/ReasoningEngine.ts:110:17)

    console.log
      ReasoningEngine Started

      at ReasoningEngine.initialize (Backend/HBOS/Engines/ReasoningEngine.ts:110:17)

    console.log
      ReasoningEngine Started

      at ReasoningEngine.initialize (Backend/HBOS/Engines/ReasoningEngine.ts:110:17)

    console.log
      ReasoningEngine Started

      at ReasoningEngine.initialize (Backend/HBOS/Engines/ReasoningEngine.ts:110:17)

    console.log
      ReasoningEngine Started

      at ReasoningEngine.initialize (Backend/HBOS/Engines/ReasoningEngine.ts:110:17)

    console.log
      ReasoningEngine Started

      at ReasoningEngine.initialize (Backend/HBOS/Engines/ReasoningEngine.ts:110:17)

    console.log
      ReasoningEngine Started

      at ReasoningEngine.initialize (Backend/HBOS/Engines/ReasoningEngine.ts:110:17)

    console.log
      ReasoningEngine Started

      at ReasoningEngine.initialize (Backend/HBOS/Engines/ReasoningEngine.ts:110:17)

    console.log
      ReasoningEngine Started

      at ReasoningEngine.initialize (Backend/HBOS/Engines/ReasoningEngine.ts:110:17)

    console.log
      ReasoningEngine Started

      at ReasoningEngine.initialize (Backend/HBOS/Engines/ReasoningEngine.ts:110:17)

    console.log
      ReasoningEngine Started

      at ReasoningEngine.initialize (Backend/HBOS/Engines/ReasoningEngine.ts:110:17)

    console.log
      ReasoningEngine Started

      at ReasoningEngine.initialize (Backend/HBOS/Engines/ReasoningEngine.ts:110:17)

    console.log
      ReasoningEngine Started

      at ReasoningEngine.initialize (Backend/HBOS/Engines/ReasoningEngine.ts:110:17)

    console.log
      ReasoningEngine Started

      at ReasoningEngine.initialize (Backend/HBOS/Engines/ReasoningEngine.ts:110:17)

    console.log
      ReasoningEngine Started

      at ReasoningEngine.initialize (Backend/HBOS/Engines/ReasoningEngine.ts:110:17)

PASS Backend/HBOS/test/DecisionWorkbenchRuntime.test.ts
  ● Console

    console.log
      ReasoningEngine Started

      at ReasoningEngine.initialize (Backend/HBOS/Engines/ReasoningEngine.ts:110:17)

    console.log
      Memory Engine Started

      at MemoryEngine.initialize (Backend/HBOS/Engines/MemoryEngine.ts:22:17)

    console.log
      Knowledge Engine Started

      at KnowledgeEngine.initialize (Backend/HBOS/Engines/KnowledgeEngine.ts:22:17)

    console.log
      Project Pilot Engine Started

      at ProjectPilotEngine.initialize (Backend/HBOS/Engines/ProjectPilotEngine.ts:41:17)

    console.log
      ReasoningEngine Started

      at ReasoningEngine.initialize (Backend/HBOS/Engines/ReasoningEngine.ts:110:17)

    console.log
      OrganizationalIntelligenceEngine Started

      at OrganizationalIntelligenceEngine.initialize (Backend/HBOS/Engines/OrganizationalIntelligenceEngine.ts:132:17)

    console.log
      Governance Engine Started

      at GovernanceEngine.initialize (Backend/HBOS/Engines/GovernanceEngine.ts:140:17)

    console.log
      Memory Engine Started

      at MemoryEngine.initialize (Backend/HBOS/Engines/MemoryEngine.ts:22:17)

    console.log
      Memory Engine Started

      at MemoryEngine.initialize (Backend/HBOS/Engines/MemoryEngine.ts:22:17)

    console.log
      Knowledge Engine Started

      at KnowledgeEngine.initialize (Backend/HBOS/Engines/KnowledgeEngine.ts:22:17)

    console.log
      Project Pilot Engine Started

      at ProjectPilotEngine.initialize (Backend/HBOS/Engines/ProjectPilotEngine.ts:41:17)

    console.log
      ReasoningEngine Started

      at ReasoningEngine.initialize (Backend/HBOS/Engines/ReasoningEngine.ts:110:17)

    console.log
      OrganizationalIntelligenceEngine Started

      at OrganizationalIntelligenceEngine.initialize (Backend/HBOS/Engines/OrganizationalIntelligenceEngine.ts:132:17)

    console.log
      Governance Engine Started

      at GovernanceEngine.initialize (Backend/HBOS/Engines/GovernanceEngine.ts:140:17)

    console.log
      ExecutiveIntelligenceEngine Started

      at ExecutiveIntelligenceEngine.initialize (Backend/HBOS/Engines/ExecutiveIntelligenceEngine.ts:152:17)

    console.log
      Decision Engine Started

      at DecisionEngine.initialize (Backend/HBOS/Engines/DecisionEngine.ts:14:17)

    console.log
      Project Pilot Engine Started

      at ProjectPilotEngine.initialize (Backend/HBOS/Engines/ProjectPilotEngine.ts:41:17)

    console.log
      Governance Engine Started

      at GovernanceEngine.initialize (Backend/HBOS/Engines/GovernanceEngine.ts:140:17)

    console.log
      AutonomousOperationsEngine Started

      at AutonomousOperationsEngine.initialize (Backend/HBOS/Engines/AutonomousOperationsEngine.ts:152:17)

    console.log
      Knowledge Engine Started

      at KnowledgeEngine.initialize (Backend/HBOS/Engines/KnowledgeEngine.ts:22:17)

    console.log
      ReasoningEngine Started

      at ReasoningEngine.initialize (Backend/HBOS/Engines/ReasoningEngine.ts:110:17)

    console.log
      Memory Engine Started

      at MemoryEngine.initialize (Backend/HBOS/Engines/MemoryEngine.ts:22:17)

    console.log
      Knowledge Engine Started

      at KnowledgeEngine.initialize (Backend/HBOS/Engines/KnowledgeEngine.ts:22:17)

    console.log
      Project Pilot Engine Started

      at ProjectPilotEngine.initialize (Backend/HBOS/Engines/ProjectPilotEngine.ts:41:17)

    console.log
      ReasoningEngine Started

      at ReasoningEngine.initialize (Backend/HBOS/Engines/ReasoningEngine.ts:110:17)

    console.log
      OrganizationalIntelligenceEngine Started

      at OrganizationalIntelligenceEngine.initialize (Backend/HBOS/Engines/OrganizationalIntelligenceEngine.ts:132:17)

    console.log
      Governance Engine Started

      at GovernanceEngine.initialize (Backend/HBOS/Engines/GovernanceEngine.ts:140:17)

    console.log
      Memory Engine Started

      at MemoryEngine.initialize (Backend/HBOS/Engines/MemoryEngine.ts:22:17)

    console.log
      Memory Engine Started

      at MemoryEngine.initialize (Backend/HBOS/Engines/MemoryEngine.ts:22:17)

    console.log
      Knowledge Engine Started

      at KnowledgeEngine.initialize (Backend/HBOS/Engines/KnowledgeEngine.ts:22:17)

    console.log
      Project Pilot Engine Started

      at ProjectPilotEngine.initialize (Backend/HBOS/Engines/ProjectPilotEngine.ts:41:17)

    console.log
      ReasoningEngine Started

      at ReasoningEngine.initialize (Backend/HBOS/Engines/ReasoningEngine.ts:110:17)

    console.log
      OrganizationalIntelligenceEngine Started

      at OrganizationalIntelligenceEngine.initialize (Backend/HBOS/Engines/OrganizationalIntelligenceEngine.ts:132:17)

    console.log
      Governance Engine Started

      at GovernanceEngine.initialize (Backend/HBOS/Engines/GovernanceEngine.ts:140:17)

    console.log
      ExecutiveIntelligenceEngine Started

      at ExecutiveIntelligenceEngine.initialize (Backend/HBOS/Engines/ExecutiveIntelligenceEngine.ts:152:17)

    console.log
      Decision Engine Started

      at DecisionEngine.initialize (Backend/HBOS/Engines/DecisionEngine.ts:14:17)

    console.log
      Project Pilot Engine Started

      at ProjectPilotEngine.initialize (Backend/HBOS/Engines/ProjectPilotEngine.ts:41:17)

    console.log
      Governance Engine Started

      at GovernanceEngine.initialize (Backend/HBOS/Engines/GovernanceEngine.ts:140:17)

    console.log
      AutonomousOperationsEngine Started

      at AutonomousOperationsEngine.initialize (Backend/HBOS/Engines/AutonomousOperationsEngine.ts:152:17)

    console.log
      Knowledge Engine Started

      at KnowledgeEngine.initialize (Backend/HBOS/Engines/KnowledgeEngine.ts:22:17)

    console.log
      ReasoningEngine Started

      at ReasoningEngine.initialize (Backend/HBOS/Engines/ReasoningEngine.ts:110:17)

    console.log
      Memory Engine Started

      at MemoryEngine.initialize (Backend/HBOS/Engines/MemoryEngine.ts:22:17)

    console.log
      Knowledge Engine Started

      at KnowledgeEngine.initialize (Backend/HBOS/Engines/KnowledgeEngine.ts:22:17)

    console.log
      Project Pilot Engine Started

      at ProjectPilotEngine.initialize (Backend/HBOS/Engines/ProjectPilotEngine.ts:41:17)

    console.log
      ReasoningEngine Started

      at ReasoningEngine.initialize (Backend/HBOS/Engines/ReasoningEngine.ts:110:17)

    console.log
      OrganizationalIntelligenceEngine Started

      at OrganizationalIntelligenceEngine.initialize (Backend/HBOS/Engines/OrganizationalIntelligenceEngine.ts:132:17)

    console.log
      Governance Engine Started

      at GovernanceEngine.initialize (Backend/HBOS/Engines/GovernanceEngine.ts:140:17)

    console.log
      Memory Engine Started

      at MemoryEngine.initialize (Backend/HBOS/Engines/MemoryEngine.ts:22:17)

    console.log
      Memory Engine Started

      at MemoryEngine.initialize (Backend/HBOS/Engines/MemoryEngine.ts:22:17)

    console.log
      Knowledge Engine Started

      at KnowledgeEngine.initialize (Backend/HBOS/Engines/KnowledgeEngine.ts:22:17)

    console.log
      Project Pilot Engine Started

      at ProjectPilotEngine.initialize (Backend/HBOS/Engines/ProjectPilotEngine.ts:41:17)

    console.log
      ReasoningEngine Started

      at ReasoningEngine.initialize (Backend/HBOS/Engines/ReasoningEngine.ts:110:17)

    console.log
      OrganizationalIntelligenceEngine Started

      at OrganizationalIntelligenceEngine.initialize (Backend/HBOS/Engines/OrganizationalIntelligenceEngine.ts:132:17)

    console.log
      Governance Engine Started

      at GovernanceEngine.initialize (Backend/HBOS/Engines/GovernanceEngine.ts:140:17)

    console.log
      ExecutiveIntelligenceEngine Started

      at ExecutiveIntelligenceEngine.initialize (Backend/HBOS/Engines/ExecutiveIntelligenceEngine.ts:152:17)

    console.log
      Decision Engine Started

      at DecisionEngine.initialize (Backend/HBOS/Engines/DecisionEngine.ts:14:17)

    console.log
      Project Pilot Engine Started

      at ProjectPilotEngine.initialize (Backend/HBOS/Engines/ProjectPilotEngine.ts:41:17)

    console.log
      Governance Engine Started

      at GovernanceEngine.initialize (Backend/HBOS/Engines/GovernanceEngine.ts:140:17)

    console.log
      AutonomousOperationsEngine Started

      at AutonomousOperationsEngine.initialize (Backend/HBOS/Engines/AutonomousOperationsEngine.ts:152:17)

    console.log
      Knowledge Engine Started

      at KnowledgeEngine.initialize (Backend/HBOS/Engines/KnowledgeEngine.ts:22:17)

    console.log
      ReasoningEngine Started

      at ReasoningEngine.initialize (Backend/HBOS/Engines/ReasoningEngine.ts:110:17)

    console.log
      Memory Engine Started

      at MemoryEngine.initialize (Backend/HBOS/Engines/MemoryEngine.ts:22:17)

    console.log
      Knowledge Engine Started

      at KnowledgeEngine.initialize (Backend/HBOS/Engines/KnowledgeEngine.ts:22:17)

    console.log
      Project Pilot Engine Started

      at ProjectPilotEngine.initialize (Backend/HBOS/Engines/ProjectPilotEngine.ts:41:17)

    console.log
      ReasoningEngine Started

      at ReasoningEngine.initialize (Backend/HBOS/Engines/ReasoningEngine.ts:110:17)

    console.log
      OrganizationalIntelligenceEngine Started

      at OrganizationalIntelligenceEngine.initialize (Backend/HBOS/Engines/OrganizationalIntelligenceEngine.ts:132:17)

    console.log
      Governance Engine Started

      at GovernanceEngine.initialize (Backend/HBOS/Engines/GovernanceEngine.ts:140:17)

    console.log
      Memory Engine Started

      at MemoryEngine.initialize (Backend/HBOS/Engines/MemoryEngine.ts:22:17)

    console.log
      Memory Engine Started

      at MemoryEngine.initialize (Backend/HBOS/Engines/MemoryEngine.ts:22:17)

    console.log
      Knowledge Engine Started

      at KnowledgeEngine.initialize (Backend/HBOS/Engines/KnowledgeEngine.ts:22:17)

    console.log
      Project Pilot Engine Started

      at ProjectPilotEngine.initialize (Backend/HBOS/Engines/ProjectPilotEngine.ts:41:17)

    console.log
      ReasoningEngine Started

      at ReasoningEngine.initialize (Backend/HBOS/Engines/ReasoningEngine.ts:110:17)

    console.log
      OrganizationalIntelligenceEngine Started

      at OrganizationalIntelligenceEngine.initialize (Backend/HBOS/Engines/OrganizationalIntelligenceEngine.ts:132:17)

    console.log
      Governance Engine Started

      at GovernanceEngine.initialize (Backend/HBOS/Engines/GovernanceEngine.ts:140:17)

    console.log
      ExecutiveIntelligenceEngine Started

      at ExecutiveIntelligenceEngine.initialize (Backend/HBOS/Engines/ExecutiveIntelligenceEngine.ts:152:17)

    console.log
      Decision Engine Started

      at DecisionEngine.initialize (Backend/HBOS/Engines/DecisionEngine.ts:14:17)

    console.log
      Project Pilot Engine Started

      at ProjectPilotEngine.initialize (Backend/HBOS/Engines/ProjectPilotEngine.ts:41:17)

    console.log
      Governance Engine Started

      at GovernanceEngine.initialize (Backend/HBOS/Engines/GovernanceEngine.ts:140:17)

    console.log
      AutonomousOperationsEngine Started

      at AutonomousOperationsEngine.initialize (Backend/HBOS/Engines/AutonomousOperationsEngine.ts:152:17)

    console.log
      Knowledge Engine Started

      at KnowledgeEngine.initialize (Backend/HBOS/Engines/KnowledgeEngine.ts:22:17)

    console.log
      ReasoningEngine Started

      at ReasoningEngine.initialize (Backend/HBOS/Engines/ReasoningEngine.ts:110:17)

    console.log
      Memory Engine Started

      at MemoryEngine.initialize (Backend/HBOS/Engines/MemoryEngine.ts:22:17)

    console.log
      Knowledge Engine Started

      at KnowledgeEngine.initialize (Backend/HBOS/Engines/KnowledgeEngine.ts:22:17)

    console.log
      Project Pilot Engine Started

      at ProjectPilotEngine.initialize (Backend/HBOS/Engines/ProjectPilotEngine.ts:41:17)

    console.log
      ReasoningEngine Started

      at ReasoningEngine.initialize (Backend/HBOS/Engines/ReasoningEngine.ts:110:17)

    console.log
      OrganizationalIntelligenceEngine Started

      at OrganizationalIntelligenceEngine.initialize (Backend/HBOS/Engines/OrganizationalIntelligenceEngine.ts:132:17)

    console.log
      Governance Engine Started

      at GovernanceEngine.initialize (Backend/HBOS/Engines/GovernanceEngine.ts:140:17)

    console.log
      Memory Engine Started

      at MemoryEngine.initialize (Backend/HBOS/Engines/MemoryEngine.ts:22:17)

    console.log
      Memory Engine Started

      at MemoryEngine.initialize (Backend/HBOS/Engines/MemoryEngine.ts:22:17)

    console.log
      Knowledge Engine Started

      at KnowledgeEngine.initialize (Backend/HBOS/Engines/KnowledgeEngine.ts:22:17)

    console.log
      Project Pilot Engine Started

      at ProjectPilotEngine.initialize (Backend/HBOS/Engines/ProjectPilotEngine.ts:41:17)

    console.log
      ReasoningEngine Started

      at ReasoningEngine.initialize (Backend/HBOS/Engines/ReasoningEngine.ts:110:17)

    console.log
      OrganizationalIntelligenceEngine Started

      at OrganizationalIntelligenceEngine.initialize (Backend/HBOS/Engines/OrganizationalIntelligenceEngine.ts:132:17)

    console.log
      Governance Engine Started

      at GovernanceEngine.initialize (Backend/HBOS/Engines/GovernanceEngine.ts:140:17)

    console.log
      ExecutiveIntelligenceEngine Started

      at ExecutiveIntelligenceEngine.initialize (Backend/HBOS/Engines/ExecutiveIntelligenceEngine.ts:152:17)

    console.log
      Decision Engine Started

      at DecisionEngine.initialize (Backend/HBOS/Engines/DecisionEngine.ts:14:17)

    console.log
      Project Pilot Engine Started

      at ProjectPilotEngine.initialize (Backend/HBOS/Engines/ProjectPilotEngine.ts:41:17)

    console.log
      Governance Engine Started

      at GovernanceEngine.initialize (Backend/HBOS/Engines/GovernanceEngine.ts:140:17)

    console.log
      AutonomousOperationsEngine Started

      at AutonomousOperationsEngine.initialize (Backend/HBOS/Engines/AutonomousOperationsEngine.ts:152:17)

    console.log
      Knowledge Engine Started

      at KnowledgeEngine.initialize (Backend/HBOS/Engines/KnowledgeEngine.ts:22:17)

PASS Backend/HBOS/test/Phase12-E2E.test.ts
  ● Console

    console.log
      ReasoningEngine Started

      at ReasoningEngine.initialize (Backend/HBOS/Engines/ReasoningEngine.ts:110:17)

    console.log
      Memory Engine Started

      at MemoryEngine.initialize (Backend/HBOS/Engines/MemoryEngine.ts:22:17)

    console.log
      Knowledge Engine Started

      at KnowledgeEngine.initialize (Backend/HBOS/Engines/KnowledgeEngine.ts:22:17)

    console.log
      Project Pilot Engine Started

      at ProjectPilotEngine.initialize (Backend/HBOS/Engines/ProjectPilotEngine.ts:41:17)

    console.log
      ReasoningEngine Started

      at ReasoningEngine.initialize (Backend/HBOS/Engines/ReasoningEngine.ts:110:17)

    console.log
      OrganizationalIntelligenceEngine Started

      at OrganizationalIntelligenceEngine.initialize (Backend/HBOS/Engines/OrganizationalIntelligenceEngine.ts:132:17)

    console.log
      Governance Engine Started

      at GovernanceEngine.initialize (Backend/HBOS/Engines/GovernanceEngine.ts:140:17)

    console.log
      Memory Engine Started

      at MemoryEngine.initialize (Backend/HBOS/Engines/MemoryEngine.ts:22:17)

    console.log
      Memory Engine Started

      at MemoryEngine.initialize (Backend/HBOS/Engines/MemoryEngine.ts:22:17)

    console.log
      Knowledge Engine Started

      at KnowledgeEngine.initialize (Backend/HBOS/Engines/KnowledgeEngine.ts:22:17)

    console.log
      Project Pilot Engine Started

      at ProjectPilotEngine.initialize (Backend/HBOS/Engines/ProjectPilotEngine.ts:41:17)

    console.log
      ReasoningEngine Started

      at ReasoningEngine.initialize (Backend/HBOS/Engines/ReasoningEngine.ts:110:17)

    console.log
      OrganizationalIntelligenceEngine Started

      at OrganizationalIntelligenceEngine.initialize (Backend/HBOS/Engines/OrganizationalIntelligenceEngine.ts:132:17)

    console.log
      Governance Engine Started

      at GovernanceEngine.initialize (Backend/HBOS/Engines/GovernanceEngine.ts:140:17)

    console.log
      ExecutiveIntelligenceEngine Started

      at ExecutiveIntelligenceEngine.initialize (Backend/HBOS/Engines/ExecutiveIntelligenceEngine.ts:152:17)

    console.log
      Decision Engine Started

      at DecisionEngine.initialize (Backend/HBOS/Engines/DecisionEngine.ts:14:17)

    console.log
      Project Pilot Engine Started

      at ProjectPilotEngine.initialize (Backend/HBOS/Engines/ProjectPilotEngine.ts:41:17)

    console.log
      Governance Engine Started

      at GovernanceEngine.initialize (Backend/HBOS/Engines/GovernanceEngine.ts:140:17)

    console.log
      AutonomousOperationsEngine Started

      at AutonomousOperationsEngine.initialize (Backend/HBOS/Engines/AutonomousOperationsEngine.ts:152:17)

    console.log
      Knowledge Engine Started

      at KnowledgeEngine.initialize (Backend/HBOS/Engines/KnowledgeEngine.ts:22:17)

    console.log
      ReasoningEngine Started

      at ReasoningEngine.initialize (Backend/HBOS/Engines/ReasoningEngine.ts:110:17)

    console.log
      Memory Engine Started

      at MemoryEngine.initialize (Backend/HBOS/Engines/MemoryEngine.ts:22:17)

    console.log
      Knowledge Engine Started

      at KnowledgeEngine.initialize (Backend/HBOS/Engines/KnowledgeEngine.ts:22:17)

    console.log
      Project Pilot Engine Started

      at ProjectPilotEngine.initialize (Backend/HBOS/Engines/ProjectPilotEngine.ts:41:17)

    console.log
      ReasoningEngine Started

      at ReasoningEngine.initialize (Backend/HBOS/Engines/ReasoningEngine.ts:110:17)

    console.log
      OrganizationalIntelligenceEngine Started

      at OrganizationalIntelligenceEngine.initialize (Backend/HBOS/Engines/OrganizationalIntelligenceEngine.ts:132:17)

    console.log
      Governance Engine Started

      at GovernanceEngine.initialize (Backend/HBOS/Engines/GovernanceEngine.ts:140:17)

    console.log
      Memory Engine Started

      at MemoryEngine.initialize (Backend/HBOS/Engines/MemoryEngine.ts:22:17)

    console.log
      Memory Engine Started

      at MemoryEngine.initialize (Backend/HBOS/Engines/MemoryEngine.ts:22:17)

    console.log
      Knowledge Engine Started

      at KnowledgeEngine.initialize (Backend/HBOS/Engines/KnowledgeEngine.ts:22:17)

    console.log
      Project Pilot Engine Started

      at ProjectPilotEngine.initialize (Backend/HBOS/Engines/ProjectPilotEngine.ts:41:17)

    console.log
      ReasoningEngine Started

      at ReasoningEngine.initialize (Backend/HBOS/Engines/ReasoningEngine.ts:110:17)

    console.log
      OrganizationalIntelligenceEngine Started

      at OrganizationalIntelligenceEngine.initialize (Backend/HBOS/Engines/OrganizationalIntelligenceEngine.ts:132:17)

    console.log
      Governance Engine Started

      at GovernanceEngine.initialize (Backend/HBOS/Engines/GovernanceEngine.ts:140:17)

    console.log
      ExecutiveIntelligenceEngine Started

      at ExecutiveIntelligenceEngine.initialize (Backend/HBOS/Engines/ExecutiveIntelligenceEngine.ts:152:17)

    console.log
      Decision Engine Started

      at DecisionEngine.initialize (Backend/HBOS/Engines/DecisionEngine.ts:14:17)

    console.log
      Project Pilot Engine Started

      at ProjectPilotEngine.initialize (Backend/HBOS/Engines/ProjectPilotEngine.ts:41:17)

    console.log
      Governance Engine Started

      at GovernanceEngine.initialize (Backend/HBOS/Engines/GovernanceEngine.ts:140:17)

    console.log
      AutonomousOperationsEngine Started

      at AutonomousOperationsEngine.initialize (Backend/HBOS/Engines/AutonomousOperationsEngine.ts:152:17)

    console.log
      Knowledge Engine Started

      at KnowledgeEngine.initialize (Backend/HBOS/Engines/KnowledgeEngine.ts:22:17)

PASS Backend/HBOS/test/ResilienceAnalyticsService.phase-12-1.1.test.ts
PASS Backend/HBOS/test/SecurityEventLogger.phase-10-1.3.test.ts (10.369 s)
  ● Console

    console.log
      Governance Engine Started

      at GovernanceEngine.initialize (Backend/HBOS/Engines/GovernanceEngine.ts:140:17)

    console.log
      Governance Engine Started

      at GovernanceEngine.initialize (Backend/HBOS/Engines/GovernanceEngine.ts:140:17)

    console.log
      Decision Engine Started

      at DecisionEngine.initialize (Backend/HBOS/Engines/DecisionEngine.ts:14:17)

    console.log
      ReasoningEngine Started

      at ReasoningEngine.initialize (Backend/HBOS/Engines/ReasoningEngine.ts:110:17)

    console.log
      Memory Engine Started

      at MemoryEngine.initialize (Backend/HBOS/Engines/MemoryEngine.ts:22:17)

    console.log
      Knowledge Engine Started

      at KnowledgeEngine.initialize (Backend/HBOS/Engines/KnowledgeEngine.ts:22:17)

    console.log
      Project Pilot Engine Started

      at ProjectPilotEngine.initialize (Backend/HBOS/Engines/ProjectPilotEngine.ts:41:17)

    console.log
      ReasoningEngine Started

      at ReasoningEngine.initialize (Backend/HBOS/Engines/ReasoningEngine.ts:110:17)

    console.log
      OrganizationalIntelligenceEngine Started

      at OrganizationalIntelligenceEngine.initialize (Backend/HBOS/Engines/OrganizationalIntelligenceEngine.ts:132:17)

    console.log
      Governance Engine Started

      at GovernanceEngine.initialize (Backend/HBOS/Engines/GovernanceEngine.ts:140:17)

    console.log
      Memory Engine Started

      at MemoryEngine.initialize (Backend/HBOS/Engines/MemoryEngine.ts:22:17)

    console.log
      Memory Engine Started

      at MemoryEngine.initialize (Backend/HBOS/Engines/MemoryEngine.ts:22:17)

    console.log
      Knowledge Engine Started

      at KnowledgeEngine.initialize (Backend/HBOS/Engines/KnowledgeEngine.ts:22:17)

    console.log
      Project Pilot Engine Started

      at ProjectPilotEngine.initialize (Backend/HBOS/Engines/ProjectPilotEngine.ts:41:17)

    console.log
      ReasoningEngine Started

      at ReasoningEngine.initialize (Backend/HBOS/Engines/ReasoningEngine.ts:110:17)

    console.log
      OrganizationalIntelligenceEngine Started

      at OrganizationalIntelligenceEngine.initialize (Backend/HBOS/Engines/OrganizationalIntelligenceEngine.ts:132:17)

    console.log
      Governance Engine Started

      at GovernanceEngine.initialize (Backend/HBOS/Engines/GovernanceEngine.ts:140:17)

    console.log
      ExecutiveIntelligenceEngine Started

      at ExecutiveIntelligenceEngine.initialize (Backend/HBOS/Engines/ExecutiveIntelligenceEngine.ts:152:17)

    console.log
      Decision Engine Started

      at DecisionEngine.initialize (Backend/HBOS/Engines/DecisionEngine.ts:14:17)

    console.log
      Project Pilot Engine Started

      at ProjectPilotEngine.initialize (Backend/HBOS/Engines/ProjectPilotEngine.ts:41:17)

    console.log
      Governance Engine Started

      at GovernanceEngine.initialize (Backend/HBOS/Engines/GovernanceEngine.ts:140:17)

    console.log
      AutonomousOperationsEngine Started

      at AutonomousOperationsEngine.initialize (Backend/HBOS/Engines/AutonomousOperationsEngine.ts:152:17)

    console.log
      Knowledge Engine Started

      at KnowledgeEngine.initialize (Backend/HBOS/Engines/KnowledgeEngine.ts:22:17)

PASS Backend/HBOS/test/PdfAcquisition.test.ts
PASS Backend/HBOS/test/CommercialProductCompletionAudit.test.ts
PASS Backend/HBOS/test/FinancialStatementInsight.test.ts
PASS Backend/HBOS/test/DecisionIntelligenceEngine.phase-09-1-11-12.test.ts
PASS Backend/HBOS/test/FinalProductRuntimeQualification.test.ts
  ● Console

    console.log
      ReasoningEngine Started

      at ReasoningEngine.initialize (Backend/HBOS/Engines/ReasoningEngine.ts:110:17)

    console.log
      Memory Engine Started

      at MemoryEngine.initialize (Backend/HBOS/Engines/MemoryEngine.ts:22:17)

    console.log
      Knowledge Engine Started

      at KnowledgeEngine.initialize (Backend/HBOS/Engines/KnowledgeEngine.ts:22:17)

    console.log
      Project Pilot Engine Started

      at ProjectPilotEngine.initialize (Backend/HBOS/Engines/ProjectPilotEngine.ts:41:17)

    console.log
      ReasoningEngine Started

      at ReasoningEngine.initialize (Backend/HBOS/Engines/ReasoningEngine.ts:110:17)

    console.log
      OrganizationalIntelligenceEngine Started

      at OrganizationalIntelligenceEngine.initialize (Backend/HBOS/Engines/OrganizationalIntelligenceEngine.ts:132:17)

    console.log
      Governance Engine Started

      at GovernanceEngine.initialize (Backend/HBOS/Engines/GovernanceEngine.ts:140:17)

    console.log
      Memory Engine Started

      at MemoryEngine.initialize (Backend/HBOS/Engines/MemoryEngine.ts:22:17)

    console.log
      Memory Engine Started

      at MemoryEngine.initialize (Backend/HBOS/Engines/MemoryEngine.ts:22:17)

    console.log
      Knowledge Engine Started

      at KnowledgeEngine.initialize (Backend/HBOS/Engines/KnowledgeEngine.ts:22:17)

    console.log
      Project Pilot Engine Started

      at ProjectPilotEngine.initialize (Backend/HBOS/Engines/ProjectPilotEngine.ts:41:17)

    console.log
      ReasoningEngine Started

      at ReasoningEngine.initialize (Backend/HBOS/Engines/ReasoningEngine.ts:110:17)

    console.log
      OrganizationalIntelligenceEngine Started

      at OrganizationalIntelligenceEngine.initialize (Backend/HBOS/Engines/OrganizationalIntelligenceEngine.ts:132:17)

    console.log
      Governance Engine Started

      at GovernanceEngine.initialize (Backend/HBOS/Engines/GovernanceEngine.ts:140:17)

    console.log
      ExecutiveIntelligenceEngine Started

      at ExecutiveIntelligenceEngine.initialize (Backend/HBOS/Engines/ExecutiveIntelligenceEngine.ts:152:17)

    console.log
      Decision Engine Started

      at DecisionEngine.initialize (Backend/HBOS/Engines/DecisionEngine.ts:14:17)

    console.log
      Project Pilot Engine Started

      at ProjectPilotEngine.initialize (Backend/HBOS/Engines/ProjectPilotEngine.ts:41:17)

    console.log
      Governance Engine Started

      at GovernanceEngine.initialize (Backend/HBOS/Engines/GovernanceEngine.ts:140:17)

    console.log
      AutonomousOperationsEngine Started

      at AutonomousOperationsEngine.initialize (Backend/HBOS/Engines/AutonomousOperationsEngine.ts:152:17)

    console.log
      Knowledge Engine Started

      at KnowledgeEngine.initialize (Backend/HBOS/Engines/KnowledgeEngine.ts:22:17)

    console.log
      ReasoningEngine Started

      at ReasoningEngine.initialize (Backend/HBOS/Engines/ReasoningEngine.ts:110:17)

    console.log
      Memory Engine Started

      at MemoryEngine.initialize (Backend/HBOS/Engines/MemoryEngine.ts:22:17)

    console.log
      Knowledge Engine Started

      at KnowledgeEngine.initialize (Backend/HBOS/Engines/KnowledgeEngine.ts:22:17)

    console.log
      Project Pilot Engine Started

      at ProjectPilotEngine.initialize (Backend/HBOS/Engines/ProjectPilotEngine.ts:41:17)

    console.log
      ReasoningEngine Started

      at ReasoningEngine.initialize (Backend/HBOS/Engines/ReasoningEngine.ts:110:17)

    console.log
      OrganizationalIntelligenceEngine Started

      at OrganizationalIntelligenceEngine.initialize (Backend/HBOS/Engines/OrganizationalIntelligenceEngine.ts:132:17)

    console.log
      Governance Engine Started

      at GovernanceEngine.initialize (Backend/HBOS/Engines/GovernanceEngine.ts:140:17)

    console.log
      Memory Engine Started

      at MemoryEngine.initialize (Backend/HBOS/Engines/MemoryEngine.ts:22:17)

    console.log
      Memory Engine Started

      at MemoryEngine.initialize (Backend/HBOS/Engines/MemoryEngine.ts:22:17)

    console.log
      Knowledge Engine Started

      at KnowledgeEngine.initialize (Backend/HBOS/Engines/KnowledgeEngine.ts:22:17)

    console.log
      Project Pilot Engine Started

      at ProjectPilotEngine.initialize (Backend/HBOS/Engines/ProjectPilotEngine.ts:41:17)

    console.log
      ReasoningEngine Started

      at ReasoningEngine.initialize (Backend/HBOS/Engines/ReasoningEngine.ts:110:17)

    console.log
      OrganizationalIntelligenceEngine Started

      at OrganizationalIntelligenceEngine.initialize (Backend/HBOS/Engines/OrganizationalIntelligenceEngine.ts:132:17)

    console.log
      Governance Engine Started

      at GovernanceEngine.initialize (Backend/HBOS/Engines/GovernanceEngine.ts:140:17)

    console.log
      ExecutiveIntelligenceEngine Started

      at ExecutiveIntelligenceEngine.initialize (Backend/HBOS/Engines/ExecutiveIntelligenceEngine.ts:152:17)

    console.log
      Decision Engine Started

      at DecisionEngine.initialize (Backend/HBOS/Engines/DecisionEngine.ts:14:17)

    console.log
      Project Pilot Engine Started

      at ProjectPilotEngine.initialize (Backend/HBOS/Engines/ProjectPilotEngine.ts:41:17)

    console.log
      Governance Engine Started

      at GovernanceEngine.initialize (Backend/HBOS/Engines/GovernanceEngine.ts:140:17)

    console.log
      AutonomousOperationsEngine Started

      at AutonomousOperationsEngine.initialize (Backend/HBOS/Engines/AutonomousOperationsEngine.ts:152:17)

    console.log
      Knowledge Engine Started

      at KnowledgeEngine.initialize (Backend/HBOS/Engines/KnowledgeEngine.ts:22:17)

PASS Backend/HBOS/test/IndependentValidation.test.ts
PASS Backend/HBOS/test/AssistantEngineOrchestratedIntegration.phase-09-activation.test.ts
PASS Backend/HBOS/test/ReportsEngine.test.ts
PASS Backend/HBOS/test/AutonomousPlatformContinuation.test.ts
PASS Backend/HBOS/test/Phase11-HostileQC.test.ts
  ● Console

    console.log
      Memory Engine Started

      at MemoryEngine.initialize (Backend/HBOS/Engines/MemoryEngine.ts:22:17)

    console.log
      Memory Engine Started

      at MemoryEngine.initialize (Backend/HBOS/Engines/MemoryEngine.ts:22:17)

    console.log
      Decision Engine Started

      at DecisionEngine.initialize (Backend/HBOS/Engines/DecisionEngine.ts:14:17)

    console.log
      Project Pilot Engine Started

      at ProjectPilotEngine.initialize (Backend/HBOS/Engines/ProjectPilotEngine.ts:41:17)

    console.log
      Governance Engine Started

      at GovernanceEngine.initialize (Backend/HBOS/Engines/GovernanceEngine.ts:140:17)

    console.log
      AutonomousOperationsEngine Started

      at AutonomousOperationsEngine.initialize (Backend/HBOS/Engines/AutonomousOperationsEngine.ts:152:17)

    console.log
      Governance Engine Started

      at GovernanceEngine.initialize (Backend/HBOS/Engines/GovernanceEngine.ts:140:17)

    console.log
      ReasoningEngine Started

      at ReasoningEngine.initialize (Backend/HBOS/Engines/ReasoningEngine.ts:110:17)

    console.log
      Memory Engine Started

      at MemoryEngine.initialize (Backend/HBOS/Engines/MemoryEngine.ts:22:17)

    console.log
      Memory Engine Started

      at MemoryEngine.initialize (Backend/HBOS/Engines/MemoryEngine.ts:22:17)

    console.log
      Knowledge Engine Started

      at KnowledgeEngine.initialize (Backend/HBOS/Engines/KnowledgeEngine.ts:22:17)

    console.log
      Project Pilot Engine Started

      at ProjectPilotEngine.initialize (Backend/HBOS/Engines/ProjectPilotEngine.ts:41:17)

    console.log
      ReasoningEngine Started

      at ReasoningEngine.initialize (Backend/HBOS/Engines/ReasoningEngine.ts:110:17)

    console.log
      OrganizationalIntelligenceEngine Started

      at OrganizationalIntelligenceEngine.initialize (Backend/HBOS/Engines/OrganizationalIntelligenceEngine.ts:132:17)

    console.log
      Decision Engine Started

      at DecisionEngine.initialize (Backend/HBOS/Engines/DecisionEngine.ts:14:17)

    console.log
      Project Pilot Engine Started

      at ProjectPilotEngine.initialize (Backend/HBOS/Engines/ProjectPilotEngine.ts:41:17)

    console.log
      Governance Engine Started

      at GovernanceEngine.initialize (Backend/HBOS/Engines/GovernanceEngine.ts:140:17)

    console.log
      AutonomousOperationsEngine Started

      at AutonomousOperationsEngine.initialize (Backend/HBOS/Engines/AutonomousOperationsEngine.ts:152:17)

PASS Backend/HBOS/test/SecurityLayerEngine.phase-10-1.1.test.ts
PASS Backend/HBOS/test/LocalFolderWatcher.test.ts (8.85 s)
PASS Backend/HBOS/test/GenericApiConnector.test.ts
PASS Backend/HBOS/test/ReportExportService.test.ts
PASS Backend/HBOS/test/ImageAcquisition.test.ts
PASS Backend/HBOS/test/FormatDetection.test.ts
PASS Backend/HBOS/test/AssistantCompletionGate.test.ts
PASS Backend/HBOS/test/ScannedPdfRouter.test.ts
PASS Backend/HBOS/test/Phase13-RBAC.test.ts
PASS Backend/HBOS/test/ConnectorRegistry.test.ts
PASS Backend/HBOS/test/IngestionDocumentNormalization.test.ts
PASS Backend/HBOS/test/SyncStateStore.test.ts (23.098 s)
PASS Backend/HBOS/test/OcrProviderAdmission.test.ts
PASS Backend/HBOS/test/DecisionWorkbench.test.ts
PASS Backend/HBOS/test/ImpactMeasurementService.phase-12-1.3.test.ts
PASS Backend/HBOS/test/RuntimeSessionLifecycleSweep.test.ts (35.814 s)
  ● Console

    console.log
      ReasoningEngine Started

      at ReasoningEngine.initialize (Backend/HBOS/Engines/ReasoningEngine.ts:110:17)

    console.log
      Memory Engine Started

      at MemoryEngine.initialize (Backend/HBOS/Engines/MemoryEngine.ts:22:17)

    console.log
      Knowledge Engine Started

      at KnowledgeEngine.initialize (Backend/HBOS/Engines/KnowledgeEngine.ts:22:17)

    console.log
      Project Pilot Engine Started

      at ProjectPilotEngine.initialize (Backend/HBOS/Engines/ProjectPilotEngine.ts:41:17)

    console.log
      ReasoningEngine Started

      at ReasoningEngine.initialize (Backend/HBOS/Engines/ReasoningEngine.ts:110:17)

    console.log
      OrganizationalIntelligenceEngine Started

      at OrganizationalIntelligenceEngine.initialize (Backend/HBOS/Engines/OrganizationalIntelligenceEngine.ts:132:17)

    console.log
      Governance Engine Started

      at GovernanceEngine.initialize (Backend/HBOS/Engines/GovernanceEngine.ts:140:17)

    console.log
      Memory Engine Started

      at MemoryEngine.initialize (Backend/HBOS/Engines/MemoryEngine.ts:22:17)

    console.log
      Memory Engine Started

      at MemoryEngine.initialize (Backend/HBOS/Engines/MemoryEngine.ts:22:17)

    console.log
      Knowledge Engine Started

      at KnowledgeEngine.initialize (Backend/HBOS/Engines/KnowledgeEngine.ts:22:17)

    console.log
      Project Pilot Engine Started

      at ProjectPilotEngine.initialize (Backend/HBOS/Engines/ProjectPilotEngine.ts:41:17)

    console.log
      ReasoningEngine Started

      at ReasoningEngine.initialize (Backend/HBOS/Engines/ReasoningEngine.ts:110:17)

    console.log
      OrganizationalIntelligenceEngine Started

      at OrganizationalIntelligenceEngine.initialize (Backend/HBOS/Engines/OrganizationalIntelligenceEngine.ts:132:17)

    console.log
      Governance Engine Started

      at GovernanceEngine.initialize (Backend/HBOS/Engines/GovernanceEngine.ts:140:17)

    console.log
      ExecutiveIntelligenceEngine Started

      at ExecutiveIntelligenceEngine.initialize (Backend/HBOS/Engines/ExecutiveIntelligenceEngine.ts:152:17)

    console.log
      Decision Engine Started

      at DecisionEngine.initialize (Backend/HBOS/Engines/DecisionEngine.ts:14:17)

    console.log
      Project Pilot Engine Started

      at ProjectPilotEngine.initialize (Backend/HBOS/Engines/ProjectPilotEngine.ts:41:17)

    console.log
      Governance Engine Started

      at GovernanceEngine.initialize (Backend/HBOS/Engines/GovernanceEngine.ts:140:17)

    console.log
      AutonomousOperationsEngine Started

      at AutonomousOperationsEngine.initialize (Backend/HBOS/Engines/AutonomousOperationsEngine.ts:152:17)

    console.log
      Knowledge Engine Started

      at KnowledgeEngine.initialize (Backend/HBOS/Engines/KnowledgeEngine.ts:22:17)

    console.log
      ReasoningEngine Started

      at ReasoningEngine.initialize (Backend/HBOS/Engines/ReasoningEngine.ts:110:17)

    console.log
      Memory Engine Started

      at MemoryEngine.initialize (Backend/HBOS/Engines/MemoryEngine.ts:22:17)

    console.log
      Knowledge Engine Started

      at KnowledgeEngine.initialize (Backend/HBOS/Engines/KnowledgeEngine.ts:22:17)

    console.log
      Project Pilot Engine Started

      at ProjectPilotEngine.initialize (Backend/HBOS/Engines/ProjectPilotEngine.ts:41:17)

    console.log
      ReasoningEngine Started

      at ReasoningEngine.initialize (Backend/HBOS/Engines/ReasoningEngine.ts:110:17)

    console.log
      OrganizationalIntelligenceEngine Started

      at OrganizationalIntelligenceEngine.initialize (Backend/HBOS/Engines/OrganizationalIntelligenceEngine.ts:132:17)

    console.log
      Governance Engine Started

      at GovernanceEngine.initialize (Backend/HBOS/Engines/GovernanceEngine.ts:140:17)

    console.log
      Memory Engine Started

      at MemoryEngine.initialize (Backend/HBOS/Engines/MemoryEngine.ts:22:17)

    console.log
      Memory Engine Started

      at MemoryEngine.initialize (Backend/HBOS/Engines/MemoryEngine.ts:22:17)

    console.log
      Knowledge Engine Started

      at KnowledgeEngine.initialize (Backend/HBOS/Engines/KnowledgeEngine.ts:22:17)

    console.log
      Project Pilot Engine Started

      at ProjectPilotEngine.initialize (Backend/HBOS/Engines/ProjectPilotEngine.ts:41:17)

    console.log
      ReasoningEngine Started

      at ReasoningEngine.initialize (Backend/HBOS/Engines/ReasoningEngine.ts:110:17)

    console.log
      OrganizationalIntelligenceEngine Started

      at OrganizationalIntelligenceEngine.initialize (Backend/HBOS/Engines/OrganizationalIntelligenceEngine.ts:132:17)

    console.log
      Governance Engine Started

      at GovernanceEngine.initialize (Backend/HBOS/Engines/GovernanceEngine.ts:140:17)

    console.log
      ExecutiveIntelligenceEngine Started

      at ExecutiveIntelligenceEngine.initialize (Backend/HBOS/Engines/ExecutiveIntelligenceEngine.ts:152:17)

    console.log
      Decision Engine Started

      at DecisionEngine.initialize (Backend/HBOS/Engines/DecisionEngine.ts:14:17)

    console.log
      Project Pilot Engine Started

      at ProjectPilotEngine.initialize (Backend/HBOS/Engines/ProjectPilotEngine.ts:41:17)

    console.log
      Governance Engine Started

      at GovernanceEngine.initialize (Backend/HBOS/Engines/GovernanceEngine.ts:140:17)

    console.log
      AutonomousOperationsEngine Started

      at AutonomousOperationsEngine.initialize (Backend/HBOS/Engines/AutonomousOperationsEngine.ts:152:17)

    console.log
      Knowledge Engine Started

      at KnowledgeEngine.initialize (Backend/HBOS/Engines/KnowledgeEngine.ts:22:17)

    console.log
      ReasoningEngine Started

      at ReasoningEngine.initialize (Backend/HBOS/Engines/ReasoningEngine.ts:110:17)

    console.log
      Memory Engine Started

      at MemoryEngine.initialize (Backend/HBOS/Engines/MemoryEngine.ts:22:17)

    console.log
      Knowledge Engine Started

      at KnowledgeEngine.initialize (Backend/HBOS/Engines/KnowledgeEngine.ts:22:17)

    console.log
      Project Pilot Engine Started

      at ProjectPilotEngine.initialize (Backend/HBOS/Engines/ProjectPilotEngine.ts:41:17)

    console.log
      ReasoningEngine Started

      at ReasoningEngine.initialize (Backend/HBOS/Engines/ReasoningEngine.ts:110:17)

    console.log
      OrganizationalIntelligenceEngine Started

      at OrganizationalIntelligenceEngine.initialize (Backend/HBOS/Engines/OrganizationalIntelligenceEngine.ts:132:17)

    console.log
      Governance Engine Started

      at GovernanceEngine.initialize (Backend/HBOS/Engines/GovernanceEngine.ts:140:17)

    console.log
      Memory Engine Started

      at MemoryEngine.initialize (Backend/HBOS/Engines/MemoryEngine.ts:22:17)

    console.log
      Memory Engine Started

      at MemoryEngine.initialize (Backend/HBOS/Engines/MemoryEngine.ts:22:17)

    console.log
      Knowledge Engine Started

      at KnowledgeEngine.initialize (Backend/HBOS/Engines/KnowledgeEngine.ts:22:17)

    console.log
      Project Pilot Engine Started

      at ProjectPilotEngine.initialize (Backend/HBOS/Engines/ProjectPilotEngine.ts:41:17)

    console.log
      ReasoningEngine Started

      at ReasoningEngine.initialize (Backend/HBOS/Engines/ReasoningEngine.ts:110:17)

    console.log
      OrganizationalIntelligenceEngine Started

      at OrganizationalIntelligenceEngine.initialize (Backend/HBOS/Engines/OrganizationalIntelligenceEngine.ts:132:17)

    console.log
      Governance Engine Started

      at GovernanceEngine.initialize (Backend/HBOS/Engines/GovernanceEngine.ts:140:17)

    console.log
      ExecutiveIntelligenceEngine Started

      at ExecutiveIntelligenceEngine.initialize (Backend/HBOS/Engines/ExecutiveIntelligenceEngine.ts:152:17)

    console.log
      Decision Engine Started

      at DecisionEngine.initialize (Backend/HBOS/Engines/DecisionEngine.ts:14:17)

    console.log
      Project Pilot Engine Started

      at ProjectPilotEngine.initialize (Backend/HBOS/Engines/ProjectPilotEngine.ts:41:17)

    console.log
      Governance Engine Started

      at GovernanceEngine.initialize (Backend/HBOS/Engines/GovernanceEngine.ts:140:17)

    console.log
      AutonomousOperationsEngine Started

      at AutonomousOperationsEngine.initialize (Backend/HBOS/Engines/AutonomousOperationsEngine.ts:152:17)

    console.log
      Knowledge Engine Started

      at KnowledgeEngine.initialize (Backend/HBOS/Engines/KnowledgeEngine.ts:22:17)

PASS Backend/HBOS/test/WindowsNpmLauncherNormalization.test.ts (47.67 s)
PASS Backend/HBOS/test/InstalledProductPackagingRepair.test.ts
PASS Backend/HBOS/test/ContinuousImprovementEngine.phase-12-1.4.test.ts
PASS Backend/HBOS/Autonomous/Runtime/CommercialRuntimeServer.test.ts
  ● Console

    console.log
      ReasoningEngine Started

      at ReasoningEngine.initialize (Backend/HBOS/Engines/ReasoningEngine.ts:110:17)

    console.log
      Memory Engine Started

      at MemoryEngine.initialize (Backend/HBOS/Engines/MemoryEngine.ts:22:17)

    console.log
      Knowledge Engine Started

      at KnowledgeEngine.initialize (Backend/HBOS/Engines/KnowledgeEngine.ts:22:17)

    console.log
      Project Pilot Engine Started

      at ProjectPilotEngine.initialize (Backend/HBOS/Engines/ProjectPilotEngine.ts:41:17)

    console.log
      ReasoningEngine Started

      at ReasoningEngine.initialize (Backend/HBOS/Engines/ReasoningEngine.ts:110:17)

    console.log
      OrganizationalIntelligenceEngine Started

      at OrganizationalIntelligenceEngine.initialize (Backend/HBOS/Engines/OrganizationalIntelligenceEngine.ts:132:17)

    console.log
      Governance Engine Started

      at GovernanceEngine.initialize (Backend/HBOS/Engines/GovernanceEngine.ts:140:17)

    console.log
      Memory Engine Started

      at MemoryEngine.initialize (Backend/HBOS/Engines/MemoryEngine.ts:22:17)

    console.log
      Memory Engine Started

      at MemoryEngine.initialize (Backend/HBOS/Engines/MemoryEngine.ts:22:17)

    console.log
      Knowledge Engine Started

      at KnowledgeEngine.initialize (Backend/HBOS/Engines/KnowledgeEngine.ts:22:17)

    console.log
      Project Pilot Engine Started

      at ProjectPilotEngine.initialize (Backend/HBOS/Engines/ProjectPilotEngine.ts:41:17)

    console.log
      ReasoningEngine Started

      at ReasoningEngine.initialize (Backend/HBOS/Engines/ReasoningEngine.ts:110:17)

    console.log
      OrganizationalIntelligenceEngine Started

      at OrganizationalIntelligenceEngine.initialize (Backend/HBOS/Engines/OrganizationalIntelligenceEngine.ts:132:17)

    console.log
      Governance Engine Started

      at GovernanceEngine.initialize (Backend/HBOS/Engines/GovernanceEngine.ts:140:17)

    console.log
      ExecutiveIntelligenceEngine Started

      at ExecutiveIntelligenceEngine.initialize (Backend/HBOS/Engines/ExecutiveIntelligenceEngine.ts:152:17)

    console.log
      Decision Engine Started

      at DecisionEngine.initialize (Backend/HBOS/Engines/DecisionEngine.ts:14:17)

    console.log
      Project Pilot Engine Started

      at ProjectPilotEngine.initialize (Backend/HBOS/Engines/ProjectPilotEngine.ts:41:17)

    console.log
      Governance Engine Started

      at GovernanceEngine.initialize (Backend/HBOS/Engines/GovernanceEngine.ts:140:17)

    console.log
      AutonomousOperationsEngine Started

      at AutonomousOperationsEngine.initialize (Backend/HBOS/Engines/AutonomousOperationsEngine.ts:152:17)

    console.log
      Knowledge Engine Started

      at KnowledgeEngine.initialize (Backend/HBOS/Engines/KnowledgeEngine.ts:22:17)

    console.log
      ReasoningEngine Started

      at ReasoningEngine.initialize (Backend/HBOS/Engines/ReasoningEngine.ts:110:17)

    console.log
      Memory Engine Started

      at MemoryEngine.initialize (Backend/HBOS/Engines/MemoryEngine.ts:22:17)

    console.log
      Knowledge Engine Started

      at KnowledgeEngine.initialize (Backend/HBOS/Engines/KnowledgeEngine.ts:22:17)

    console.log
      Project Pilot Engine Started

      at ProjectPilotEngine.initialize (Backend/HBOS/Engines/ProjectPilotEngine.ts:41:17)

    console.log
      ReasoningEngine Started

      at ReasoningEngine.initialize (Backend/HBOS/Engines/ReasoningEngine.ts:110:17)

    console.log
      OrganizationalIntelligenceEngine Started

      at OrganizationalIntelligenceEngine.initialize (Backend/HBOS/Engines/OrganizationalIntelligenceEngine.ts:132:17)

    console.log
      Governance Engine Started

      at GovernanceEngine.initialize (Backend/HBOS/Engines/GovernanceEngine.ts:140:17)

    console.log
      Memory Engine Started

      at MemoryEngine.initialize (Backend/HBOS/Engines/MemoryEngine.ts:22:17)

    console.log
      Memory Engine Started

      at MemoryEngine.initialize (Backend/HBOS/Engines/MemoryEngine.ts:22:17)

    console.log
      Knowledge Engine Started

      at KnowledgeEngine.initialize (Backend/HBOS/Engines/KnowledgeEngine.ts:22:17)

    console.log
      Project Pilot Engine Started

      at ProjectPilotEngine.initialize (Backend/HBOS/Engines/ProjectPilotEngine.ts:41:17)

    console.log
      ReasoningEngine Started

      at ReasoningEngine.initialize (Backend/HBOS/Engines/ReasoningEngine.ts:110:17)

    console.log
      OrganizationalIntelligenceEngine Started

      at OrganizationalIntelligenceEngine.initialize (Backend/HBOS/Engines/OrganizationalIntelligenceEngine.ts:132:17)

    console.log
      Governance Engine Started

      at GovernanceEngine.initialize (Backend/HBOS/Engines/GovernanceEngine.ts:140:17)

    console.log
      ExecutiveIntelligenceEngine Started

      at ExecutiveIntelligenceEngine.initialize (Backend/HBOS/Engines/ExecutiveIntelligenceEngine.ts:152:17)

    console.log
      Decision Engine Started

      at DecisionEngine.initialize (Backend/HBOS/Engines/DecisionEngine.ts:14:17)

    console.log
      Project Pilot Engine Started

      at ProjectPilotEngine.initialize (Backend/HBOS/Engines/ProjectPilotEngine.ts:41:17)

    console.log
      Governance Engine Started

      at GovernanceEngine.initialize (Backend/HBOS/Engines/GovernanceEngine.ts:140:17)

    console.log
      AutonomousOperationsEngine Started

      at AutonomousOperationsEngine.initialize (Backend/HBOS/Engines/AutonomousOperationsEngine.ts:152:17)

    console.log
      Knowledge Engine Started

      at KnowledgeEngine.initialize (Backend/HBOS/Engines/KnowledgeEngine.ts:22:17)

    console.log
      ReasoningEngine Started

      at ReasoningEngine.initialize (Backend/HBOS/Engines/ReasoningEngine.ts:110:17)

    console.log
      Memory Engine Started

      at MemoryEngine.initialize (Backend/HBOS/Engines/MemoryEngine.ts:22:17)

    console.log
      Knowledge Engine Started

      at KnowledgeEngine.initialize (Backend/HBOS/Engines/KnowledgeEngine.ts:22:17)

    console.log
      Project Pilot Engine Started

      at ProjectPilotEngine.initialize (Backend/HBOS/Engines/ProjectPilotEngine.ts:41:17)

    console.log
      ReasoningEngine Started

      at ReasoningEngine.initialize (Backend/HBOS/Engines/ReasoningEngine.ts:110:17)

    console.log
      OrganizationalIntelligenceEngine Started

      at OrganizationalIntelligenceEngine.initialize (Backend/HBOS/Engines/OrganizationalIntelligenceEngine.ts:132:17)

    console.log
      Governance Engine Started

      at GovernanceEngine.initialize (Backend/HBOS/Engines/GovernanceEngine.ts:140:17)

    console.log
      Memory Engine Started

      at MemoryEngine.initialize (Backend/HBOS/Engines/MemoryEngine.ts:22:17)

    console.log
      Memory Engine Started

      at MemoryEngine.initialize (Backend/HBOS/Engines/MemoryEngine.ts:22:17)

    console.log
      Knowledge Engine Started

      at KnowledgeEngine.initialize (Backend/HBOS/Engines/KnowledgeEngine.ts:22:17)

    console.log
      Project Pilot Engine Started

      at ProjectPilotEngine.initialize (Backend/HBOS/Engines/ProjectPilotEngine.ts:41:17)

    console.log
      ReasoningEngine Started

      at ReasoningEngine.initialize (Backend/HBOS/Engines/ReasoningEngine.ts:110:17)

    console.log
      OrganizationalIntelligenceEngine Started

      at OrganizationalIntelligenceEngine.initialize (Backend/HBOS/Engines/OrganizationalIntelligenceEngine.ts:132:17)

    console.log
      Governance Engine Started

      at GovernanceEngine.initialize (Backend/HBOS/Engines/GovernanceEngine.ts:140:17)

    console.log
      ExecutiveIntelligenceEngine Started

      at ExecutiveIntelligenceEngine.initialize (Backend/HBOS/Engines/ExecutiveIntelligenceEngine.ts:152:17)

    console.log
      Decision Engine Started

      at DecisionEngine.initialize (Backend/HBOS/Engines/DecisionEngine.ts:14:17)

    console.log
      Project Pilot Engine Started

      at ProjectPilotEngine.initialize (Backend/HBOS/Engines/ProjectPilotEngine.ts:41:17)

    console.log
      Governance Engine Started

      at GovernanceEngine.initialize (Backend/HBOS/Engines/GovernanceEngine.ts:140:17)

    console.log
      AutonomousOperationsEngine Started

      at AutonomousOperationsEngine.initialize (Backend/HBOS/Engines/AutonomousOperationsEngine.ts:152:17)

    console.log
      Knowledge Engine Started

      at KnowledgeEngine.initialize (Backend/HBOS/Engines/KnowledgeEngine.ts:22:17)

    console.log
      ReasoningEngine Started

      at ReasoningEngine.initialize (Backend/HBOS/Engines/ReasoningEngine.ts:110:17)

    console.log
      Memory Engine Started

      at MemoryEngine.initialize (Backend/HBOS/Engines/MemoryEngine.ts:22:17)

    console.log
      Knowledge Engine Started

      at KnowledgeEngine.initialize (Backend/HBOS/Engines/KnowledgeEngine.ts:22:17)

    console.log
      Project Pilot Engine Started

      at ProjectPilotEngine.initialize (Backend/HBOS/Engines/ProjectPilotEngine.ts:41:17)

    console.log
      ReasoningEngine Started

      at ReasoningEngine.initialize (Backend/HBOS/Engines/ReasoningEngine.ts:110:17)

    console.log
      OrganizationalIntelligenceEngine Started

      at OrganizationalIntelligenceEngine.initialize (Backend/HBOS/Engines/OrganizationalIntelligenceEngine.ts:132:17)

    console.log
      Governance Engine Started

      at GovernanceEngine.initialize (Backend/HBOS/Engines/GovernanceEngine.ts:140:17)

    console.log
      Memory Engine Started

      at MemoryEngine.initialize (Backend/HBOS/Engines/MemoryEngine.ts:22:17)

    console.log
      Memory Engine Started

      at MemoryEngine.initialize (Backend/HBOS/Engines/MemoryEngine.ts:22:17)

    console.log
      Knowledge Engine Started

      at KnowledgeEngine.initialize (Backend/HBOS/Engines/KnowledgeEngine.ts:22:17)

    console.log
      Project Pilot Engine Started

      at ProjectPilotEngine.initialize (Backend/HBOS/Engines/ProjectPilotEngine.ts:41:17)

    console.log
      ReasoningEngine Started

      at ReasoningEngine.initialize (Backend/HBOS/Engines/ReasoningEngine.ts:110:17)

    console.log
      OrganizationalIntelligenceEngine Started

      at OrganizationalIntelligenceEngine.initialize (Backend/HBOS/Engines/OrganizationalIntelligenceEngine.ts:132:17)

    console.log
      Governance Engine Started

      at GovernanceEngine.initialize (Backend/HBOS/Engines/GovernanceEngine.ts:140:17)

    console.log
      ExecutiveIntelligenceEngine Started

      at ExecutiveIntelligenceEngine.initialize (Backend/HBOS/Engines/ExecutiveIntelligenceEngine.ts:152:17)

    console.log
      Decision Engine Started

      at DecisionEngine.initialize (Backend/HBOS/Engines/DecisionEngine.ts:14:17)

    console.log
      Project Pilot Engine Started

      at ProjectPilotEngine.initialize (Backend/HBOS/Engines/ProjectPilotEngine.ts:41:17)

    console.log
      Governance Engine Started

      at GovernanceEngine.initialize (Backend/HBOS/Engines/GovernanceEngine.ts:140:17)

    console.log
      AutonomousOperationsEngine Started

      at AutonomousOperationsEngine.initialize (Backend/HBOS/Engines/AutonomousOperationsEngine.ts:152:17)

    console.log
      Knowledge Engine Started

      at KnowledgeEngine.initialize (Backend/HBOS/Engines/KnowledgeEngine.ts:22:17)

    console.log
      ReasoningEngine Started

      at ReasoningEngine.initialize (Backend/HBOS/Engines/ReasoningEngine.ts:110:17)

    console.log
      Memory Engine Started

      at MemoryEngine.initialize (Backend/HBOS/Engines/MemoryEngine.ts:22:17)

    console.log
      Knowledge Engine Started

      at KnowledgeEngine.initialize (Backend/HBOS/Engines/KnowledgeEngine.ts:22:17)

    console.log
      Project Pilot Engine Started

      at ProjectPilotEngine.initialize (Backend/HBOS/Engines/ProjectPilotEngine.ts:41:17)

    console.log
      ReasoningEngine Started

      at ReasoningEngine.initialize (Backend/HBOS/Engines/ReasoningEngine.ts:110:17)

    console.log
      OrganizationalIntelligenceEngine Started

      at OrganizationalIntelligenceEngine.initialize (Backend/HBOS/Engines/OrganizationalIntelligenceEngine.ts:132:17)

    console.log
      Governance Engine Started

      at GovernanceEngine.initialize (Backend/HBOS/Engines/GovernanceEngine.ts:140:17)

    console.log
      Memory Engine Started

      at MemoryEngine.initialize (Backend/HBOS/Engines/MemoryEngine.ts:22:17)

    console.log
      Memory Engine Started

      at MemoryEngine.initialize (Backend/HBOS/Engines/MemoryEngine.ts:22:17)

    console.log
      Knowledge Engine Started

      at KnowledgeEngine.initialize (Backend/HBOS/Engines/KnowledgeEngine.ts:22:17)

    console.log
      Project Pilot Engine Started

      at ProjectPilotEngine.initialize (Backend/HBOS/Engines/ProjectPilotEngine.ts:41:17)

    console.log
      ReasoningEngine Started

      at ReasoningEngine.initialize (Backend/HBOS/Engines/ReasoningEngine.ts:110:17)

    console.log
      OrganizationalIntelligenceEngine Started

      at OrganizationalIntelligenceEngine.initialize (Backend/HBOS/Engines/OrganizationalIntelligenceEngine.ts:132:17)

    console.log
      Governance Engine Started

      at GovernanceEngine.initialize (Backend/HBOS/Engines/GovernanceEngine.ts:140:17)

    console.log
      ExecutiveIntelligenceEngine Started

      at ExecutiveIntelligenceEngine.initialize (Backend/HBOS/Engines/ExecutiveIntelligenceEngine.ts:152:17)

    console.log
      Decision Engine Started

      at DecisionEngine.initialize (Backend/HBOS/Engines/DecisionEngine.ts:14:17)

    console.log
      Project Pilot Engine Started

      at ProjectPilotEngine.initialize (Backend/HBOS/Engines/ProjectPilotEngine.ts:41:17)

    console.log
      Governance Engine Started

      at GovernanceEngine.initialize (Backend/HBOS/Engines/GovernanceEngine.ts:140:17)

    console.log
      AutonomousOperationsEngine Started

      at AutonomousOperationsEngine.initialize (Backend/HBOS/Engines/AutonomousOperationsEngine.ts:152:17)

    console.log
      Knowledge Engine Started

      at KnowledgeEngine.initialize (Backend/HBOS/Engines/KnowledgeEngine.ts:22:17)

    console.log
      ReasoningEngine Started

      at ReasoningEngine.initialize (Backend/HBOS/Engines/ReasoningEngine.ts:110:17)

    console.log
      Memory Engine Started

      at MemoryEngine.initialize (Backend/HBOS/Engines/MemoryEngine.ts:22:17)

    console.log
      Knowledge Engine Started

      at KnowledgeEngine.initialize (Backend/HBOS/Engines/KnowledgeEngine.ts:22:17)

    console.log
      Project Pilot Engine Started

      at ProjectPilotEngine.initialize (Backend/HBOS/Engines/ProjectPilotEngine.ts:41:17)

    console.log
      ReasoningEngine Started

      at ReasoningEngine.initialize (Backend/HBOS/Engines/ReasoningEngine.ts:110:17)

    console.log
      OrganizationalIntelligenceEngine Started

      at OrganizationalIntelligenceEngine.initialize (Backend/HBOS/Engines/OrganizationalIntelligenceEngine.ts:132:17)

    console.log
      Governance Engine Started

      at GovernanceEngine.initialize (Backend/HBOS/Engines/GovernanceEngine.ts:140:17)

    console.log
      Memory Engine Started

      at MemoryEngine.initialize (Backend/HBOS/Engines/MemoryEngine.ts:22:17)

    console.log
      Memory Engine Started

      at MemoryEngine.initialize (Backend/HBOS/Engines/MemoryEngine.ts:22:17)

    console.log
      Knowledge Engine Started

      at KnowledgeEngine.initialize (Backend/HBOS/Engines/KnowledgeEngine.ts:22:17)

    console.log
      Project Pilot Engine Started

      at ProjectPilotEngine.initialize (Backend/HBOS/Engines/ProjectPilotEngine.ts:41:17)

    console.log
      ReasoningEngine Started

      at ReasoningEngine.initialize (Backend/HBOS/Engines/ReasoningEngine.ts:110:17)

    console.log
      OrganizationalIntelligenceEngine Started

      at OrganizationalIntelligenceEngine.initialize (Backend/HBOS/Engines/OrganizationalIntelligenceEngine.ts:132:17)

    console.log
      Governance Engine Started

      at GovernanceEngine.initialize (Backend/HBOS/Engines/GovernanceEngine.ts:140:17)

    console.log
      ExecutiveIntelligenceEngine Started

      at ExecutiveIntelligenceEngine.initialize (Backend/HBOS/Engines/ExecutiveIntelligenceEngine.ts:152:17)

    console.log
      Decision Engine Started

      at DecisionEngine.initialize (Backend/HBOS/Engines/DecisionEngine.ts:14:17)

    console.log
      Project Pilot Engine Started

      at ProjectPilotEngine.initialize (Backend/HBOS/Engines/ProjectPilotEngine.ts:41:17)

    console.log
      Governance Engine Started

      at GovernanceEngine.initialize (Backend/HBOS/Engines/GovernanceEngine.ts:140:17)

    console.log
      AutonomousOperationsEngine Started

      at AutonomousOperationsEngine.initialize (Backend/HBOS/Engines/AutonomousOperationsEngine.ts:152:17)

    console.log
      Knowledge Engine Started

      at KnowledgeEngine.initialize (Backend/HBOS/Engines/KnowledgeEngine.ts:22:17)

PASS Backend/HBOS/test/ExecutiveIntelligenceWorkbench.runtime.test.ts
  ● Console

    console.log
      ReasoningEngine Started

      at ReasoningEngine.initialize (Backend/HBOS/Engines/ReasoningEngine.ts:110:17)

    console.log
      Memory Engine Started

      at MemoryEngine.initialize (Backend/HBOS/Engines/MemoryEngine.ts:22:17)

    console.log
      Knowledge Engine Started

      at KnowledgeEngine.initialize (Backend/HBOS/Engines/KnowledgeEngine.ts:22:17)

    console.log
      Project Pilot Engine Started

      at ProjectPilotEngine.initialize (Backend/HBOS/Engines/ProjectPilotEngine.ts:41:17)

    console.log
      ReasoningEngine Started

      at ReasoningEngine.initialize (Backend/HBOS/Engines/ReasoningEngine.ts:110:17)

    console.log
      OrganizationalIntelligenceEngine Started

      at OrganizationalIntelligenceEngine.initialize (Backend/HBOS/Engines/OrganizationalIntelligenceEngine.ts:132:17)

    console.log
      Governance Engine Started

      at GovernanceEngine.initialize (Backend/HBOS/Engines/GovernanceEngine.ts:140:17)

    console.log
      Memory Engine Started

      at MemoryEngine.initialize (Backend/HBOS/Engines/MemoryEngine.ts:22:17)

    console.log
      Memory Engine Started

      at MemoryEngine.initialize (Backend/HBOS/Engines/MemoryEngine.ts:22:17)

    console.log
      Knowledge Engine Started

      at KnowledgeEngine.initialize (Backend/HBOS/Engines/KnowledgeEngine.ts:22:17)

    console.log
      Project Pilot Engine Started

      at ProjectPilotEngine.initialize (Backend/HBOS/Engines/ProjectPilotEngine.ts:41:17)

    console.log
      ReasoningEngine Started

      at ReasoningEngine.initialize (Backend/HBOS/Engines/ReasoningEngine.ts:110:17)

    console.log
      OrganizationalIntelligenceEngine Started

      at OrganizationalIntelligenceEngine.initialize (Backend/HBOS/Engines/OrganizationalIntelligenceEngine.ts:132:17)

    console.log
      Governance Engine Started

      at GovernanceEngine.initialize (Backend/HBOS/Engines/GovernanceEngine.ts:140:17)

    console.log
      ExecutiveIntelligenceEngine Started

      at ExecutiveIntelligenceEngine.initialize (Backend/HBOS/Engines/ExecutiveIntelligenceEngine.ts:152:17)

    console.log
      Decision Engine Started

      at DecisionEngine.initialize (Backend/HBOS/Engines/DecisionEngine.ts:14:17)

    console.log
      Project Pilot Engine Started

      at ProjectPilotEngine.initialize (Backend/HBOS/Engines/ProjectPilotEngine.ts:41:17)

    console.log
      Governance Engine Started

      at GovernanceEngine.initialize (Backend/HBOS/Engines/GovernanceEngine.ts:140:17)

    console.log
      AutonomousOperationsEngine Started

      at AutonomousOperationsEngine.initialize (Backend/HBOS/Engines/AutonomousOperationsEngine.ts:152:17)

    console.log
      Knowledge Engine Started

      at KnowledgeEngine.initialize (Backend/HBOS/Engines/KnowledgeEngine.ts:22:17)

    console.log
      ReasoningEngine Started

      at ReasoningEngine.initialize (Backend/HBOS/Engines/ReasoningEngine.ts:110:17)

    console.log
      Memory Engine Started

      at MemoryEngine.initialize (Backend/HBOS/Engines/MemoryEngine.ts:22:17)

    console.log
      Knowledge Engine Started

      at KnowledgeEngine.initialize (Backend/HBOS/Engines/KnowledgeEngine.ts:22:17)

    console.log
      Project Pilot Engine Started

      at ProjectPilotEngine.initialize (Backend/HBOS/Engines/ProjectPilotEngine.ts:41:17)

    console.log
      ReasoningEngine Started

      at ReasoningEngine.initialize (Backend/HBOS/Engines/ReasoningEngine.ts:110:17)

    console.log
      OrganizationalIntelligenceEngine Started

      at OrganizationalIntelligenceEngine.initialize (Backend/HBOS/Engines/OrganizationalIntelligenceEngine.ts:132:17)

    console.log
      Governance Engine Started

      at GovernanceEngine.initialize (Backend/HBOS/Engines/GovernanceEngine.ts:140:17)

    console.log
      Memory Engine Started

      at MemoryEngine.initialize (Backend/HBOS/Engines/MemoryEngine.ts:22:17)

    console.log
      Memory Engine Started

      at MemoryEngine.initialize (Backend/HBOS/Engines/MemoryEngine.ts:22:17)

    console.log
      Knowledge Engine Started

      at KnowledgeEngine.initialize (Backend/HBOS/Engines/KnowledgeEngine.ts:22:17)

    console.log
      Project Pilot Engine Started

      at ProjectPilotEngine.initialize (Backend/HBOS/Engines/ProjectPilotEngine.ts:41:17)

    console.log
      ReasoningEngine Started

      at ReasoningEngine.initialize (Backend/HBOS/Engines/ReasoningEngine.ts:110:17)

    console.log
      OrganizationalIntelligenceEngine Started

      at OrganizationalIntelligenceEngine.initialize (Backend/HBOS/Engines/OrganizationalIntelligenceEngine.ts:132:17)

    console.log
      Governance Engine Started

      at GovernanceEngine.initialize (Backend/HBOS/Engines/GovernanceEngine.ts:140:17)

    console.log
      ExecutiveIntelligenceEngine Started

      at ExecutiveIntelligenceEngine.initialize (Backend/HBOS/Engines/ExecutiveIntelligenceEngine.ts:152:17)

    console.log
      Decision Engine Started

      at DecisionEngine.initialize (Backend/HBOS/Engines/DecisionEngine.ts:14:17)

    console.log
      Project Pilot Engine Started

      at ProjectPilotEngine.initialize (Backend/HBOS/Engines/ProjectPilotEngine.ts:41:17)

    console.log
      Governance Engine Started

      at GovernanceEngine.initialize (Backend/HBOS/Engines/GovernanceEngine.ts:140:17)

    console.log
      AutonomousOperationsEngine Started

      at AutonomousOperationsEngine.initialize (Backend/HBOS/Engines/AutonomousOperationsEngine.ts:152:17)

    console.log
      Knowledge Engine Started

      at KnowledgeEngine.initialize (Backend/HBOS/Engines/KnowledgeEngine.ts:22:17)

    console.log
      ReasoningEngine Started

      at ReasoningEngine.initialize (Backend/HBOS/Engines/ReasoningEngine.ts:110:17)

    console.log
      Memory Engine Started

      at MemoryEngine.initialize (Backend/HBOS/Engines/MemoryEngine.ts:22:17)

    console.log
      Knowledge Engine Started

      at KnowledgeEngine.initialize (Backend/HBOS/Engines/KnowledgeEngine.ts:22:17)

    console.log
      Project Pilot Engine Started

      at ProjectPilotEngine.initialize (Backend/HBOS/Engines/ProjectPilotEngine.ts:41:17)

    console.log
      ReasoningEngine Started

      at ReasoningEngine.initialize (Backend/HBOS/Engines/ReasoningEngine.ts:110:17)

    console.log
      OrganizationalIntelligenceEngine Started

      at OrganizationalIntelligenceEngine.initialize (Backend/HBOS/Engines/OrganizationalIntelligenceEngine.ts:132:17)

    console.log
      Governance Engine Started

      at GovernanceEngine.initialize (Backend/HBOS/Engines/GovernanceEngine.ts:140:17)

    console.log
      Memory Engine Started

      at MemoryEngine.initialize (Backend/HBOS/Engines/MemoryEngine.ts:22:17)

    console.log
      Memory Engine Started

      at MemoryEngine.initialize (Backend/HBOS/Engines/MemoryEngine.ts:22:17)

    console.log
      Knowledge Engine Started

      at KnowledgeEngine.initialize (Backend/HBOS/Engines/KnowledgeEngine.ts:22:17)

    console.log
      Project Pilot Engine Started

      at ProjectPilotEngine.initialize (Backend/HBOS/Engines/ProjectPilotEngine.ts:41:17)

    console.log
      ReasoningEngine Started

      at ReasoningEngine.initialize (Backend/HBOS/Engines/ReasoningEngine.ts:110:17)

    console.log
      OrganizationalIntelligenceEngine Started

      at OrganizationalIntelligenceEngine.initialize (Backend/HBOS/Engines/OrganizationalIntelligenceEngine.ts:132:17)

    console.log
      Governance Engine Started

      at GovernanceEngine.initialize (Backend/HBOS/Engines/GovernanceEngine.ts:140:17)

    console.log
      ExecutiveIntelligenceEngine Started

      at ExecutiveIntelligenceEngine.initialize (Backend/HBOS/Engines/ExecutiveIntelligenceEngine.ts:152:17)

    console.log
      Decision Engine Started

      at DecisionEngine.initialize (Backend/HBOS/Engines/DecisionEngine.ts:14:17)

    console.log
      Project Pilot Engine Started

      at ProjectPilotEngine.initialize (Backend/HBOS/Engines/ProjectPilotEngine.ts:41:17)

    console.log
      Governance Engine Started

      at GovernanceEngine.initialize (Backend/HBOS/Engines/GovernanceEngine.ts:140:17)

    console.log
      AutonomousOperationsEngine Started

      at AutonomousOperationsEngine.initialize (Backend/HBOS/Engines/AutonomousOperationsEngine.ts:152:17)

    console.log
      Knowledge Engine Started

      at KnowledgeEngine.initialize (Backend/HBOS/Engines/KnowledgeEngine.ts:22:17)

PASS Backend/HBOS/test/AutonomousProjectMission.test.ts
PASS Backend/HBOS/test/GenericDbConnector.test.ts
PASS Backend/HBOS/test/FinancialIntelligenceEngine.phase-09-1-1.test.ts
PASS Backend/HBOS/test/CommercialSessionBootstrapSecurity.test.ts
  ● Console

    console.log
      ReasoningEngine Started

      at ReasoningEngine.initialize (Backend/HBOS/Engines/ReasoningEngine.ts:110:17)

    console.log
      Memory Engine Started

      at MemoryEngine.initialize (Backend/HBOS/Engines/MemoryEngine.ts:22:17)

    console.log
      Knowledge Engine Started

      at KnowledgeEngine.initialize (Backend/HBOS/Engines/KnowledgeEngine.ts:22:17)

    console.log
      Project Pilot Engine Started

      at ProjectPilotEngine.initialize (Backend/HBOS/Engines/ProjectPilotEngine.ts:41:17)

    console.log
      ReasoningEngine Started

      at ReasoningEngine.initialize (Backend/HBOS/Engines/ReasoningEngine.ts:110:17)

    console.log
      OrganizationalIntelligenceEngine Started

      at OrganizationalIntelligenceEngine.initialize (Backend/HBOS/Engines/OrganizationalIntelligenceEngine.ts:132:17)

    console.log
      Governance Engine Started

      at GovernanceEngine.initialize (Backend/HBOS/Engines/GovernanceEngine.ts:140:17)

    console.log
      Memory Engine Started

      at MemoryEngine.initialize (Backend/HBOS/Engines/MemoryEngine.ts:22:17)

    console.log
      Memory Engine Started

      at MemoryEngine.initialize (Backend/HBOS/Engines/MemoryEngine.ts:22:17)

    console.log
      Knowledge Engine Started

      at KnowledgeEngine.initialize (Backend/HBOS/Engines/KnowledgeEngine.ts:22:17)

    console.log
      Project Pilot Engine Started

      at ProjectPilotEngine.initialize (Backend/HBOS/Engines/ProjectPilotEngine.ts:41:17)

    console.log
      ReasoningEngine Started

      at ReasoningEngine.initialize (Backend/HBOS/Engines/ReasoningEngine.ts:110:17)

    console.log
      OrganizationalIntelligenceEngine Started

      at OrganizationalIntelligenceEngine.initialize (Backend/HBOS/Engines/OrganizationalIntelligenceEngine.ts:132:17)

    console.log
      Governance Engine Started

      at GovernanceEngine.initialize (Backend/HBOS/Engines/GovernanceEngine.ts:140:17)

    console.log
      ExecutiveIntelligenceEngine Started

      at ExecutiveIntelligenceEngine.initialize (Backend/HBOS/Engines/ExecutiveIntelligenceEngine.ts:152:17)

    console.log
      Decision Engine Started

      at DecisionEngine.initialize (Backend/HBOS/Engines/DecisionEngine.ts:14:17)

    console.log
      Project Pilot Engine Started

      at ProjectPilotEngine.initialize (Backend/HBOS/Engines/ProjectPilotEngine.ts:41:17)

    console.log
      Governance Engine Started

      at GovernanceEngine.initialize (Backend/HBOS/Engines/GovernanceEngine.ts:140:17)

    console.log
      AutonomousOperationsEngine Started

      at AutonomousOperationsEngine.initialize (Backend/HBOS/Engines/AutonomousOperationsEngine.ts:152:17)

    console.log
      Knowledge Engine Started

      at KnowledgeEngine.initialize (Backend/HBOS/Engines/KnowledgeEngine.ts:22:17)

    console.log
      ReasoningEngine Started

      at ReasoningEngine.initialize (Backend/HBOS/Engines/ReasoningEngine.ts:110:17)

    console.log
      Memory Engine Started

      at MemoryEngine.initialize (Backend/HBOS/Engines/MemoryEngine.ts:22:17)

    console.log
      Knowledge Engine Started

      at KnowledgeEngine.initialize (Backend/HBOS/Engines/KnowledgeEngine.ts:22:17)

    console.log
      Project Pilot Engine Started

      at ProjectPilotEngine.initialize (Backend/HBOS/Engines/ProjectPilotEngine.ts:41:17)

    console.log
      ReasoningEngine Started

      at ReasoningEngine.initialize (Backend/HBOS/Engines/ReasoningEngine.ts:110:17)

    console.log
      OrganizationalIntelligenceEngine Started

      at OrganizationalIntelligenceEngine.initialize (Backend/HBOS/Engines/OrganizationalIntelligenceEngine.ts:132:17)

    console.log
      Governance Engine Started

      at GovernanceEngine.initialize (Backend/HBOS/Engines/GovernanceEngine.ts:140:17)

    console.log
      Memory Engine Started

      at MemoryEngine.initialize (Backend/HBOS/Engines/MemoryEngine.ts:22:17)

    console.log
      Memory Engine Started

      at MemoryEngine.initialize (Backend/HBOS/Engines/MemoryEngine.ts:22:17)

    console.log
      Knowledge Engine Started

      at KnowledgeEngine.initialize (Backend/HBOS/Engines/KnowledgeEngine.ts:22:17)

    console.log
      Project Pilot Engine Started

      at ProjectPilotEngine.initialize (Backend/HBOS/Engines/ProjectPilotEngine.ts:41:17)

    console.log
      ReasoningEngine Started

      at ReasoningEngine.initialize (Backend/HBOS/Engines/ReasoningEngine.ts:110:17)

    console.log
      OrganizationalIntelligenceEngine Started

      at OrganizationalIntelligenceEngine.initialize (Backend/HBOS/Engines/OrganizationalIntelligenceEngine.ts:132:17)

    console.log
      Governance Engine Started

      at GovernanceEngine.initialize (Backend/HBOS/Engines/GovernanceEngine.ts:140:17)

    console.log
      ExecutiveIntelligenceEngine Started

      at ExecutiveIntelligenceEngine.initialize (Backend/HBOS/Engines/ExecutiveIntelligenceEngine.ts:152:17)

    console.log
      Decision Engine Started

      at DecisionEngine.initialize (Backend/HBOS/Engines/DecisionEngine.ts:14:17)

    console.log
      Project Pilot Engine Started

      at ProjectPilotEngine.initialize (Backend/HBOS/Engines/ProjectPilotEngine.ts:41:17)

    console.log
      Governance Engine Started

      at GovernanceEngine.initialize (Backend/HBOS/Engines/GovernanceEngine.ts:140:17)

    console.log
      AutonomousOperationsEngine Started

      at AutonomousOperationsEngine.initialize (Backend/HBOS/Engines/AutonomousOperationsEngine.ts:152:17)

    console.log
      Knowledge Engine Started

      at KnowledgeEngine.initialize (Backend/HBOS/Engines/KnowledgeEngine.ts:22:17)

    console.log
      ReasoningEngine Started

      at ReasoningEngine.initialize (Backend/HBOS/Engines/ReasoningEngine.ts:110:17)

    console.log
      Memory Engine Started

      at MemoryEngine.initialize (Backend/HBOS/Engines/MemoryEngine.ts:22:17)

    console.log
      Knowledge Engine Started

      at KnowledgeEngine.initialize (Backend/HBOS/Engines/KnowledgeEngine.ts:22:17)

    console.log
      Project Pilot Engine Started

      at ProjectPilotEngine.initialize (Backend/HBOS/Engines/ProjectPilotEngine.ts:41:17)

    console.log
      ReasoningEngine Started

      at ReasoningEngine.initialize (Backend/HBOS/Engines/ReasoningEngine.ts:110:17)

    console.log
      OrganizationalIntelligenceEngine Started

      at OrganizationalIntelligenceEngine.initialize (Backend/HBOS/Engines/OrganizationalIntelligenceEngine.ts:132:17)

    console.log
      Governance Engine Started

      at GovernanceEngine.initialize (Backend/HBOS/Engines/GovernanceEngine.ts:140:17)

    console.log
      Memory Engine Started

      at MemoryEngine.initialize (Backend/HBOS/Engines/MemoryEngine.ts:22:17)

    console.log
      Memory Engine Started

      at MemoryEngine.initialize (Backend/HBOS/Engines/MemoryEngine.ts:22:17)

    console.log
      Knowledge Engine Started

      at KnowledgeEngine.initialize (Backend/HBOS/Engines/KnowledgeEngine.ts:22:17)

    console.log
      Project Pilot Engine Started

      at ProjectPilotEngine.initialize (Backend/HBOS/Engines/ProjectPilotEngine.ts:41:17)

    console.log
      ReasoningEngine Started

      at ReasoningEngine.initialize (Backend/HBOS/Engines/ReasoningEngine.ts:110:17)

    console.log
      OrganizationalIntelligenceEngine Started

      at OrganizationalIntelligenceEngine.initialize (Backend/HBOS/Engines/OrganizationalIntelligenceEngine.ts:132:17)

    console.log
      Governance Engine Started

      at GovernanceEngine.initialize (Backend/HBOS/Engines/GovernanceEngine.ts:140:17)

    console.log
      ExecutiveIntelligenceEngine Started

      at ExecutiveIntelligenceEngine.initialize (Backend/HBOS/Engines/ExecutiveIntelligenceEngine.ts:152:17)

    console.log
      Decision Engine Started

      at DecisionEngine.initialize (Backend/HBOS/Engines/DecisionEngine.ts:14:17)

    console.log
      Project Pilot Engine Started

      at ProjectPilotEngine.initialize (Backend/HBOS/Engines/ProjectPilotEngine.ts:41:17)

    console.log
      Governance Engine Started

      at GovernanceEngine.initialize (Backend/HBOS/Engines/GovernanceEngine.ts:140:17)

    console.log
      AutonomousOperationsEngine Started

      at AutonomousOperationsEngine.initialize (Backend/HBOS/Engines/AutonomousOperationsEngine.ts:152:17)

    console.log
      Knowledge Engine Started

      at KnowledgeEngine.initialize (Backend/HBOS/Engines/KnowledgeEngine.ts:22:17)

    console.log
      ReasoningEngine Started

      at ReasoningEngine.initialize (Backend/HBOS/Engines/ReasoningEngine.ts:110:17)

    console.log
      Memory Engine Started

      at MemoryEngine.initialize (Backend/HBOS/Engines/MemoryEngine.ts:22:17)

    console.log
      Knowledge Engine Started

      at KnowledgeEngine.initialize (Backend/HBOS/Engines/KnowledgeEngine.ts:22:17)

    console.log
      Project Pilot Engine Started

      at ProjectPilotEngine.initialize (Backend/HBOS/Engines/ProjectPilotEngine.ts:41:17)

    console.log
      ReasoningEngine Started

      at ReasoningEngine.initialize (Backend/HBOS/Engines/ReasoningEngine.ts:110:17)

    console.log
      OrganizationalIntelligenceEngine Started

      at OrganizationalIntelligenceEngine.initialize (Backend/HBOS/Engines/OrganizationalIntelligenceEngine.ts:132:17)

    console.log
      Governance Engine Started

      at GovernanceEngine.initialize (Backend/HBOS/Engines/GovernanceEngine.ts:140:17)

    console.log
      Memory Engine Started

      at MemoryEngine.initialize (Backend/HBOS/Engines/MemoryEngine.ts:22:17)

    console.log
      Memory Engine Started

      at MemoryEngine.initialize (Backend/HBOS/Engines/MemoryEngine.ts:22:17)

    console.log
      Knowledge Engine Started

      at KnowledgeEngine.initialize (Backend/HBOS/Engines/KnowledgeEngine.ts:22:17)

    console.log
      Project Pilot Engine Started

      at ProjectPilotEngine.initialize (Backend/HBOS/Engines/ProjectPilotEngine.ts:41:17)

    console.log
      ReasoningEngine Started

      at ReasoningEngine.initialize (Backend/HBOS/Engines/ReasoningEngine.ts:110:17)

    console.log
      OrganizationalIntelligenceEngine Started

      at OrganizationalIntelligenceEngine.initialize (Backend/HBOS/Engines/OrganizationalIntelligenceEngine.ts:132:17)

    console.log
      Governance Engine Started

      at GovernanceEngine.initialize (Backend/HBOS/Engines/GovernanceEngine.ts:140:17)

    console.log
      ExecutiveIntelligenceEngine Started

      at ExecutiveIntelligenceEngine.initialize (Backend/HBOS/Engines/ExecutiveIntelligenceEngine.ts:152:17)

    console.log
      Decision Engine Started

      at DecisionEngine.initialize (Backend/HBOS/Engines/DecisionEngine.ts:14:17)

    console.log
      Project Pilot Engine Started

      at ProjectPilotEngine.initialize (Backend/HBOS/Engines/ProjectPilotEngine.ts:41:17)

    console.log
      Governance Engine Started

      at GovernanceEngine.initialize (Backend/HBOS/Engines/GovernanceEngine.ts:140:17)

    console.log
      AutonomousOperationsEngine Started

      at AutonomousOperationsEngine.initialize (Backend/HBOS/Engines/AutonomousOperationsEngine.ts:152:17)

    console.log
      Knowledge Engine Started

      at KnowledgeEngine.initialize (Backend/HBOS/Engines/KnowledgeEngine.ts:22:17)

PASS Backend/HBOS/test/IncrementalIngest.test.ts (10.03 s)
PASS Backend/HBOS/Autonomous/Runtime/AutonomousBuildDaemon.recovery.test.ts
  ● Console

    console.log
      {"type":"AUTONOMOUS_WEAVING_PLAN","cycle":1,"plan":{"safe":true,"action":"BUILD","capabilityId":"platform.user-ma
nagement","targetEngine":"User Management Engine","rationale":"weave the selected root knot in canonical 
order","preconditions":["selected capability belongs to the canonical mission","architecture owner is 
explicit","dependencies are evaluated before execution","verification evidence is required before 
advancement"],"dependencyOrder":[],"verificationOrder":["focused test","integration verification","repository evidence 
audit"],"stopConditions":["execution reports failure","verification evidence is incomplete","repository change is not 
produced when a build was required","a second capability owner is detected"],"risk":"LOW"},"performance":{"startedAt":1
790491880627,"now":1790491880628,"elapsedMs":1,"remainingMs":604799999,"deadlineExceeded":false,"cycleCount":0,"totalCy
cleElapsedMs":0,"averageCycleElapsedMs":0}}

      at AutonomousBuildDaemon.run (Backend/HBOS/Autonomous/Runtime/AutonomousBuildDaemon.ts:255:21)

    console.log
      {"type":"AUTONOMOUS_MISSION","cycle":1,"commit":"HEAD","capability":"implement User 
Management","targetEngine":"User Management Engine"}

      at AutonomousBuildDaemon.run (Backend/HBOS/Autonomous/Runtime/AutonomousBuildDaemon.ts:264:21)

    console.log
      {"type":"AUTONOMOUS_REWEAVE","cycle":1,"recovery":{"recover":true,"action":"REPAIR","checkpoint":{"capabilityId":
"platform.user-management","commit":"HEAD"},"rationale":"test recovery","repairCapabilityId":"repair-platform.user-mana
gement","stopConditions":[]},"diagnosis":{"traceId":"TRACE-mujgmx1f-3y5s6l4-1","type":"UNKNOWN","primaryFile":"unknown"
,"evidencePresent":true,"chain":[{"order":1,"kind":"unknown","message":"verification 
failure"}],"rootCauses":[{"cause":"Construction gate reported an unresolved issue for this 
knot","confidence":"LOW","evidence":["verification failure"]}],"blastRadius":{"directFiles":[],"owners":["User 
Management Engine"],"dependents":[],"capabilities":["platform.user-management"],"bounded":true,"scannedFiles":0}}}

      at AutonomousBuildDaemon.run (Backend/HBOS/Autonomous/Runtime/AutonomousBuildDaemon.ts:281:25)

    console.log
      {"type":"AUTONOMOUS_ROLLBACK","cycle":1,"checkpoint":"HEAD","capabilityId":"platform.user-management"}

      at AutonomousBuildDaemon.run (Backend/HBOS/Autonomous/Runtime/AutonomousBuildDaemon.ts:284:29)

    console.log
      {"type":"AUTONOMOUS_KNOT_CHECK","cycle":1,"recovery":{"recover":false,"action":"ADVANCE","checkpoint":{"capabilit
yId":"platform.user-management","commit":"HEAD"},"rationale":"test repaired","stopConditions":[]}}

      at AutonomousBuildDaemon.run (Backend/HBOS/Autonomous/Runtime/AutonomousBuildDaemon.ts:317:21)

    console.log
      {"type":"AUTONOMOUS_PROGRESS","cycle":1,"latestCommit":"repaired","status":"completed","assistantGatePassed":fals
e,"idempotent":false,"performance":{"startedAt":1790491880627,"now":1790491880644,"elapsedMs":17,"remainingMs":60479998
3,"deadlineExceeded":false,"cycleCount":1,"totalCycleElapsedMs":16,"averageCycleElapsedMs":16}}

      at AutonomousBuildDaemon.run (Backend/HBOS/Autonomous/Runtime/AutonomousBuildDaemon.ts:336:57)

    console.log
      {"type":"AUTONOMOUS_CYCLE_LIMIT","cycles":1,"performance":{"startedAt":1790491880627,"now":1790491880676,"elapsed
Ms":49,"remainingMs":604799951,"deadlineExceeded":false,"cycleCount":1,"totalCycleElapsedMs":16,"averageCycleElapsedMs"
:16}}

      at AutonomousBuildDaemon.run (Backend/HBOS/Autonomous/Runtime/AutonomousBuildDaemon.ts:338:17)

PASS Backend/HBOS/test/AutonomousProjectMission.platform-order.test.ts
PASS Backend/HBOS/test/RiskIntelligenceEngine.phase-09-2-1-2.test.ts
PASS Backend/HBOS/test/OrchestratedDecisionIntelligenceService.phase-09-1-15.test.ts
PASS Backend/HBOS/test/AutonomousCompletionGate.test.ts
PASS Backend/HBOS/test/BreakEvenAnalysisService.phase-09-1-5.test.ts
PASS Backend/HBOS/test/FinancialAnalyticsService.test.ts
PASS Backend/HBOS/test/AutonomousConstructionEngine.quality-gate.test.ts
PASS Backend/HBOS/test/AuditAnalyticsService.phase-09-2-7.test.ts
PASS Backend/HBOS/test/AssistantPlatformHandoff.test.ts
PASS Backend/HBOS/test/HooshyarAutonomousAssistant.test.ts
PASS Backend/HBOS/test/CredentialVault.test.ts
PASS Backend/HBOS/test/AutonomousAudit.test.ts (11.033 s)
PASS Backend/HBOS/test/CommercialRuntimePersistenceRecovery.test.ts (15.415 s)
  ● Console

    console.log
      ReasoningEngine Started

      at ReasoningEngine.initialize (Backend/HBOS/Engines/ReasoningEngine.ts:110:17)

    console.log
      Memory Engine Started

      at MemoryEngine.initialize (Backend/HBOS/Engines/MemoryEngine.ts:22:17)

    console.log
      Knowledge Engine Started

      at KnowledgeEngine.initialize (Backend/HBOS/Engines/KnowledgeEngine.ts:22:17)

    console.log
      Project Pilot Engine Started

      at ProjectPilotEngine.initialize (Backend/HBOS/Engines/ProjectPilotEngine.ts:41:17)

    console.log
      ReasoningEngine Started

      at ReasoningEngine.initialize (Backend/HBOS/Engines/ReasoningEngine.ts:110:17)

    console.log
      OrganizationalIntelligenceEngine Started

      at OrganizationalIntelligenceEngine.initialize (Backend/HBOS/Engines/OrganizationalIntelligenceEngine.ts:132:17)

    console.log
      Governance Engine Started

      at GovernanceEngine.initialize (Backend/HBOS/Engines/GovernanceEngine.ts:140:17)

    console.log
      Memory Engine Started

      at MemoryEngine.initialize (Backend/HBOS/Engines/MemoryEngine.ts:22:17)

    console.log
      Memory Engine Started

      at MemoryEngine.initialize (Backend/HBOS/Engines/MemoryEngine.ts:22:17)

    console.log
      Knowledge Engine Started

      at KnowledgeEngine.initialize (Backend/HBOS/Engines/KnowledgeEngine.ts:22:17)

    console.log
      Project Pilot Engine Started

      at ProjectPilotEngine.initialize (Backend/HBOS/Engines/ProjectPilotEngine.ts:41:17)

    console.log
      ReasoningEngine Started

      at ReasoningEngine.initialize (Backend/HBOS/Engines/ReasoningEngine.ts:110:17)

    console.log
      OrganizationalIntelligenceEngine Started

      at OrganizationalIntelligenceEngine.initialize (Backend/HBOS/Engines/OrganizationalIntelligenceEngine.ts:132:17)

    console.log
      Governance Engine Started

      at GovernanceEngine.initialize (Backend/HBOS/Engines/GovernanceEngine.ts:140:17)

    console.log
      ExecutiveIntelligenceEngine Started

      at ExecutiveIntelligenceEngine.initialize (Backend/HBOS/Engines/ExecutiveIntelligenceEngine.ts:152:17)

    console.log
      Decision Engine Started

      at DecisionEngine.initialize (Backend/HBOS/Engines/DecisionEngine.ts:14:17)

    console.log
      Project Pilot Engine Started

      at ProjectPilotEngine.initialize (Backend/HBOS/Engines/ProjectPilotEngine.ts:41:17)

    console.log
      Governance Engine Started

      at GovernanceEngine.initialize (Backend/HBOS/Engines/GovernanceEngine.ts:140:17)

    console.log
      AutonomousOperationsEngine Started

      at AutonomousOperationsEngine.initialize (Backend/HBOS/Engines/AutonomousOperationsEngine.ts:152:17)

    console.log
      Knowledge Engine Started

      at KnowledgeEngine.initialize (Backend/HBOS/Engines/KnowledgeEngine.ts:22:17)

    console.log
      ReasoningEngine Started

      at ReasoningEngine.initialize (Backend/HBOS/Engines/ReasoningEngine.ts:110:17)

    console.log
      Memory Engine Started

      at MemoryEngine.initialize (Backend/HBOS/Engines/MemoryEngine.ts:22:17)

    console.log
      Knowledge Engine Started

      at KnowledgeEngine.initialize (Backend/HBOS/Engines/KnowledgeEngine.ts:22:17)

    console.log
      Project Pilot Engine Started

      at ProjectPilotEngine.initialize (Backend/HBOS/Engines/ProjectPilotEngine.ts:41:17)

    console.log
      ReasoningEngine Started

      at ReasoningEngine.initialize (Backend/HBOS/Engines/ReasoningEngine.ts:110:17)

    console.log
      OrganizationalIntelligenceEngine Started

      at OrganizationalIntelligenceEngine.initialize (Backend/HBOS/Engines/OrganizationalIntelligenceEngine.ts:132:17)

    console.log
      Governance Engine Started

      at GovernanceEngine.initialize (Backend/HBOS/Engines/GovernanceEngine.ts:140:17)

    console.log
      Memory Engine Started

      at MemoryEngine.initialize (Backend/HBOS/Engines/MemoryEngine.ts:22:17)

    console.log
      Memory Engine Started

      at MemoryEngine.initialize (Backend/HBOS/Engines/MemoryEngine.ts:22:17)

    console.log
      Knowledge Engine Started

      at KnowledgeEngine.initialize (Backend/HBOS/Engines/KnowledgeEngine.ts:22:17)

    console.log
      Project Pilot Engine Started

      at ProjectPilotEngine.initialize (Backend/HBOS/Engines/ProjectPilotEngine.ts:41:17)

    console.log
      ReasoningEngine Started

      at ReasoningEngine.initialize (Backend/HBOS/Engines/ReasoningEngine.ts:110:17)

    console.log
      OrganizationalIntelligenceEngine Started

      at OrganizationalIntelligenceEngine.initialize (Backend/HBOS/Engines/OrganizationalIntelligenceEngine.ts:132:17)

    console.log
      Governance Engine Started

      at GovernanceEngine.initialize (Backend/HBOS/Engines/GovernanceEngine.ts:140:17)

    console.log
      ExecutiveIntelligenceEngine Started

      at ExecutiveIntelligenceEngine.initialize (Backend/HBOS/Engines/ExecutiveIntelligenceEngine.ts:152:17)

    console.log
      Decision Engine Started

      at DecisionEngine.initialize (Backend/HBOS/Engines/DecisionEngine.ts:14:17)

    console.log
      Project Pilot Engine Started

      at ProjectPilotEngine.initialize (Backend/HBOS/Engines/ProjectPilotEngine.ts:41:17)

    console.log
      Governance Engine Started

      at GovernanceEngine.initialize (Backend/HBOS/Engines/GovernanceEngine.ts:140:17)

    console.log
      AutonomousOperationsEngine Started

      at AutonomousOperationsEngine.initialize (Backend/HBOS/Engines/AutonomousOperationsEngine.ts:152:17)

    console.log
      Knowledge Engine Started

      at KnowledgeEngine.initialize (Backend/HBOS/Engines/KnowledgeEngine.ts:22:17)

PASS Backend/HBOS/Engines/ExecutiveIntelligenceEngine.test.ts
PASS Backend/HBOS/test/RatioAnalysisService.phase-09-1-13.test.ts
PASS Backend/HBOS/test/IngestionJobProgressClient.test.ts
PASS Backend/HBOS/test/RuntimeDependencyProbe.test.ts
  ● Console

    console.log
      ReasoningEngine Started

      at ReasoningEngine.initialize (Backend/HBOS/Engines/ReasoningEngine.ts:110:17)

    console.log
      Memory Engine Started

      at MemoryEngine.initialize (Backend/HBOS/Engines/MemoryEngine.ts:22:17)

    console.log
      Knowledge Engine Started

      at KnowledgeEngine.initialize (Backend/HBOS/Engines/KnowledgeEngine.ts:22:17)

    console.log
      Project Pilot Engine Started

      at ProjectPilotEngine.initialize (Backend/HBOS/Engines/ProjectPilotEngine.ts:41:17)

    console.log
      ReasoningEngine Started

      at ReasoningEngine.initialize (Backend/HBOS/Engines/ReasoningEngine.ts:110:17)

    console.log
      OrganizationalIntelligenceEngine Started

      at OrganizationalIntelligenceEngine.initialize (Backend/HBOS/Engines/OrganizationalIntelligenceEngine.ts:132:17)

    console.log
      Governance Engine Started

      at GovernanceEngine.initialize (Backend/HBOS/Engines/GovernanceEngine.ts:140:17)

    console.log
      Memory Engine Started

      at MemoryEngine.initialize (Backend/HBOS/Engines/MemoryEngine.ts:22:17)

    console.log
      Memory Engine Started

      at MemoryEngine.initialize (Backend/HBOS/Engines/MemoryEngine.ts:22:17)

    console.log
      Knowledge Engine Started

      at KnowledgeEngine.initialize (Backend/HBOS/Engines/KnowledgeEngine.ts:22:17)

    console.log
      Project Pilot Engine Started

      at ProjectPilotEngine.initialize (Backend/HBOS/Engines/ProjectPilotEngine.ts:41:17)

    console.log
      ReasoningEngine Started

      at ReasoningEngine.initialize (Backend/HBOS/Engines/ReasoningEngine.ts:110:17)

    console.log
      OrganizationalIntelligenceEngine Started

      at OrganizationalIntelligenceEngine.initialize (Backend/HBOS/Engines/OrganizationalIntelligenceEngine.ts:132:17)

    console.log
      Governance Engine Started

      at GovernanceEngine.initialize (Backend/HBOS/Engines/GovernanceEngine.ts:140:17)

    console.log
      ExecutiveIntelligenceEngine Started

      at ExecutiveIntelligenceEngine.initialize (Backend/HBOS/Engines/ExecutiveIntelligenceEngine.ts:152:17)

    console.log
      Decision Engine Started

      at DecisionEngine.initialize (Backend/HBOS/Engines/DecisionEngine.ts:14:17)

    console.log
      Project Pilot Engine Started

      at ProjectPilotEngine.initialize (Backend/HBOS/Engines/ProjectPilotEngine.ts:41:17)

    console.log
      Governance Engine Started

      at GovernanceEngine.initialize (Backend/HBOS/Engines/GovernanceEngine.ts:140:17)

    console.log
      AutonomousOperationsEngine Started

      at AutonomousOperationsEngine.initialize (Backend/HBOS/Engines/AutonomousOperationsEngine.ts:152:17)

    console.log
      Knowledge Engine Started

      at KnowledgeEngine.initialize (Backend/HBOS/Engines/KnowledgeEngine.ts:22:17)

PASS web/unified-workspace.test.js
PASS Backend/HBOS/test/KiloCodeExecutionAdapterObservability.test.ts
PASS Backend/HBOS/test/RiskIntelligenceEngine.phase-09-1-8.test.ts
PASS Backend/HBOS/test/OrganizationModelEngine.test.ts
PASS Backend/HBOS/test/InstallerSilentInstallContract.test.ts
PASS Backend/HBOS/test/DocxAcquisition.test.ts
PASS Backend/HBOS/test/CommercialRuntimeBusinessFlow.test.ts
  ● Console

    console.log
      ReasoningEngine Started

      at ReasoningEngine.initialize (Backend/HBOS/Engines/ReasoningEngine.ts:110:17)

    console.log
      Memory Engine Started

      at MemoryEngine.initialize (Backend/HBOS/Engines/MemoryEngine.ts:22:17)

    console.log
      Knowledge Engine Started

      at KnowledgeEngine.initialize (Backend/HBOS/Engines/KnowledgeEngine.ts:22:17)

    console.log
      Project Pilot Engine Started

      at ProjectPilotEngine.initialize (Backend/HBOS/Engines/ProjectPilotEngine.ts:41:17)

    console.log
      ReasoningEngine Started

      at ReasoningEngine.initialize (Backend/HBOS/Engines/ReasoningEngine.ts:110:17)

    console.log
      OrganizationalIntelligenceEngine Started

      at OrganizationalIntelligenceEngine.initialize (Backend/HBOS/Engines/OrganizationalIntelligenceEngine.ts:132:17)

    console.log
      Governance Engine Started

      at GovernanceEngine.initialize (Backend/HBOS/Engines/GovernanceEngine.ts:140:17)

    console.log
      Memory Engine Started

      at MemoryEngine.initialize (Backend/HBOS/Engines/MemoryEngine.ts:22:17)

    console.log
      Memory Engine Started

      at MemoryEngine.initialize (Backend/HBOS/Engines/MemoryEngine.ts:22:17)

    console.log
      Knowledge Engine Started

      at KnowledgeEngine.initialize (Backend/HBOS/Engines/KnowledgeEngine.ts:22:17)

    console.log
      Project Pilot Engine Started

      at ProjectPilotEngine.initialize (Backend/HBOS/Engines/ProjectPilotEngine.ts:41:17)

    console.log
      ReasoningEngine Started

      at ReasoningEngine.initialize (Backend/HBOS/Engines/ReasoningEngine.ts:110:17)

    console.log
      OrganizationalIntelligenceEngine Started

      at OrganizationalIntelligenceEngine.initialize (Backend/HBOS/Engines/OrganizationalIntelligenceEngine.ts:132:17)

    console.log
      Governance Engine Started

      at GovernanceEngine.initialize (Backend/HBOS/Engines/GovernanceEngine.ts:140:17)

    console.log
      ExecutiveIntelligenceEngine Started

      at ExecutiveIntelligenceEngine.initialize (Backend/HBOS/Engines/ExecutiveIntelligenceEngine.ts:152:17)

    console.log
      Decision Engine Started

      at DecisionEngine.initialize (Backend/HBOS/Engines/DecisionEngine.ts:14:17)

    console.log
      Project Pilot Engine Started

      at ProjectPilotEngine.initialize (Backend/HBOS/Engines/ProjectPilotEngine.ts:41:17)

    console.log
      Governance Engine Started

      at GovernanceEngine.initialize (Backend/HBOS/Engines/GovernanceEngine.ts:140:17)

    console.log
      AutonomousOperationsEngine Started

      at AutonomousOperationsEngine.initialize (Backend/HBOS/Engines/AutonomousOperationsEngine.ts:152:17)

    console.log
      Knowledge Engine Started

      at KnowledgeEngine.initialize (Backend/HBOS/Engines/KnowledgeEngine.ts:22:17)

    console.log
      ReasoningEngine Started

      at ReasoningEngine.initialize (Backend/HBOS/Engines/ReasoningEngine.ts:110:17)

    console.log
      Memory Engine Started

      at MemoryEngine.initialize (Backend/HBOS/Engines/MemoryEngine.ts:22:17)

    console.log
      Knowledge Engine Started

      at KnowledgeEngine.initialize (Backend/HBOS/Engines/KnowledgeEngine.ts:22:17)

    console.log
      Project Pilot Engine Started

      at ProjectPilotEngine.initialize (Backend/HBOS/Engines/ProjectPilotEngine.ts:41:17)

    console.log
      ReasoningEngine Started

      at ReasoningEngine.initialize (Backend/HBOS/Engines/ReasoningEngine.ts:110:17)

    console.log
      OrganizationalIntelligenceEngine Started

      at OrganizationalIntelligenceEngine.initialize (Backend/HBOS/Engines/OrganizationalIntelligenceEngine.ts:132:17)

    console.log
      Governance Engine Started

      at GovernanceEngine.initialize (Backend/HBOS/Engines/GovernanceEngine.ts:140:17)

    console.log
      Memory Engine Started

      at MemoryEngine.initialize (Backend/HBOS/Engines/MemoryEngine.ts:22:17)

    console.log
      Memory Engine Started

      at MemoryEngine.initialize (Backend/HBOS/Engines/MemoryEngine.ts:22:17)

    console.log
      Knowledge Engine Started

      at KnowledgeEngine.initialize (Backend/HBOS/Engines/KnowledgeEngine.ts:22:17)

    console.log
      Project Pilot Engine Started

      at ProjectPilotEngine.initialize (Backend/HBOS/Engines/ProjectPilotEngine.ts:41:17)

    console.log
      ReasoningEngine Started

      at ReasoningEngine.initialize (Backend/HBOS/Engines/ReasoningEngine.ts:110:17)

    console.log
      OrganizationalIntelligenceEngine Started

      at OrganizationalIntelligenceEngine.initialize (Backend/HBOS/Engines/OrganizationalIntelligenceEngine.ts:132:17)

    console.log
      Governance Engine Started

      at GovernanceEngine.initialize (Backend/HBOS/Engines/GovernanceEngine.ts:140:17)

    console.log
      ExecutiveIntelligenceEngine Started

      at ExecutiveIntelligenceEngine.initialize (Backend/HBOS/Engines/ExecutiveIntelligenceEngine.ts:152:17)

    console.log
      Decision Engine Started

      at DecisionEngine.initialize (Backend/HBOS/Engines/DecisionEngine.ts:14:17)

    console.log
      Project Pilot Engine Started

      at ProjectPilotEngine.initialize (Backend/HBOS/Engines/ProjectPilotEngine.ts:41:17)

    console.log
      Governance Engine Started

      at GovernanceEngine.initialize (Backend/HBOS/Engines/GovernanceEngine.ts:140:17)

    console.log
      AutonomousOperationsEngine Started

      at AutonomousOperationsEngine.initialize (Backend/HBOS/Engines/AutonomousOperationsEngine.ts:152:17)

    console.log
      Knowledge Engine Started

      at KnowledgeEngine.initialize (Backend/HBOS/Engines/KnowledgeEngine.ts:22:17)

PASS Backend/HBOS/test/OcrProvenance.test.ts
PASS Backend/HBOS/test/RiskIntelligenceEngine.phase-09-1-7.test.ts
PASS Backend/HBOS/test/TextFileAcquisition.test.ts (7.371 s)
PASS Backend/HBOS/Product/FinancialDataIngestionAdapter.test.ts
PASS Backend/HBOS/test/AutonomousCapabilityDiscovery.test.ts
PASS Backend/HBOS/test/RetryWithBackoff.test.ts
PASS Backend/HBOS/test/FinancialIntelligenceEngine.phase-09-1-4.test.ts
PASS Backend/HBOS/test/WindowsProductInstallerContract.test.ts
PASS Backend/HBOS/test/AutonomousConstructionEngine.idempotent.test.ts
PASS Backend/HBOS/test/FinancialIntelligenceEngine.phase-09-1-2.test.ts
PASS Backend/HBOS/test/AnomalyDetectionService.phase-09-2-6.test.ts
PASS Backend/HBOS/test/TestReferenceIntegrity.test.ts (5.378 s)
PASS Backend/HBOS/test/CommercialApplicationAcceptanceHarness.test.ts (34.592 s)
PASS Backend/HBOS/test/DeploymentReadinessEngine.test.ts
PASS Backend/HBOS/test/DecisionIntelligenceEngine.phase-09-1-10.test.ts
PASS Backend/HBOS/test/FinancialIntelligenceEngine.phase-09-1-3.test.ts
PASS Backend/HBOS/test/CashFlowForecastingService.phase-09-1-6.test.ts
PASS Backend/HBOS/test/FinancialStatementAnalysisService.test.ts
PASS Backend/HBOS/test/EngineUniqueness.test.ts (9.446 s)
PASS Backend/HBOS/test/AcquisitionResourcePolicy.test.ts (50.684 s)
PASS Backend/HBOS/Product/FinancialStatementAnalysisService.test.ts (48.853 s)
PASS Backend/HBOS/test/NpmLockfileIntegrity.test.ts (106.008 s)
PASS Backend/HBOS/test/OfflineAvailability.test.ts (21.889 s)
PASS Backend/HBOS/test/KiloCodeExecutionAdapter.test.ts (23.907 s)
PASS Backend/HBOS/test/AutonomousProductizationRouting.test.ts
PASS Backend/HBOS/test/AutonomousPerformanceBudget.test.ts
PASS Backend/HBOS/test/AutonomousBuildDaemonWorkspaceRecovery.test.ts
PASS Backend/HBOS/test/ProductPlatformAssurance.test.ts
PASS Backend/HBOS/test/AutonomousCiRepairKiloInvocation.test.ts
PASS Backend/HBOS/test/CommercialAuthenticationAuthorizationBoundary.test.ts
PASS Backend/HBOS/test/KpiIntelligenceService.phase-09-1-14.test.ts
PASS scripts/android-product-acceptance.test.js
PASS Backend/HBOS/test/ProductionReadinessEngine.test.ts
PASS Backend/HBOS/test/ExecutiveIntelligenceWorkbench.test.ts
PASS Backend/HBOS/test/CanonicalIntelligenceEngines.test.ts
  ● Console

    console.log
      Memory Engine Started

      at MemoryEngine.initialize (Backend/HBOS/Engines/MemoryEngine.ts:22:17)
          at Array.forEach (<anonymous>)

    console.log
      Reaction Engine Started

      at ReactionEngine.initialize (Backend/HBOS/Engines/ReactionEngine.ts:9:17)
          at Array.forEach (<anonymous>)

    console.log
      Decision Engine Started

      at DecisionEngine.initialize (Backend/HBOS/Engines/DecisionEngine.ts:14:17)
          at Array.forEach (<anonymous>)

    console.log
      Project Pilot Engine Started

      at ProjectPilotEngine.initialize (Backend/HBOS/Engines/ProjectPilotEngine.ts:41:17)
          at Array.forEach (<anonymous>)

    console.log
      Knowledge Engine Started

      at KnowledgeEngine.initialize (Backend/HBOS/Engines/KnowledgeEngine.ts:22:17)
          at Array.forEach (<anonymous>)

    console.log
      Assistant Engine Started

      at AssistantEngine.initialize (Backend/HBOS/Engines/AssistantEngine.ts:51:17)
          at Array.forEach (<anonymous>)

    console.log
      Intelligence Engine Started

      at IntelligenceEngine.initialize (Backend/HBOS/Engines/IntelligenceEngine.ts:50:17)
          at Array.forEach (<anonymous>)

    console.log
      ReasoningEngine Started

      at ReasoningEngine.initialize (Backend/HBOS/Engines/ReasoningEngine.ts:110:17)
          at Array.forEach (<anonymous>)

    console.log
      Governance Engine Started

      at GovernanceEngine.initialize (Backend/HBOS/Engines/GovernanceEngine.ts:140:17)
          at Array.forEach (<anonymous>)

    console.log
      Memory Engine Started

      at MemoryEngine.initialize (Backend/HBOS/Engines/MemoryEngine.ts:22:17)
          at Array.forEach (<anonymous>)

    console.log
      Memory Engine Started

      at MemoryEngine.initialize (Backend/HBOS/Engines/MemoryEngine.ts:22:17)
          at Array.forEach (<anonymous>)

    console.log
      Knowledge Engine Started

      at KnowledgeEngine.initialize (Backend/HBOS/Engines/KnowledgeEngine.ts:22:17)
          at Array.forEach (<anonymous>)

    console.log
      Project Pilot Engine Started

      at ProjectPilotEngine.initialize (Backend/HBOS/Engines/ProjectPilotEngine.ts:41:17)
          at Array.forEach (<anonymous>)

    console.log
      ReasoningEngine Started

      at ReasoningEngine.initialize (Backend/HBOS/Engines/ReasoningEngine.ts:110:17)
          at Array.forEach (<anonymous>)

    console.log
      OrganizationalIntelligenceEngine Started

      at OrganizationalIntelligenceEngine.initialize (Backend/HBOS/Engines/OrganizationalIntelligenceEngine.ts:132:17)
          at Array.forEach (<anonymous>)

    console.log
      Governance Engine Started

      at GovernanceEngine.initialize (Backend/HBOS/Engines/GovernanceEngine.ts:140:17)
          at Array.forEach (<anonymous>)

    console.log
      ExecutiveIntelligenceEngine Started

      at ExecutiveIntelligenceEngine.initialize (Backend/HBOS/Engines/ExecutiveIntelligenceEngine.ts:152:17)
          at Array.forEach (<anonymous>)

    console.log
      Memory Engine Started

      at MemoryEngine.initialize (Backend/HBOS/Engines/MemoryEngine.ts:22:17)
          at Array.forEach (<anonymous>)

    console.log
      Knowledge Engine Started

      at KnowledgeEngine.initialize (Backend/HBOS/Engines/KnowledgeEngine.ts:22:17)
          at Array.forEach (<anonymous>)

    console.log
      Project Pilot Engine Started

      at ProjectPilotEngine.initialize (Backend/HBOS/Engines/ProjectPilotEngine.ts:41:17)
          at Array.forEach (<anonymous>)

    console.log
      ReasoningEngine Started

      at ReasoningEngine.initialize (Backend/HBOS/Engines/ReasoningEngine.ts:110:17)
          at Array.forEach (<anonymous>)

    console.log
      OrganizationalIntelligenceEngine Started

      at OrganizationalIntelligenceEngine.initialize (Backend/HBOS/Engines/OrganizationalIntelligenceEngine.ts:132:17)
          at Array.forEach (<anonymous>)

    console.log
      Decision Engine Started

      at DecisionEngine.initialize (Backend/HBOS/Engines/DecisionEngine.ts:14:17)
          at Array.forEach (<anonymous>)

    console.log
      Project Pilot Engine Started

      at ProjectPilotEngine.initialize (Backend/HBOS/Engines/ProjectPilotEngine.ts:41:17)
          at Array.forEach (<anonymous>)

    console.log
      Governance Engine Started

      at GovernanceEngine.initialize (Backend/HBOS/Engines/GovernanceEngine.ts:140:17)
          at Array.forEach (<anonymous>)

    console.log
      AutonomousOperationsEngine Started

      at AutonomousOperationsEngine.initialize (Backend/HBOS/Engines/AutonomousOperationsEngine.ts:152:17)
          at Array.forEach (<anonymous>)

    console.log
      [Reaction] HBOS_BOOT | HBOS platform initialized | HBOS

      at ReactionEngine.react (Backend/HBOS/Engines/ReactionEngine.ts:21:17)

    console.log
      Memory Engine Started

      at MemoryEngine.initialize (Backend/HBOS/Engines/MemoryEngine.ts:22:17)
          at Array.forEach (<anonymous>)

    console.log
      Reaction Engine Started

      at ReactionEngine.initialize (Backend/HBOS/Engines/ReactionEngine.ts:9:17)
          at Array.forEach (<anonymous>)

    console.log
      Decision Engine Started

      at DecisionEngine.initialize (Backend/HBOS/Engines/DecisionEngine.ts:14:17)
          at Array.forEach (<anonymous>)

    console.log
      Project Pilot Engine Started

      at ProjectPilotEngine.initialize (Backend/HBOS/Engines/ProjectPilotEngine.ts:41:17)
          at Array.forEach (<anonymous>)

    console.log
      Knowledge Engine Started

      at KnowledgeEngine.initialize (Backend/HBOS/Engines/KnowledgeEngine.ts:22:17)
          at Array.forEach (<anonymous>)

    console.log
      Assistant Engine Started

      at AssistantEngine.initialize (Backend/HBOS/Engines/AssistantEngine.ts:51:17)
          at Array.forEach (<anonymous>)

    console.log
      Intelligence Engine Started

      at IntelligenceEngine.initialize (Backend/HBOS/Engines/IntelligenceEngine.ts:50:17)
          at Array.forEach (<anonymous>)

    console.log
      ReasoningEngine Started

      at ReasoningEngine.initialize (Backend/HBOS/Engines/ReasoningEngine.ts:110:17)
          at Array.forEach (<anonymous>)

    console.log
      Governance Engine Started

      at GovernanceEngine.initialize (Backend/HBOS/Engines/GovernanceEngine.ts:140:17)
          at Array.forEach (<anonymous>)

    console.log
      Memory Engine Started

      at MemoryEngine.initialize (Backend/HBOS/Engines/MemoryEngine.ts:22:17)
          at Array.forEach (<anonymous>)

    console.log
      Memory Engine Started

      at MemoryEngine.initialize (Backend/HBOS/Engines/MemoryEngine.ts:22:17)
          at Array.forEach (<anonymous>)

    console.log
      Knowledge Engine Started

      at KnowledgeEngine.initialize (Backend/HBOS/Engines/KnowledgeEngine.ts:22:17)
          at Array.forEach (<anonymous>)

    console.log
      Project Pilot Engine Started

      at ProjectPilotEngine.initialize (Backend/HBOS/Engines/ProjectPilotEngine.ts:41:17)
          at Array.forEach (<anonymous>)

    console.log
      ReasoningEngine Started

      at ReasoningEngine.initialize (Backend/HBOS/Engines/ReasoningEngine.ts:110:17)
          at Array.forEach (<anonymous>)

    console.log
      OrganizationalIntelligenceEngine Started

      at OrganizationalIntelligenceEngine.initialize (Backend/HBOS/Engines/OrganizationalIntelligenceEngine.ts:132:17)
          at Array.forEach (<anonymous>)

    console.log
      Governance Engine Started

      at GovernanceEngine.initialize (Backend/HBOS/Engines/GovernanceEngine.ts:140:17)
          at Array.forEach (<anonymous>)

    console.log
      ExecutiveIntelligenceEngine Started

      at ExecutiveIntelligenceEngine.initialize (Backend/HBOS/Engines/ExecutiveIntelligenceEngine.ts:152:17)
          at Array.forEach (<anonymous>)

    console.log
      Memory Engine Started

      at MemoryEngine.initialize (Backend/HBOS/Engines/MemoryEngine.ts:22:17)
          at Array.forEach (<anonymous>)

    console.log
      Knowledge Engine Started

      at KnowledgeEngine.initialize (Backend/HBOS/Engines/KnowledgeEngine.ts:22:17)
          at Array.forEach (<anonymous>)

    console.log
      Project Pilot Engine Started

      at ProjectPilotEngine.initialize (Backend/HBOS/Engines/ProjectPilotEngine.ts:41:17)
          at Array.forEach (<anonymous>)

    console.log
      ReasoningEngine Started

      at ReasoningEngine.initialize (Backend/HBOS/Engines/ReasoningEngine.ts:110:17)
          at Array.forEach (<anonymous>)

    console.log
      OrganizationalIntelligenceEngine Started

      at OrganizationalIntelligenceEngine.initialize (Backend/HBOS/Engines/OrganizationalIntelligenceEngine.ts:132:17)
          at Array.forEach (<anonymous>)

    console.log
      Decision Engine Started

      at DecisionEngine.initialize (Backend/HBOS/Engines/DecisionEngine.ts:14:17)
          at Array.forEach (<anonymous>)

    console.log
      Project Pilot Engine Started

      at ProjectPilotEngine.initialize (Backend/HBOS/Engines/ProjectPilotEngine.ts:41:17)
          at Array.forEach (<anonymous>)

    console.log
      Governance Engine Started

      at GovernanceEngine.initialize (Backend/HBOS/Engines/GovernanceEngine.ts:140:17)
          at Array.forEach (<anonymous>)

    console.log
      AutonomousOperationsEngine Started

      at AutonomousOperationsEngine.initialize (Backend/HBOS/Engines/AutonomousOperationsEngine.ts:152:17)
          at Array.forEach (<anonymous>)

    console.log
      [Reaction] HBOS_BOOT | HBOS platform initialized | HBOS

      at ReactionEngine.react (Backend/HBOS/Engines/ReactionEngine.ts:21:17)

    console.log
      Memory Engine Started

      at MemoryEngine.initialize (Backend/HBOS/Engines/MemoryEngine.ts:22:17)
          at Array.forEach (<anonymous>)

    console.log
      Reaction Engine Started

      at ReactionEngine.initialize (Backend/HBOS/Engines/ReactionEngine.ts:9:17)
          at Array.forEach (<anonymous>)

    console.log
      Decision Engine Started

      at DecisionEngine.initialize (Backend/HBOS/Engines/DecisionEngine.ts:14:17)
          at Array.forEach (<anonymous>)

    console.log
      Project Pilot Engine Started

      at ProjectPilotEngine.initialize (Backend/HBOS/Engines/ProjectPilotEngine.ts:41:17)
          at Array.forEach (<anonymous>)

    console.log
      Knowledge Engine Started

      at KnowledgeEngine.initialize (Backend/HBOS/Engines/KnowledgeEngine.ts:22:17)
          at Array.forEach (<anonymous>)

    console.log
      Assistant Engine Started

      at AssistantEngine.initialize (Backend/HBOS/Engines/AssistantEngine.ts:51:17)
          at Array.forEach (<anonymous>)

    console.log
      Intelligence Engine Started

      at IntelligenceEngine.initialize (Backend/HBOS/Engines/IntelligenceEngine.ts:50:17)
          at Array.forEach (<anonymous>)

    console.log
      ReasoningEngine Started

      at ReasoningEngine.initialize (Backend/HBOS/Engines/ReasoningEngine.ts:110:17)
          at Array.forEach (<anonymous>)

    console.log
      Governance Engine Started

      at GovernanceEngine.initialize (Backend/HBOS/Engines/GovernanceEngine.ts:140:17)
          at Array.forEach (<anonymous>)

    console.log
      Memory Engine Started

      at MemoryEngine.initialize (Backend/HBOS/Engines/MemoryEngine.ts:22:17)
          at Array.forEach (<anonymous>)

    console.log
      Memory Engine Started

      at MemoryEngine.initialize (Backend/HBOS/Engines/MemoryEngine.ts:22:17)
          at Array.forEach (<anonymous>)

    console.log
      Knowledge Engine Started

      at KnowledgeEngine.initialize (Backend/HBOS/Engines/KnowledgeEngine.ts:22:17)
          at Array.forEach (<anonymous>)

    console.log
      Project Pilot Engine Started

      at ProjectPilotEngine.initialize (Backend/HBOS/Engines/ProjectPilotEngine.ts:41:17)
          at Array.forEach (<anonymous>)

    console.log
      ReasoningEngine Started

      at ReasoningEngine.initialize (Backend/HBOS/Engines/ReasoningEngine.ts:110:17)
          at Array.forEach (<anonymous>)

    console.log
      OrganizationalIntelligenceEngine Started

      at OrganizationalIntelligenceEngine.initialize (Backend/HBOS/Engines/OrganizationalIntelligenceEngine.ts:132:17)
          at Array.forEach (<anonymous>)

    console.log
      Governance Engine Started

      at GovernanceEngine.initialize (Backend/HBOS/Engines/GovernanceEngine.ts:140:17)
          at Array.forEach (<anonymous>)

    console.log
      ExecutiveIntelligenceEngine Started

      at ExecutiveIntelligenceEngine.initialize (Backend/HBOS/Engines/ExecutiveIntelligenceEngine.ts:152:17)
          at Array.forEach (<anonymous>)

    console.log
      Memory Engine Started

      at MemoryEngine.initialize (Backend/HBOS/Engines/MemoryEngine.ts:22:17)
          at Array.forEach (<anonymous>)

    console.log
      Knowledge Engine Started

      at KnowledgeEngine.initialize (Backend/HBOS/Engines/KnowledgeEngine.ts:22:17)
          at Array.forEach (<anonymous>)

    console.log
      Project Pilot Engine Started

      at ProjectPilotEngine.initialize (Backend/HBOS/Engines/ProjectPilotEngine.ts:41:17)
          at Array.forEach (<anonymous>)

    console.log
      ReasoningEngine Started

      at ReasoningEngine.initialize (Backend/HBOS/Engines/ReasoningEngine.ts:110:17)
          at Array.forEach (<anonymous>)

    console.log
      OrganizationalIntelligenceEngine Started

      at OrganizationalIntelligenceEngine.initialize (Backend/HBOS/Engines/OrganizationalIntelligenceEngine.ts:132:17)
          at Array.forEach (<anonymous>)

    console.log
      Decision Engine Started

      at DecisionEngine.initialize (Backend/HBOS/Engines/DecisionEngine.ts:14:17)
          at Array.forEach (<anonymous>)

    console.log
      Project Pilot Engine Started

      at ProjectPilotEngine.initialize (Backend/HBOS/Engines/ProjectPilotEngine.ts:41:17)
          at Array.forEach (<anonymous>)

    console.log
      Governance Engine Started

      at GovernanceEngine.initialize (Backend/HBOS/Engines/GovernanceEngine.ts:140:17)
          at Array.forEach (<anonymous>)

    console.log
      AutonomousOperationsEngine Started

      at AutonomousOperationsEngine.initialize (Backend/HBOS/Engines/AutonomousOperationsEngine.ts:152:17)
          at Array.forEach (<anonymous>)

    console.log
      [Reaction] HBOS_BOOT | HBOS platform initialized | HBOS

      at ReactionEngine.react (Backend/HBOS/Engines/ReactionEngine.ts:21:17)

PASS Backend/HBOS/test/AutonomousWeavingPlanner.test.ts
PASS Backend/HBOS/test/BreakEvenAnalysisService.test.ts
PASS Backend/HBOS/test/CommercialIdentityService.test.ts
PASS Backend/HBOS/test/FinalPersistenceRecoveryQualification.test.ts
PASS Backend/HBOS/test/ExponentialSmoothingService.phase-09-1-9.test.ts
PASS Backend/HBOS/test/LearningFeedbackLoop.test.ts
PASS Backend/HBOS/test/BootReport.test.ts
PASS Backend/HBOS/Autonomous/Runtime/ExternalProductionDependencyAudit.test.ts
PASS Backend/HBOS/test/CommercialCapabilityDiscovery.test.ts
PASS Backend/HBOS/test/AutonomousAssistantConstructionHandoff.test.ts
PASS Backend/HBOS/test/AutonomousConstructionBatchPlanner.test.ts
PASS Backend/HBOS/test/FinalArchitectureQualification.test.ts
  ● Console

    console.log
      Memory Engine Started

      at MemoryEngine.initialize (Backend/HBOS/Engines/MemoryEngine.ts:22:17)
          at Array.forEach (<anonymous>)

    console.log
      Reaction Engine Started

      at ReactionEngine.initialize (Backend/HBOS/Engines/ReactionEngine.ts:9:17)
          at Array.forEach (<anonymous>)

    console.log
      Decision Engine Started

      at DecisionEngine.initialize (Backend/HBOS/Engines/DecisionEngine.ts:14:17)
          at Array.forEach (<anonymous>)

    console.log
      Project Pilot Engine Started

      at ProjectPilotEngine.initialize (Backend/HBOS/Engines/ProjectPilotEngine.ts:41:17)
          at Array.forEach (<anonymous>)

    console.log
      Knowledge Engine Started

      at KnowledgeEngine.initialize (Backend/HBOS/Engines/KnowledgeEngine.ts:22:17)
          at Array.forEach (<anonymous>)

    console.log
      Assistant Engine Started

      at AssistantEngine.initialize (Backend/HBOS/Engines/AssistantEngine.ts:51:17)
          at Array.forEach (<anonymous>)

    console.log
      Intelligence Engine Started

      at IntelligenceEngine.initialize (Backend/HBOS/Engines/IntelligenceEngine.ts:50:17)
          at Array.forEach (<anonymous>)

    console.log
      ReasoningEngine Started

      at ReasoningEngine.initialize (Backend/HBOS/Engines/ReasoningEngine.ts:110:17)
          at Array.forEach (<anonymous>)

    console.log
      Governance Engine Started

      at GovernanceEngine.initialize (Backend/HBOS/Engines/GovernanceEngine.ts:140:17)
          at Array.forEach (<anonymous>)

    console.log
      Memory Engine Started

      at MemoryEngine.initialize (Backend/HBOS/Engines/MemoryEngine.ts:22:17)
          at Array.forEach (<anonymous>)

    console.log
      Memory Engine Started

      at MemoryEngine.initialize (Backend/HBOS/Engines/MemoryEngine.ts:22:17)
          at Array.forEach (<anonymous>)

    console.log
      Knowledge Engine Started

      at KnowledgeEngine.initialize (Backend/HBOS/Engines/KnowledgeEngine.ts:22:17)
          at Array.forEach (<anonymous>)

    console.log
      Project Pilot Engine Started

      at ProjectPilotEngine.initialize (Backend/HBOS/Engines/ProjectPilotEngine.ts:41:17)
          at Array.forEach (<anonymous>)

    console.log
      ReasoningEngine Started

      at ReasoningEngine.initialize (Backend/HBOS/Engines/ReasoningEngine.ts:110:17)
          at Array.forEach (<anonymous>)

    console.log
      OrganizationalIntelligenceEngine Started

      at OrganizationalIntelligenceEngine.initialize (Backend/HBOS/Engines/OrganizationalIntelligenceEngine.ts:132:17)
          at Array.forEach (<anonymous>)

    console.log
      Governance Engine Started

      at GovernanceEngine.initialize (Backend/HBOS/Engines/GovernanceEngine.ts:140:17)
          at Array.forEach (<anonymous>)

    console.log
      ExecutiveIntelligenceEngine Started

      at ExecutiveIntelligenceEngine.initialize (Backend/HBOS/Engines/ExecutiveIntelligenceEngine.ts:152:17)
          at Array.forEach (<anonymous>)

    console.log
      Memory Engine Started

      at MemoryEngine.initialize (Backend/HBOS/Engines/MemoryEngine.ts:22:17)
          at Array.forEach (<anonymous>)

    console.log
      Knowledge Engine Started

      at KnowledgeEngine.initialize (Backend/HBOS/Engines/KnowledgeEngine.ts:22:17)
          at Array.forEach (<anonymous>)

    console.log
      Project Pilot Engine Started

      at ProjectPilotEngine.initialize (Backend/HBOS/Engines/ProjectPilotEngine.ts:41:17)
          at Array.forEach (<anonymous>)

    console.log
      ReasoningEngine Started

      at ReasoningEngine.initialize (Backend/HBOS/Engines/ReasoningEngine.ts:110:17)
          at Array.forEach (<anonymous>)

    console.log
      OrganizationalIntelligenceEngine Started

      at OrganizationalIntelligenceEngine.initialize (Backend/HBOS/Engines/OrganizationalIntelligenceEngine.ts:132:17)
          at Array.forEach (<anonymous>)

    console.log
      Decision Engine Started

      at DecisionEngine.initialize (Backend/HBOS/Engines/DecisionEngine.ts:14:17)
          at Array.forEach (<anonymous>)

    console.log
      Project Pilot Engine Started

      at ProjectPilotEngine.initialize (Backend/HBOS/Engines/ProjectPilotEngine.ts:41:17)
          at Array.forEach (<anonymous>)

    console.log
      Governance Engine Started

      at GovernanceEngine.initialize (Backend/HBOS/Engines/GovernanceEngine.ts:140:17)
          at Array.forEach (<anonymous>)

    console.log
      AutonomousOperationsEngine Started

      at AutonomousOperationsEngine.initialize (Backend/HBOS/Engines/AutonomousOperationsEngine.ts:152:17)
          at Array.forEach (<anonymous>)

    console.log
      [Reaction] HBOS_BOOT | HBOS platform initialized | HBOS

      at ReactionEngine.react (Backend/HBOS/Engines/ReactionEngine.ts:21:17)

PASS Backend/HBOS/test/SystemReadiness.test.ts
PASS Backend/HBOS/test/Memory.test.ts
  ● Console

    console.log
      Memory Engine Started

      at MemoryEngine.initialize (Backend/HBOS/Engines/MemoryEngine.ts:22:17)

    console.log
      Memory Engine Started

      at MemoryEngine.initialize (Backend/HBOS/Engines/MemoryEngine.ts:22:17)
          at Array.forEach (<anonymous>)

    console.log
      Reaction Engine Started

      at ReactionEngine.initialize (Backend/HBOS/Engines/ReactionEngine.ts:9:17)
          at Array.forEach (<anonymous>)

    console.log
      Decision Engine Started

      at DecisionEngine.initialize (Backend/HBOS/Engines/DecisionEngine.ts:14:17)
          at Array.forEach (<anonymous>)

    console.log
      Project Pilot Engine Started

      at ProjectPilotEngine.initialize (Backend/HBOS/Engines/ProjectPilotEngine.ts:41:17)
          at Array.forEach (<anonymous>)

    console.log
      Knowledge Engine Started

      at KnowledgeEngine.initialize (Backend/HBOS/Engines/KnowledgeEngine.ts:22:17)
          at Array.forEach (<anonymous>)

    console.log
      Assistant Engine Started

      at AssistantEngine.initialize (Backend/HBOS/Engines/AssistantEngine.ts:51:17)
          at Array.forEach (<anonymous>)

    console.log
      Intelligence Engine Started

      at IntelligenceEngine.initialize (Backend/HBOS/Engines/IntelligenceEngine.ts:50:17)
          at Array.forEach (<anonymous>)

    console.log
      ReasoningEngine Started

      at ReasoningEngine.initialize (Backend/HBOS/Engines/ReasoningEngine.ts:110:17)
          at Array.forEach (<anonymous>)

    console.log
      Governance Engine Started

      at GovernanceEngine.initialize (Backend/HBOS/Engines/GovernanceEngine.ts:140:17)
          at Array.forEach (<anonymous>)

    console.log
      Memory Engine Started

      at MemoryEngine.initialize (Backend/HBOS/Engines/MemoryEngine.ts:22:17)
          at Array.forEach (<anonymous>)

    console.log
      Memory Engine Started

      at MemoryEngine.initialize (Backend/HBOS/Engines/MemoryEngine.ts:22:17)
          at Array.forEach (<anonymous>)

    console.log
      Knowledge Engine Started

      at KnowledgeEngine.initialize (Backend/HBOS/Engines/KnowledgeEngine.ts:22:17)
          at Array.forEach (<anonymous>)

    console.log
      Project Pilot Engine Started

      at ProjectPilotEngine.initialize (Backend/HBOS/Engines/ProjectPilotEngine.ts:41:17)
          at Array.forEach (<anonymous>)

    console.log
      ReasoningEngine Started

      at ReasoningEngine.initialize (Backend/HBOS/Engines/ReasoningEngine.ts:110:17)
          at Array.forEach (<anonymous>)

    console.log
      OrganizationalIntelligenceEngine Started

      at OrganizationalIntelligenceEngine.initialize (Backend/HBOS/Engines/OrganizationalIntelligenceEngine.ts:132:17)
          at Array.forEach (<anonymous>)

    console.log
      Governance Engine Started

      at GovernanceEngine.initialize (Backend/HBOS/Engines/GovernanceEngine.ts:140:17)
          at Array.forEach (<anonymous>)

    console.log
      ExecutiveIntelligenceEngine Started

      at ExecutiveIntelligenceEngine.initialize (Backend/HBOS/Engines/ExecutiveIntelligenceEngine.ts:152:17)
          at Array.forEach (<anonymous>)

    console.log
      Memory Engine Started

      at MemoryEngine.initialize (Backend/HBOS/Engines/MemoryEngine.ts:22:17)
          at Array.forEach (<anonymous>)

    console.log
      Knowledge Engine Started

      at KnowledgeEngine.initialize (Backend/HBOS/Engines/KnowledgeEngine.ts:22:17)
          at Array.forEach (<anonymous>)

    console.log
      Project Pilot Engine Started

      at ProjectPilotEngine.initialize (Backend/HBOS/Engines/ProjectPilotEngine.ts:41:17)
          at Array.forEach (<anonymous>)

    console.log
      ReasoningEngine Started

      at ReasoningEngine.initialize (Backend/HBOS/Engines/ReasoningEngine.ts:110:17)
          at Array.forEach (<anonymous>)

    console.log
      OrganizationalIntelligenceEngine Started

      at OrganizationalIntelligenceEngine.initialize (Backend/HBOS/Engines/OrganizationalIntelligenceEngine.ts:132:17)
          at Array.forEach (<anonymous>)

    console.log
      Decision Engine Started

      at DecisionEngine.initialize (Backend/HBOS/Engines/DecisionEngine.ts:14:17)
          at Array.forEach (<anonymous>)

    console.log
      Project Pilot Engine Started

      at ProjectPilotEngine.initialize (Backend/HBOS/Engines/ProjectPilotEngine.ts:41:17)
          at Array.forEach (<anonymous>)

    console.log
      Governance Engine Started

      at GovernanceEngine.initialize (Backend/HBOS/Engines/GovernanceEngine.ts:140:17)
          at Array.forEach (<anonymous>)

    console.log
      AutonomousOperationsEngine Started

      at AutonomousOperationsEngine.initialize (Backend/HBOS/Engines/AutonomousOperationsEngine.ts:152:17)
          at Array.forEach (<anonymous>)

    console.log
      [Reaction] HBOS_BOOT | HBOS platform initialized | HBOS

      at ReactionEngine.react (Backend/HBOS/Engines/ReactionEngine.ts:21:17)

PASS Backend/HBOS/test/CommercialRuntimeEntrypoint.test.ts
PASS Backend/HBOS/test/KiloPythonExecutionContract.test.ts
PASS Backend/HBOS/test/FinancialIngestionProviderGovernance.test.ts (18.845 s)
PASS Backend/HBOS/test/AutonomousDevelopmentLoop.repair.test.ts
PASS Backend/HBOS/test/ExecutiveIntelligenceEngine.test.ts
  ● Console

    console.log
      Memory Engine Started

      at MemoryEngine.initialize (Backend/HBOS/Engines/MemoryEngine.ts:22:17)

    console.log
      Memory Engine Started

      at MemoryEngine.initialize (Backend/HBOS/Engines/MemoryEngine.ts:22:17)

    console.log
      Knowledge Engine Started

      at KnowledgeEngine.initialize (Backend/HBOS/Engines/KnowledgeEngine.ts:22:17)

    console.log
      Project Pilot Engine Started

      at ProjectPilotEngine.initialize (Backend/HBOS/Engines/ProjectPilotEngine.ts:41:17)

    console.log
      ReasoningEngine Started

      at ReasoningEngine.initialize (Backend/HBOS/Engines/ReasoningEngine.ts:110:17)

    console.log
      OrganizationalIntelligenceEngine Started

      at OrganizationalIntelligenceEngine.initialize (Backend/HBOS/Engines/OrganizationalIntelligenceEngine.ts:132:17)

    console.log
      Governance Engine Started

      at GovernanceEngine.initialize (Backend/HBOS/Engines/GovernanceEngine.ts:140:17)

    console.log
      ExecutiveIntelligenceEngine Started

      at ExecutiveIntelligenceEngine.initialize (Backend/HBOS/Engines/ExecutiveIntelligenceEngine.ts:152:17)

PASS Backend/HBOS/test/HealthMonitor.test.ts
PASS Backend/HBOS/test/AutonomousKnotRecovery.test.ts
PASS Backend/HBOS/test/GovernanceEngine.test.ts
  ● Console

    console.log
      Governance Engine Started

      at GovernanceEngine.initialize (Backend/HBOS/Engines/GovernanceEngine.ts:140:17)

    console.log
      Governance Engine Started

      at GovernanceEngine.initialize (Backend/HBOS/Engines/GovernanceEngine.ts:140:17)

    console.log
      Governance Engine Started

      at GovernanceEngine.initialize (Backend/HBOS/Engines/GovernanceEngine.ts:140:17)

PASS Backend/HBOS/test/WorkspaceRepairRunner.test.ts
  ● Console

    console.log
      {"type":"AUTONOMOUS_WORKSPACE_REPAIR","phase":"PREFLIGHT","status":"ALREADY_CLEAN","timestamp":"2026-09-27T06:53:
52.133Z"}

      at repairWorkspace (Backend/HBOS/Autonomous/Runtime/WorkspaceRepairRunner.ts:35:17)

PASS Backend/HBOS/Engines/OrganizationalIntelligenceEngine.test.ts
PASS Backend/HBOS/test/AuditAnalyticsService.test.ts
PASS Backend/HBOS/Engines/AutonomousOperationsEngine.test.ts
PASS Backend/HBOS/test/CashFlowForecastingService.test.ts
PASS Backend/HBOS/test/CloudDeploymentEngine.test.ts (11.781 s)
PASS Backend/HBOS/test/AutonomousDevelopmentLoopIntegrity.test.ts
PASS Backend/HBOS/test/AutonomousRepairProductBoundary.test.ts
PASS Backend/HBOS/Engines/ReasoningEngine.test.ts
PASS Backend/HBOS/test/ProjectPilot.test.ts
PASS Backend/HBOS/test/FinancialIntelligenceEngine.test.ts
PASS Backend/HBOS/test/KpiIntelligenceService.test.ts
PASS Backend/HBOS/test/BudgetIntelligenceEngine.test.ts
PASS Backend/HBOS/test/CustomerTestingEngine.test.ts
PASS Backend/HBOS/test/AnomalyDetectionService.test.ts
PASS Backend/HBOS/test/EngineDependencyManager.test.ts
PASS Backend/HBOS/test/AutonomousMissionController.test.ts
PASS Backend/HBOS/test/PerformanceTestingEngine.test.ts
PASS Backend/HBOS/Autonomous/Analyzer/CommercialReadinessGate.test.ts
PASS Backend/HBOS/test/ProductionAcceptanceEngine.test.ts (106.782 s)
PASS Backend/HBOS/test/SecurityAuditEngine.test.ts (92.17 s)
PASS Backend/HBOS/test/AutonomousProjectConductor.test.ts (85.815 s)
PASS Backend/HBOS/test/AutonomousBuilderAgent.test.ts
PASS Backend/HBOS/test/DeploymentContractEngine.test.ts (8.661 s)
PASS Backend/HBOS/test/TenantIsolationVerification.test.ts (8.884 s)
PASS Backend/HBOS/test/AutonomousDevelopmentLoop.repair-intent.test.ts
PASS Backend/HBOS/test/EngineLifecycleManager.test.ts
PASS Backend/HBOS/AI/test/AIRuntime.test.ts
PASS Backend/HBOS/test/HooshyarSelfOperatingAssistant.test.ts
PASS Backend/HBOS/test/ExponentialSmoothingService.test.ts
PASS Backend/HBOS/test/CommercialPersistenceBoundary.test.ts
PASS Backend/HBOS/test/AutonomousAssistantRuntime.test.ts
PASS Backend/HBOS/test/BootDependencyValidator.test.ts
PASS Backend/HBOS/test/HBOSBootIntegration.test.ts
  ● Console

    console.log
      Memory Engine Started

      at MemoryEngine.initialize (Backend/HBOS/Engines/MemoryEngine.ts:22:17)
          at Array.forEach (<anonymous>)

    console.log
      Reaction Engine Started

      at ReactionEngine.initialize (Backend/HBOS/Engines/ReactionEngine.ts:9:17)
          at Array.forEach (<anonymous>)

    console.log
      Decision Engine Started

      at DecisionEngine.initialize (Backend/HBOS/Engines/DecisionEngine.ts:14:17)
          at Array.forEach (<anonymous>)

    console.log
      Project Pilot Engine Started

      at ProjectPilotEngine.initialize (Backend/HBOS/Engines/ProjectPilotEngine.ts:41:17)
          at Array.forEach (<anonymous>)

    console.log
      Knowledge Engine Started

      at KnowledgeEngine.initialize (Backend/HBOS/Engines/KnowledgeEngine.ts:22:17)
          at Array.forEach (<anonymous>)

    console.log
      Assistant Engine Started

      at AssistantEngine.initialize (Backend/HBOS/Engines/AssistantEngine.ts:51:17)
          at Array.forEach (<anonymous>)

    console.log
      Intelligence Engine Started

      at IntelligenceEngine.initialize (Backend/HBOS/Engines/IntelligenceEngine.ts:50:17)
          at Array.forEach (<anonymous>)

    console.log
      ReasoningEngine Started

      at ReasoningEngine.initialize (Backend/HBOS/Engines/ReasoningEngine.ts:110:17)
          at Array.forEach (<anonymous>)

    console.log
      Governance Engine Started

      at GovernanceEngine.initialize (Backend/HBOS/Engines/GovernanceEngine.ts:140:17)
          at Array.forEach (<anonymous>)

    console.log
      Memory Engine Started

      at MemoryEngine.initialize (Backend/HBOS/Engines/MemoryEngine.ts:22:17)
          at Array.forEach (<anonymous>)

    console.log
      Memory Engine Started

      at MemoryEngine.initialize (Backend/HBOS/Engines/MemoryEngine.ts:22:17)
          at Array.forEach (<anonymous>)

    console.log
      Knowledge Engine Started

      at KnowledgeEngine.initialize (Backend/HBOS/Engines/KnowledgeEngine.ts:22:17)
          at Array.forEach (<anonymous>)

    console.log
      Project Pilot Engine Started

      at ProjectPilotEngine.initialize (Backend/HBOS/Engines/ProjectPilotEngine.ts:41:17)
          at Array.forEach (<anonymous>)

    console.log
      ReasoningEngine Started

      at ReasoningEngine.initialize (Backend/HBOS/Engines/ReasoningEngine.ts:110:17)
          at Array.forEach (<anonymous>)

    console.log
      OrganizationalIntelligenceEngine Started

      at OrganizationalIntelligenceEngine.initialize (Backend/HBOS/Engines/OrganizationalIntelligenceEngine.ts:132:17)
          at Array.forEach (<anonymous>)

    console.log
      Governance Engine Started

      at GovernanceEngine.initialize (Backend/HBOS/Engines/GovernanceEngine.ts:140:17)
          at Array.forEach (<anonymous>)

    console.log
      ExecutiveIntelligenceEngine Started

      at ExecutiveIntelligenceEngine.initialize (Backend/HBOS/Engines/ExecutiveIntelligenceEngine.ts:152:17)
          at Array.forEach (<anonymous>)

    console.log
      Memory Engine Started

      at MemoryEngine.initialize (Backend/HBOS/Engines/MemoryEngine.ts:22:17)
          at Array.forEach (<anonymous>)

    console.log
      Knowledge Engine Started

      at KnowledgeEngine.initialize (Backend/HBOS/Engines/KnowledgeEngine.ts:22:17)
          at Array.forEach (<anonymous>)

    console.log
      Project Pilot Engine Started

      at ProjectPilotEngine.initialize (Backend/HBOS/Engines/ProjectPilotEngine.ts:41:17)
          at Array.forEach (<anonymous>)

    console.log
      ReasoningEngine Started

      at ReasoningEngine.initialize (Backend/HBOS/Engines/ReasoningEngine.ts:110:17)
          at Array.forEach (<anonymous>)

    console.log
      OrganizationalIntelligenceEngine Started

      at OrganizationalIntelligenceEngine.initialize (Backend/HBOS/Engines/OrganizationalIntelligenceEngine.ts:132:17)
          at Array.forEach (<anonymous>)

    console.log
      Decision Engine Started

      at DecisionEngine.initialize (Backend/HBOS/Engines/DecisionEngine.ts:14:17)
          at Array.forEach (<anonymous>)

    console.log
      Project Pilot Engine Started

      at ProjectPilotEngine.initialize (Backend/HBOS/Engines/ProjectPilotEngine.ts:41:17)
          at Array.forEach (<anonymous>)

    console.log
      Governance Engine Started

      at GovernanceEngine.initialize (Backend/HBOS/Engines/GovernanceEngine.ts:140:17)
          at Array.forEach (<anonymous>)

    console.log
      AutonomousOperationsEngine Started

      at AutonomousOperationsEngine.initialize (Backend/HBOS/Engines/AutonomousOperationsEngine.ts:152:17)
          at Array.forEach (<anonymous>)

    console.log
      [Reaction] HBOS_BOOT | HBOS platform initialized | HBOS

      at ReactionEngine.react (Backend/HBOS/Engines/ReactionEngine.ts:21:17)

PASS Backend/HBOS/test/AssistantConstructionProviderPolicy.test.ts
PASS Backend/HBOS/Autonomous/Analyzer/RiskActionOrchestrator.test.ts
PASS Backend/HBOS/test/Assistant.test.ts
PASS Backend/HBOS/test/AutonomousMemoryEngine.test.ts
  ● Console

    console.log
      Autonomous Memory Engine Started

      at AutonomousMemoryEngine.initialize (Backend/HBOS/Engines/AutonomousMemoryEngine.ts:13:17)

PASS Backend/HBOS/test/APIGatewayEngine.test.ts
PASS Backend/HBOS/test/AutonomousAssistantPlatform.test.ts
PASS Backend/HBOS/test/DashboardEngine.test.ts
PASS Backend/HBOS/test/TaxIntelligenceEngine.test.ts
PASS Backend/HBOS/test/AutonomousProductFactory.test.ts
PASS Backend/HBOS/test/AutonomousOperationsEngine.test.ts
PASS Backend/HBOS/test/ProductionEvolution.test.ts
PASS Backend/HBOS/test/AlertsEngine.test.ts
PASS Backend/HBOS/test/Knowledge.test.ts
PASS Backend/HBOS/test/HooshyarAutonomousAssistant.platform-construction.test.ts
PASS Backend/HBOS/test/Insight.test.ts
PASS Backend/HBOS/test/RiskIntelligenceEngine.test.ts
PASS Backend/HBOS/test/BootTimer.test.ts
PASS Backend/HBOS/test/AssistantOrchestrator.test.ts
  ● Console

    console.log
      ExecutiveFace initialized

      at ExecutiveFace.initialize (Backend/HBOS/Assistants/Faces/ExecutiveFace.ts:8:9)
          at Array.forEach (<anonymous>)

    console.log
      FinancialFace initialized

      at FinancialFace.initialize (Backend/HBOS/Assistants/Faces/FinancialFace.ts:8:9)
          at Array.forEach (<anonymous>)

    console.log
      AccountingFace initialized

      at AccountingFace.initialize (Backend/HBOS/Assistants/Faces/AccountingFace.ts:8:9)
          at Array.forEach (<anonymous>)

    console.log
      TaxFace initialized

      at TaxFace.initialize (Backend/HBOS/Assistants/Faces/TaxFace.ts:8:9)
          at Array.forEach (<anonymous>)

    console.log
      AuditFace initialized

      at AuditFace.initialize (Backend/HBOS/Assistants/Faces/AuditFace.ts:8:9)
          at Array.forEach (<anonymous>)

    console.log
      DecisionFace initialized

      at DecisionFace.initialize (Backend/HBOS/Assistants/Faces/DecisionFace.ts:8:9)
          at Array.forEach (<anonymous>)

    console.log
      RiskFace initialized

      at RiskFace.initialize (Backend/HBOS/Assistants/Faces/RiskFace.ts:8:9)
          at Array.forEach (<anonymous>)

    console.log
      StrategyFace initialized

      at StrategyFace.initialize (Backend/HBOS/Assistants/Faces/StrategyFace.ts:8:9)
          at Array.forEach (<anonymous>)

    console.log
      OperationsFace initialized

      at OperationsFace.initialize (Backend/HBOS/Assistants/Faces/OperationsFace.ts:8:9)
          at Array.forEach (<anonymous>)

    console.log
      KnowledgeFace initialized

      at KnowledgeFace.initialize (Backend/HBOS/Assistants/Faces/KnowledgeFace.ts:8:9)
          at Array.forEach (<anonymous>)

    console.log
      AssistantFace initialized

      at AssistantFace.initialize (Backend/HBOS/Assistants/Faces/AssistantFace.ts:8:9)
          at Array.forEach (<anonymous>)

    console.log
      AutonomousFace initialized

      at AutonomousFace.initialize (Backend/HBOS/Assistants/Faces/AutonomousFace.ts:8:9)
          at Array.forEach (<anonymous>)

    console.log
      ExecutiveFace initialized

      at ExecutiveFace.initialize (Backend/HBOS/Assistants/Faces/ExecutiveFace.ts:8:9)
          at Array.forEach (<anonymous>)

    console.log
      FinancialFace initialized

      at FinancialFace.initialize (Backend/HBOS/Assistants/Faces/FinancialFace.ts:8:9)
          at Array.forEach (<anonymous>)

    console.log
      AccountingFace initialized

      at AccountingFace.initialize (Backend/HBOS/Assistants/Faces/AccountingFace.ts:8:9)
          at Array.forEach (<anonymous>)

    console.log
      TaxFace initialized

      at TaxFace.initialize (Backend/HBOS/Assistants/Faces/TaxFace.ts:8:9)
          at Array.forEach (<anonymous>)

    console.log
      AuditFace initialized

      at AuditFace.initialize (Backend/HBOS/Assistants/Faces/AuditFace.ts:8:9)
          at Array.forEach (<anonymous>)

    console.log
      DecisionFace initialized

      at DecisionFace.initialize (Backend/HBOS/Assistants/Faces/DecisionFace.ts:8:9)
          at Array.forEach (<anonymous>)

    console.log
      RiskFace initialized

      at RiskFace.initialize (Backend/HBOS/Assistants/Faces/RiskFace.ts:8:9)
          at Array.forEach (<anonymous>)

    console.log
      StrategyFace initialized

      at StrategyFace.initialize (Backend/HBOS/Assistants/Faces/StrategyFace.ts:8:9)
          at Array.forEach (<anonymous>)

    console.log
      OperationsFace initialized

      at OperationsFace.initialize (Backend/HBOS/Assistants/Faces/OperationsFace.ts:8:9)
          at Array.forEach (<anonymous>)

    console.log
      KnowledgeFace initialized

      at KnowledgeFace.initialize (Backend/HBOS/Assistants/Faces/KnowledgeFace.ts:8:9)
          at Array.forEach (<anonymous>)

    console.log
      AssistantFace initialized

      at AssistantFace.initialize (Backend/HBOS/Assistants/Faces/AssistantFace.ts:8:9)
          at Array.forEach (<anonymous>)

    console.log
      AutonomousFace initialized

      at AutonomousFace.initialize (Backend/HBOS/Assistants/Faces/AutonomousFace.ts:8:9)
          at Array.forEach (<anonymous>)

PASS Backend/HBOS/test/PythonReasoningAdapter.test.ts
PASS Backend/HBOS/test/ReasoningEngine.test.ts
PASS Backend/HBOS/test/BuilderReportGenerator.test.ts
PASS Backend/HBOS/test/BuilderProjectConnector.test.ts
PASS Backend/HBOS/test/BuilderPipeline.test.ts
PASS Backend/HBOS/test/BuilderDecisionAdapter.test.ts
PASS Backend/HBOS/test/OrganizationalIntelligenceEngine.test.ts
PASS Backend/HBOS/test/Reaction.test.ts
PASS Backend/HBOS/test/BuilderMemoryConnector.test.ts
PASS Backend/HBOS/Autonomous/RepairEngine/AutonomousRepairIntegration.test.ts
PASS Backend/HBOS/Autonomous/RepairEngine/AutonomousPatchExecutor.test.ts
PASS Backend/HBOS/test/BuilderActionExecutor.test.ts
PASS Backend/HBOS/test/ChiefEngineerController.test.ts
PASS Backend/HBOS/test/BuilderAutonomousController.test.ts
PASS Backend/HBOS/test/Decision.test.ts
PASS Backend/HBOS/test/SecurityLayerEngine.test.ts
PASS Backend/HBOS/test/BuilderEventBus.test.ts
PASS Backend/HBOS/test/Autonomous.test.ts
PASS Backend/HBOS/test/BuilderApprovalManager.test.ts
PASS Backend/HBOS/test/AutonomousOperatingSystem.test.ts
PASS Backend/HBOS/Autonomous/RepairEngine/AutonomousRepairEngine.test.ts
PASS Backend/HBOS/test/BuilderAnalyzer.test.ts
PASS Backend/HBOS/test/AutonomousChiefEngineer.test.ts
PASS Backend/HBOS/Autonomous/Repair/AutonomousRepairAgent.test.ts
PASS Backend/HBOS/test/BuilderLifecycleManager.test.ts
PASS Backend/HBOS/Autonomous/Runtime/AutonomousContinuationContract.test.ts
PASS Backend/HBOS/test/BuilderLearningLoop.test.ts
PASS Backend/HBOS/test/DecisionIntelligenceEngine.test.ts
  ● Console

    console.log
      DecisionIntelligenceEngine Started

      at DecisionIntelligenceEngine.initialize (Backend/HBOS/Engines/DecisionIntelligenceEngine.ts:88:17)

PASS Backend/HBOS/test/AutonomousPlatform.test.ts
PASS Backend/HBOS/test/BuilderEngine.test.ts
  ● Console

    console.log
      Building HooshyarOS

      at BuilderEngine.build (Backend/HBOS/Builder/Core/BuilderEngine.ts:17:17)

PASS Backend/HBOS/test/AutonomousAssistant.test.ts
  ● Console

    console.log
      Memory Engine Started

      at MemoryEngine.initialize (Backend/HBOS/Engines/MemoryEngine.ts:22:17)

    console.log
      BuilderEngine Started

      at BuilderEngine.initialize (Backend/HBOS/Builder/Core/BuilderEngine.ts:5:17)

PASS Backend/HBOS/test/TestAIEngine.test.ts
PASS Backend/HBOS/test/HBOS.test.ts
  ● Console

    console.log
      Memory Engine Started

      at MemoryEngine.initialize (Backend/HBOS/Engines/MemoryEngine.ts:22:17)
          at Array.forEach (<anonymous>)

    console.log
      Reaction Engine Started

      at ReactionEngine.initialize (Backend/HBOS/Engines/ReactionEngine.ts:9:17)
          at Array.forEach (<anonymous>)

    console.log
      Decision Engine Started

      at DecisionEngine.initialize (Backend/HBOS/Engines/DecisionEngine.ts:14:17)
          at Array.forEach (<anonymous>)

    console.log
      Project Pilot Engine Started

      at ProjectPilotEngine.initialize (Backend/HBOS/Engines/ProjectPilotEngine.ts:41:17)
          at Array.forEach (<anonymous>)

    console.log
      Knowledge Engine Started

      at KnowledgeEngine.initialize (Backend/HBOS/Engines/KnowledgeEngine.ts:22:17)
          at Array.forEach (<anonymous>)

    console.log
      Assistant Engine Started

      at AssistantEngine.initialize (Backend/HBOS/Engines/AssistantEngine.ts:51:17)
          at Array.forEach (<anonymous>)

    console.log
      Intelligence Engine Started

      at IntelligenceEngine.initialize (Backend/HBOS/Engines/IntelligenceEngine.ts:50:17)
          at Array.forEach (<anonymous>)

    console.log
      ReasoningEngine Started

      at ReasoningEngine.initialize (Backend/HBOS/Engines/ReasoningEngine.ts:110:17)
          at Array.forEach (<anonymous>)

    console.log
      Governance Engine Started

      at GovernanceEngine.initialize (Backend/HBOS/Engines/GovernanceEngine.ts:140:17)
          at Array.forEach (<anonymous>)

    console.log
      Memory Engine Started

      at MemoryEngine.initialize (Backend/HBOS/Engines/MemoryEngine.ts:22:17)
          at Array.forEach (<anonymous>)

    console.log
      Memory Engine Started

      at MemoryEngine.initialize (Backend/HBOS/Engines/MemoryEngine.ts:22:17)
          at Array.forEach (<anonymous>)

    console.log
      Knowledge Engine Started

      at KnowledgeEngine.initialize (Backend/HBOS/Engines/KnowledgeEngine.ts:22:17)
          at Array.forEach (<anonymous>)

    console.log
      Project Pilot Engine Started

      at ProjectPilotEngine.initialize (Backend/HBOS/Engines/ProjectPilotEngine.ts:41:17)
          at Array.forEach (<anonymous>)

    console.log
      ReasoningEngine Started

      at ReasoningEngine.initialize (Backend/HBOS/Engines/ReasoningEngine.ts:110:17)
          at Array.forEach (<anonymous>)

    console.log
      OrganizationalIntelligenceEngine Started

      at OrganizationalIntelligenceEngine.initialize (Backend/HBOS/Engines/OrganizationalIntelligenceEngine.ts:132:17)
          at Array.forEach (<anonymous>)

    console.log
      Governance Engine Started

      at GovernanceEngine.initialize (Backend/HBOS/Engines/GovernanceEngine.ts:140:17)
          at Array.forEach (<anonymous>)

    console.log
      ExecutiveIntelligenceEngine Started

      at ExecutiveIntelligenceEngine.initialize (Backend/HBOS/Engines/ExecutiveIntelligenceEngine.ts:152:17)
          at Array.forEach (<anonymous>)

    console.log
      Memory Engine Started

      at MemoryEngine.initialize (Backend/HBOS/Engines/MemoryEngine.ts:22:17)
          at Array.forEach (<anonymous>)

    console.log
      Knowledge Engine Started

      at KnowledgeEngine.initialize (Backend/HBOS/Engines/KnowledgeEngine.ts:22:17)
          at Array.forEach (<anonymous>)

    console.log
      Project Pilot Engine Started

      at ProjectPilotEngine.initialize (Backend/HBOS/Engines/ProjectPilotEngine.ts:41:17)
          at Array.forEach (<anonymous>)

    console.log
      ReasoningEngine Started

      at ReasoningEngine.initialize (Backend/HBOS/Engines/ReasoningEngine.ts:110:17)
          at Array.forEach (<anonymous>)

    console.log
      OrganizationalIntelligenceEngine Started

      at OrganizationalIntelligenceEngine.initialize (Backend/HBOS/Engines/OrganizationalIntelligenceEngine.ts:132:17)
          at Array.forEach (<anonymous>)

    console.log
      Decision Engine Started

      at DecisionEngine.initialize (Backend/HBOS/Engines/DecisionEngine.ts:14:17)
          at Array.forEach (<anonymous>)

    console.log
      Project Pilot Engine Started

      at ProjectPilotEngine.initialize (Backend/HBOS/Engines/ProjectPilotEngine.ts:41:17)
          at Array.forEach (<anonymous>)

    console.log
      Governance Engine Started

      at GovernanceEngine.initialize (Backend/HBOS/Engines/GovernanceEngine.ts:140:17)
          at Array.forEach (<anonymous>)

    console.log
      AutonomousOperationsEngine Started

      at AutonomousOperationsEngine.initialize (Backend/HBOS/Engines/AutonomousOperationsEngine.ts:152:17)
          at Array.forEach (<anonymous>)

    console.log
      [Reaction] HBOS_BOOT | HBOS platform initialized | HBOS

      at ReactionEngine.react (Backend/HBOS/Engines/ReactionEngine.ts:21:17)

PASS Backend/HBOS/test/ProductionSecurityEvidence.test.ts (20.963 s)
A worker process has failed to exit gracefully and has been force exited. This is likely caused by tests leaking due 
to improper teardown. Try running with --detectOpenHandles to find leaks. Active timers can also cause this, ensure 
that .unref() was called on them.

Summary of all failing tests
FAIL Backend/HBOS/test/FinancialReportRuntime.test.ts (22.718 s)
  ● financial report ingestion — runtime HTTP › assistant receives the verified statement context and the report 
carries it

    thrown: "Exceeded timeout of 5000 ms for a test.
    Add a timeout value to this test to increase the timeout, if this is a long-running test. See 
https://jestjs.io/docs/api#testname-fn-timeout."

    [0m [90m 185 |[39m   })[33m;[39m
     [90m 186 |[39m
    [31m[1m>[22m[39m[90m 187 |[39m   test([32m"assistant receives the verified statement context and the report 
carries it"[39m[33m,[39m [36masync[39m () [33m=>[39m {
     [90m     |[39m   [31m[1m^[22m[39m
     [90m 188 |[39m     [36mconst[39m cookie [33m=[39m [36mawait[39m 
register([32m"assistant-owner"[39m[33m,[39m [32m"Assistant Org"[39m)[33m;[39m
     [90m 189 |[39m     [36mconst[39m bytes [33m=[39m [36mawait[39m buildStatementWorkbook()[33m;[39m
     [90m 190 |[39m     [36mconst[39m ingested [33m=[39m [36mawait[39m 
request([32m"/api/ingest"[39m[33m,[39m {[0m

      at Backend/HBOS/test/FinancialReportRuntime.test.ts:187:3
      at Object.<anonymous> (Backend/HBOS/test/FinancialReportRuntime.test.ts:57:1)

FAIL Backend/HBOS/test/OcrAdapter.test.ts (16.245 s)
  ● OcrAdapter (Stage 08-IMG.2) › optional dependency boundary (fail closed) › recognize fails closed with a real 
recognition error on an unreadable image (no fake text)

    thrown: "Exceeded timeout of 5000 ms for a test.
    Add a timeout value to this test to increase the timeout, if this is a long-running test. See 
https://jestjs.io/docs/api#testname-fn-timeout."

    [0m [90m 125 |[39m     })[33m;[39m
     [90m 126 |[39m
    [31m[1m>[22m[39m[90m 127 |[39m     test([32m"recognize fails closed with a real recognition error on an 
unreadable image (no fake text)"[39m[33m,[39m [36masync[39m () [33m=>[39m {
     [90m     |[39m     [31m[1m^[22m[39m
     [90m 128 |[39m       [90m// The OCR provider is admitted and installed, so the honest fail-closed[39m
     [90m 129 |[39m       [90m// boundary is now a real recognition failure — never fabricated text.[39m
     [90m 130 |[39m       [36mconst[39m adapter [33m=[39m [36mnew[39m 
[33mTesseractOcrAdapter[39m()[33m;[39m[0m

      at Backend/HBOS/test/OcrAdapter.test.ts:127:5
      at Backend/HBOS/test/OcrAdapter.test.ts:108:3
      at Object.<anonymous> (Backend/HBOS/test/OcrAdapter.test.ts:33:1)


Test Suites: 2 failed, 298 passed, 300 total
Tests:       2 failed, 2389 passed, 2391 total
Snapshots:   0 total
Time:        769.536 s
Ran all test suites.
